path,file_name,folder_name,class_idx,class_name,binary_label,prediction,score
/Users/rashid/data/DS/AD/Cobots_Synthetic/test/unexpected_person/PLeft/normal/1751540057414289200_0000_10000010000000000.jpg,1751540057414289200_0000_10000010000000000.jpg,normal,0,normal,0,0,5.326517105102539
/Users/rashid/data/DS/AD/Cobots_Synthetic/test/unexpected_person/PLeft/normal/1751540057618711700_0001_10000010000000000.jpg,1751540057618711700_0001_10000010000000000.jpg,normal,0,normal,0,0,5.326517105102539
/Users/rashid/data/DS/AD/Cobots_Synthetic/test/unexpected_person/PLeft/normal/1751540057814921500_0002_10000010000000000.jpg,1751540057814921500_0002_10000010000000000.jpg,normal,0,normal,0,0,5.326517105102539
/Users/rashid/data/DS/AD/Cobots_Synthetic/test/unexpected_person/PLeft/normal/1751540058016968900_0003_10000010000000000.jpg,1751540058016968900_0003_10000010000000000.jpg,normal,0,normal,0,0,5.326517105102539
/Users/rashid/data/DS/AD/Cobots_Synthetic/test/unexpected_person/PLeft/normal/1751540058225298700_0004_10000010000000000.jpg,1751540058225298700_0004_10000010000000000.jpg,normal,0,normal,0,0,5.326517105102539
/Users/rashid/data/DS/AD/Cobots_Synthetic/test/unexpected_person/PLeft/normal/1751540058398410400_0005_10000010000000000.jpg,1751540058398410400_0005_10000010000000000.jpg,normal,0,normal,0,0,5.326517105102539
/Users/rashid/data/DS/AD/Cobots_Synthetic/test/unexpected_person/PLeft/normal/1751540058609105900_0006_10000010000000000.jpg,1751540058609105900_0006_10000010000000000.jpg,normal,0,normal,0,0,5.326517105102539
/Users/rashid/data/DS/AD/Cobots_Synthetic/test/unexpected_person/PLeft/normal/1751540058800234600_0007_10000010000000000.jpg,1751540058800234600_0007_10000010000000000.jpg,normal,0,normal,0,0,5.326517105102539
/Users/rashid/data/DS/AD/Cobots_Synthetic/test/unexpected_person/PLeft/normal/1751540059029175700_0008_10000010000000000.jpg,1751540059029175700_0008_10000010000000000.jpg,normal,0,normal,0,0,5.326517105102539
/Users/rashid/data/DS/AD/Cobots_Synthetic/test/unexpected_person/PLeft/normal/1751540059223283700_0009_10000010000000000.jpg,1751540059223283700_0009_10000010000000000.jpg,normal,0,normal,0,0,5.326517105102539
/Users/rashid/data/DS/AD/Cobots_Synthetic/test/unexpected_person/PLeft/normal/1751540059428055700_0010_10000010000000000.jpg,1751540059428055700_0010_10000010000000000.jpg,normal,0,normal,0,0,5.326517105102539
/Users/rashid/data/DS/AD/Cobots_Synthetic/test/unexpected_person/PLeft/normal/1751540059624847000_0011_10000010000000000.jpg,1751540059624847000_0011_10000010000000000.jpg,normal,0,normal,0,0,5.326517105102539
/Users/rashid/data/DS/AD/Cobots_Synthetic/test/unexpected_person/PLeft/normal/1751540059814505000_0012_10000010000000000.jpg,1751540059814505000_0012_10000010000000000.jpg,normal,0,normal,0,0,5.326517105102539
/Users/rashid/data/DS/AD/Cobots_Synthetic/test/unexpected_person/PLeft/normal/1751540060008506100_0013_10000010000000000.jpg,1751540060008506100_0013_10000010000000000.jpg,normal,0,normal,0,0,5.326517105102539
/Users/rashid/data/DS/AD/Cobots_Synthetic/test/unexpected_person/PLeft/normal/1751540060214856900_0014_10000010000000000.jpg,1751540060214856900_0014_10000010000000000.jpg,normal,0,normal,0,0,5.326517105102539
/Users/rashid/data/DS/AD/Cobots_Synthetic/test/unexpected_person/PLeft/normal/1751540060409564000_0015_10000010000000000.jpg,1751540060409564000_0015_10000010000000000.jpg,normal,0,normal,0,0,5.326517105102539
/Users/rashid/data/DS/AD/Cobots_Synthetic/test/unexpected_person/PLeft/normal/1751540060643014300_0016_10000010000000000.jpg,1751540060643014300_0016_10000010000000000.jpg,normal,0,normal,0,0,5.326517105102539
/Users/rashid/data/DS/AD/Cobots_Synthetic/test/unexpected_person/PLeft/normal/1751540060816759600_0017_10000010000000000.jpg,1751540060816759600_0017_10000010000000000.jpg,normal,0,normal,0,0,5.326517105102539
/Users/rashid/data/DS/AD/Cobots_Synthetic/test/unexpected_person/PLeft/normal/1751540061010172600_0018_10000010000000000.jpg,1751540061010172600_0018_10000010000000000.jpg,normal,0,normal,0,0,5.326517105102539
/Users/rashid/data/DS/AD/Cobots_Synthetic/test/unexpected_person/PLeft/normal/1751540061220476200_0019_10000010000000000.jpg,1751540061220476200_0019_10000010000000000.jpg,normal,0,normal,0,0,5.326517105102539
/Users/rashid/data/DS/AD/Cobots_Synthetic/test/unexpected_person/PLeft/normal/1751540061432064900_0020_10000010000000000.jpg,1751540061432064900_0020_10000010000000000.jpg,normal,0,normal,0,0,5.326517105102539
/Users/rashid/data/DS/AD/Cobots_Synthetic/test/unexpected_person/PLeft/normal/1751540061614705100_0021_10000010000000000.jpg,1751540061614705100_0021_10000010000000000.jpg,normal,0,normal,0,0,5.326517105102539
/Users/rashid/data/DS/AD/Cobots_Synthetic/test/unexpected_person/PLeft/normal/1751540061805328200_0022_10000010000000000.jpg,1751540061805328200_0022_10000010000000000.jpg,normal,0,normal,0,0,5.326517105102539
/Users/rashid/data/DS/AD/Cobots_Synthetic/test/unexpected_person/PLeft/normal/1751540062011394200_0023_10000010000000000.jpg,1751540062011394200_0023_10000010000000000.jpg,normal,0,normal,0,0,5.326517105102539
/Users/rashid/data/DS/AD/Cobots_Synthetic/test/unexpected_person/PLeft/normal/1751540062229871900_0024_10000010000000000.jpg,1751540062229871900_0024_10000010000000000.jpg,normal,0,normal,0,0,5.326517105102539
/Users/rashid/data/DS/AD/Cobots_Synthetic/test/unexpected_person/PLeft/normal/1751540062408105100_0025_10000010000000000.jpg,1751540062408105100_0025_10000010000000000.jpg,normal,0,normal,0,0,5.326517105102539
/Users/rashid/data/DS/AD/Cobots_Synthetic/test/unexpected_person/PLeft/normal/1751540062616509200_0026_10000010000000000.jpg,1751540062616509200_0026_10000010000000000.jpg,normal,0,normal,0,0,5.326517105102539
/Users/rashid/data/DS/AD/Cobots_Synthetic/test/unexpected_person/PLeft/normal/1751540062846659400_0027_10000010000000000.jpg,1751540062846659400_0027_10000010000000000.jpg,normal,0,normal,0,0,5.326517105102539
/Users/rashid/data/DS/AD/Cobots_Synthetic/test/unexpected_person/PLeft/normal/1751540063025233400_0028_10000010000000000.jpg,1751540063025233400_0028_10000010000000000.jpg,normal,0,normal,0,0,5.326517105102539
/Users/rashid/data/DS/AD/Cobots_Synthetic/test/unexpected_person/PLeft/normal/1751540063227463300_0029_10000010000000000.jpg,1751540063227463300_0029_10000010000000000.jpg,normal,0,normal,0,0,5.326517105102539
/Users/rashid/data/DS/AD/Cobots_Synthetic/test/unexpected_person/PLeft/normal/1751540063409902400_0030_10000010000000000.jpg,1751540063409902400_0030_10000010000000000.jpg,normal,0,normal,0,0,5.326517105102539
/Users/rashid/data/DS/AD/Cobots_Synthetic/test/unexpected_person/PLeft/normal/1751540063629517800_0031_10000010000000000.jpg,1751540063629517800_0031_10000010000000000.jpg,normal,0,normal,0,0,5.326517105102539
/Users/rashid/data/DS/AD/Cobots_Synthetic/test/unexpected_person/PLeft/normal/1751540063831001500_0032_10000010000000000.jpg,1751540063831001500_0032_10000010000000000.jpg,normal,0,normal,0,0,5.326517105102539
/Users/rashid/data/DS/AD/Cobots_Synthetic/test/unexpected_person/PLeft/normal/1751540064008411400_0033_10000010000000000.jpg,1751540064008411400_0033_10000010000000000.jpg,normal,0,normal,0,0,5.326517105102539
/Users/rashid/data/DS/AD/Cobots_Synthetic/test/unexpected_person/PLeft/normal/1751540064226657500_0034_10000010000000000.jpg,1751540064226657500_0034_10000010000000000.jpg,normal,0,normal,0,0,5.326517105102539
/Users/rashid/data/DS/AD/Cobots_Synthetic/test/unexpected_person/PLeft/normal/1751540064431200100_0035_10000010000000000.jpg,1751540064431200100_0035_10000010000000000.jpg,normal,0,normal,0,0,5.326517105102539
/Users/rashid/data/DS/AD/Cobots_Synthetic/test/unexpected_person/PLeft/normal/1751540064609455100_0036_10000010000000000.jpg,1751540064609455100_0036_10000010000000000.jpg,normal,0,normal,0,0,5.326517105102539
/Users/rashid/data/DS/AD/Cobots_Synthetic/test/unexpected_person/PLeft/normal/1751540064824873200_0037_10000010000000000.jpg,1751540064824873200_0037_10000010000000000.jpg,normal,0,normal,0,0,5.326517105102539
/Users/rashid/data/DS/AD/Cobots_Synthetic/test/unexpected_person/PLeft/normal/1751540065006720100_0038_10000010000000000.jpg,1751540065006720100_0038_10000010000000000.jpg,normal,0,normal,0,0,5.326517105102539
/Users/rashid/data/DS/AD/Cobots_Synthetic/test/unexpected_person/PLeft/normal/1751540065230068400_0039_10000010000000000.jpg,1751540065230068400_0039_10000010000000000.jpg,normal,0,normal,0,0,5.326517105102539
/Users/rashid/data/DS/AD/Cobots_Synthetic/test/unexpected_person/PLeft/normal/1751540065417108100_0040_10000010000000000.jpg,1751540065417108100_0040_10000010000000000.jpg,normal,0,normal,0,0,5.326517105102539
/Users/rashid/data/DS/AD/Cobots_Synthetic/test/unexpected_person/PLeft/normal/1751540065613711300_0041_10000010000000000.jpg,1751540065613711300_0041_10000010000000000.jpg,normal,0,normal,0,0,5.326517105102539
/Users/rashid/data/DS/AD/Cobots_Synthetic/test/unexpected_person/PLeft/normal/1751540065813186400_0042_10000010000000000.jpg,1751540065813186400_0042_10000010000000000.jpg,normal,0,normal,0,0,5.326517105102539
/Users/rashid/data/DS/AD/Cobots_Synthetic/test/unexpected_person/PLeft/normal/1751540066031534900_0043_10000010000000000.jpg,1751540066031534900_0043_10000010000000000.jpg,normal,0,normal,0,0,5.326517105102539
/Users/rashid/data/DS/AD/Cobots_Synthetic/test/unexpected_person/PLeft/normal/1751540066212945000_0044_10000010000000000.jpg,1751540066212945000_0044_10000010000000000.jpg,normal,0,normal,0,0,5.326517105102539
/Users/rashid/data/DS/AD/Cobots_Synthetic/test/unexpected_person/PLeft/normal/1751540066418733500_0045_10000010000000000.jpg,1751540066418733500_0045_10000010000000000.jpg,normal,0,normal,0,0,5.326517105102539
/Users/rashid/data/DS/AD/Cobots_Synthetic/test/unexpected_person/PLeft/normal/1751540066615588600_0046_10000010000000000.jpg,1751540066615588600_0046_10000010000000000.jpg,normal,0,normal,0,0,5.326517105102539
/Users/rashid/data/DS/AD/Cobots_Synthetic/test/unexpected_person/PLeft/normal/1751540066829676500_0047_10000010000000000.jpg,1751540066829676500_0047_10000010000000000.jpg,normal,0,normal,0,0,5.326517105102539
/Users/rashid/data/DS/AD/Cobots_Synthetic/test/unexpected_person/PLeft/normal/1751540067011627300_0048_10000010000000000.jpg,1751540067011627300_0048_10000010000000000.jpg,normal,0,normal,0,0,5.326517105102539
/Users/rashid/data/DS/AD/Cobots_Synthetic/test/unexpected_person/PLeft/normal/1751540067218446700_0049_10000010000000000.jpg,1751540067218446700_0049_10000010000000000.jpg,normal,0,normal,0,0,5.326517105102539
/Users/rashid/data/DS/AD/Cobots_Synthetic/test/unexpected_person/PLeft/normal/1751540067409234000_0050_10000010000000000.jpg,1751540067409234000_0050_10000010000000000.jpg,normal,0,normal,0,0,5.326517105102539
/Users/rashid/data/DS/AD/Cobots_Synthetic/test/unexpected_person/PLeft/normal/1751540067620482300_0051_10000010000000000.jpg,1751540067620482300_0051_10000010000000000.jpg,normal,0,normal,0,0,5.326517105102539
/Users/rashid/data/DS/AD/Cobots_Synthetic/test/unexpected_person/PLeft/normal/1751540067811356500_0052_10000010000000000.jpg,1751540067811356500_0052_10000010000000000.jpg,normal,0,normal,0,0,5.326517105102539
/Users/rashid/data/DS/AD/Cobots_Synthetic/test/unexpected_person/PLeft/normal/1751540068016981300_0053_10000010000000000.jpg,1751540068016981300_0053_10000010000000000.jpg,normal,0,normal,0,0,5.326517105102539
/Users/rashid/data/DS/AD/Cobots_Synthetic/test/unexpected_person/PLeft/normal/1751540068211591200_0054_10000010000000000.jpg,1751540068211591200_0054_10000010000000000.jpg,normal,0,normal,0,0,5.326517105102539
/Users/rashid/data/DS/AD/Cobots_Synthetic/test/unexpected_person/PLeft/normal/1751540068418866800_0055_10000010000000000.jpg,1751540068418866800_0055_10000010000000000.jpg,normal,0,normal,0,0,5.326517105102539
/Users/rashid/data/DS/AD/Cobots_Synthetic/test/unexpected_person/PLeft/normal/1751540068600448400_0056_10000010000000000.jpg,1751540068600448400_0056_10000010000000000.jpg,normal,0,normal,0,0,5.326517105102539
/Users/rashid/data/DS/AD/Cobots_Synthetic/test/unexpected_person/PLeft/normal/1751540068808829600_0057_10000010000000000.jpg,1751540068808829600_0057_10000010000000000.jpg,normal,0,normal,0,0,5.326517105102539
/Users/rashid/data/DS/AD/Cobots_Synthetic/test/unexpected_person/PLeft/normal/1751540069014418600_0058_10000010000000000.jpg,1751540069014418600_0058_10000010000000000.jpg,normal,0,normal,0,0,5.326517105102539
/Users/rashid/data/DS/AD/Cobots_Synthetic/test/unexpected_person/PLeft/normal/1751540069218858500_0059_10000010000000000.jpg,1751540069218858500_0059_10000010000000000.jpg,normal,0,normal,0,0,5.326517105102539
/Users/rashid/data/DS/AD/Cobots_Synthetic/test/unexpected_person/PLeft/normal/1751540069435662100_0060_10000010000000000.jpg,1751540069435662100_0060_10000010000000000.jpg,normal,0,normal,0,0,5.326517105102539
/Users/rashid/data/DS/AD/Cobots_Synthetic/test/unexpected_person/PLeft/normal/1751540069593066600_0061_10000010000000000.jpg,1751540069593066600_0061_10000010000000000.jpg,normal,0,normal,0,0,5.326517105102539
/Users/rashid/data/DS/AD/Cobots_Synthetic/test/unexpected_person/PLeft/normal/1751540069817688100_0062_10000010000000000.jpg,1751540069817688100_0062_10000010000000000.jpg,normal,0,normal,0,0,5.326517105102539
/Users/rashid/data/DS/AD/Cobots_Synthetic/test/unexpected_person/PLeft/normal/1751540070011834700_0063_10000010000000000.jpg,1751540070011834700_0063_10000010000000000.jpg,normal,0,normal,0,0,5.326517105102539
/Users/rashid/data/DS/AD/Cobots_Synthetic/test/unexpected_person/PLeft/normal/1751540070226830200_0064_10000010000000000.jpg,1751540070226830200_0064_10000010000000000.jpg,normal,0,normal,0,0,5.326517105102539
/Users/rashid/data/DS/AD/Cobots_Synthetic/test/unexpected_person/PLeft/normal/1751540070415474500_0065_10000010000000000.jpg,1751540070415474500_0065_10000010000000000.jpg,normal,0,normal,0,0,5.326517105102539
/Users/rashid/data/DS/AD/Cobots_Synthetic/test/unexpected_person/PLeft/normal/1751540070629156400_0066_10000010000000000.jpg,1751540070629156400_0066_10000010000000000.jpg,normal,0,normal,0,0,5.326517105102539
/Users/rashid/data/DS/AD/Cobots_Synthetic/test/unexpected_person/PLeft/normal/1751540070819923500_0067_10000010000000000.jpg,1751540070819923500_0067_10000010000000000.jpg,normal,0,normal,0,0,5.326517105102539
/Users/rashid/data/DS/AD/Cobots_Synthetic/test/unexpected_person/PLeft/normal/1751540071012369900_0068_10000010000000000.jpg,1751540071012369900_0068_10000010000000000.jpg,normal,0,normal,0,0,5.326517105102539
/Users/rashid/data/DS/AD/Cobots_Synthetic/test/unexpected_person/PLeft/normal/1751540071200797900_0069_10000010000000000.jpg,1751540071200797900_0069_10000010000000000.jpg,normal,0,normal,0,0,5.326517105102539
/Users/rashid/data/DS/AD/Cobots_Synthetic/test/unexpected_person/PLeft/normal/1751540071417486100_0070_10000010000000000.jpg,1751540071417486100_0070_10000010000000000.jpg,normal,0,normal,0,0,5.326517105102539
/Users/rashid/data/DS/AD/Cobots_Synthetic/test/unexpected_person/PLeft/normal/1751540071616224700_0071_10000010000000000.jpg,1751540071616224700_0071_10000010000000000.jpg,normal,0,normal,0,0,5.326517105102539
/Users/rashid/data/DS/AD/Cobots_Synthetic/test/unexpected_person/PLeft/normal/1751540071822563200_0072_10000010000000000.jpg,1751540071822563200_0072_10000010000000000.jpg,normal,0,normal,0,0,5.326517105102539
/Users/rashid/data/DS/AD/Cobots_Synthetic/test/unexpected_person/PLeft/normal/1751540072018330400_0073_10000010000000000.jpg,1751540072018330400_0073_10000010000000000.jpg,normal,0,normal,0,0,5.326517105102539
/Users/rashid/data/DS/AD/Cobots_Synthetic/test/unexpected_person/PLeft/normal/1751540072232651200_0074_10000010000000000.jpg,1751540072232651200_0074_10000010000000000.jpg,normal,0,normal,0,0,5.326517105102539
/Users/rashid/data/DS/AD/Cobots_Synthetic/test/unexpected_person/PLeft/normal/1751540072430321900_0075_10000010000000000.jpg,1751540072430321900_0075_10000010000000000.jpg,normal,0,normal,0,0,5.326517105102539
/Users/rashid/data/DS/AD/Cobots_Synthetic/test/unexpected_person/PLeft/normal/1751540072600620100_0076_10000010000000000.jpg,1751540072600620100_0076_10000010000000000.jpg,normal,0,normal,0,0,5.326517105102539
/Users/rashid/data/DS/AD/Cobots_Synthetic/test/unexpected_person/PLeft/normal/1751540072826874700_0077_10000010000000000.jpg,1751540072826874700_0077_10000010000000000.jpg,normal,0,normal,0,0,5.326517105102539
/Users/rashid/data/DS/AD/Cobots_Synthetic/test/unexpected_person/PLeft/normal/1751540073014299200_0078_10000010000000000.jpg,1751540073014299200_0078_10000010000000000.jpg,normal,0,normal,0,0,5.326517105102539
/Users/rashid/data/DS/AD/Cobots_Synthetic/test/unexpected_person/PLeft/normal/1751540073211750900_0079_10000010000000000.jpg,1751540073211750900_0079_10000010000000000.jpg,normal,0,normal,0,0,5.326517105102539
/Users/rashid/data/DS/AD/Cobots_Synthetic/test/unexpected_person/PLeft/normal/1751540073418039600_0080_10000010000000000.jpg,1751540073418039600_0080_10000010000000000.jpg,normal,0,normal,0,0,5.326517105102539
/Users/rashid/data/DS/AD/Cobots_Synthetic/test/unexpected_person/PLeft/normal/1751540073623345100_0081_10000010000000000.jpg,1751540073623345100_0081_10000010000000000.jpg,normal,0,normal,0,0,5.326517105102539
/Users/rashid/data/DS/AD/Cobots_Synthetic/test/unexpected_person/PLeft/normal/1751540073821196600_0082_10000010000000000.jpg,1751540073821196600_0082_10000010000000000.jpg,normal,0,normal,0,0,5.326517105102539
/Users/rashid/data/DS/AD/Cobots_Synthetic/test/unexpected_person/PLeft/normal/1751540074020293500_0083_10000010000000000.jpg,1751540074020293500_0083_10000010000000000.jpg,normal,0,normal,0,0,5.326517105102539
/Users/rashid/data/DS/AD/Cobots_Synthetic/test/unexpected_person/PLeft/normal/1751540074219812800_0084_10000010000000000.jpg,1751540074219812800_0084_10000010000000000.jpg,normal,0,normal,0,0,5.326517105102539
/Users/rashid/data/DS/AD/Cobots_Synthetic/test/unexpected_person/PLeft/normal/1751540074410221400_0085_10000010000000000.jpg,1751540074410221400_0085_10000010000000000.jpg,normal,0,normal,0,0,5.326517105102539
/Users/rashid/data/DS/AD/Cobots_Synthetic/test/unexpected_person/PLeft/normal/1751540074597307000_0086_10000010000000000.jpg,1751540074597307000_0086_10000010000000000.jpg,normal,0,normal,0,0,5.326517105102539
/Users/rashid/data/DS/AD/Cobots_Synthetic/test/unexpected_person/PLeft/normal/1751540074819475700_0087_10000010000000000.jpg,1751540074819475700_0087_10000010000000000.jpg,normal,0,normal,0,0,5.326517105102539
/Users/rashid/data/DS/AD/Cobots_Synthetic/test/unexpected_person/PLeft/normal/1751540075025129300_0088_10000010000000000.jpg,1751540075025129300_0088_10000010000000000.jpg,normal,0,normal,0,0,5.326517105102539
/Users/rashid/data/DS/AD/Cobots_Synthetic/test/unexpected_person/PLeft/normal/1751540075218744200_0089_10000010000000000.jpg,1751540075218744200_0089_10000010000000000.jpg,normal,0,normal,0,0,5.326517105102539
/Users/rashid/data/DS/AD/Cobots_Synthetic/test/unexpected_person/PLeft/normal/1751540075422193800_0090_10000010000000000.jpg,1751540075422193800_0090_10000010000000000.jpg,normal,0,normal,0,0,5.326517105102539
/Users/rashid/data/DS/AD/Cobots_Synthetic/test/unexpected_person/PLeft/normal/1751540075614419000_0091_10000010000000000.jpg,1751540075614419000_0091_10000010000000000.jpg,normal,0,normal,0,0,5.326517105102539
/Users/rashid/data/DS/AD/Cobots_Synthetic/test/unexpected_person/PLeft/normal/1751540075827444800_0092_10000010000000000.jpg,1751540075827444800_0092_10000010000000000.jpg,normal,0,normal,0,0,5.326517105102539
/Users/rashid/data/DS/AD/Cobots_Synthetic/test/unexpected_person/PLeft/normal/1751540076017924800_0093_10000010000000000.jpg,1751540076017924800_0093_10000010000000000.jpg,normal,0,normal,0,0,5.326517105102539
/Users/rashid/data/DS/AD/Cobots_Synthetic/test/unexpected_person/PLeft/normal/1751540076218560700_0094_10000010000000000.jpg,1751540076218560700_0094_10000010000000000.jpg,normal,0,normal,0,0,5.326517105102539
/Users/rashid/data/DS/AD/Cobots_Synthetic/test/unexpected_person/PLeft/normal/1751540076419520100_0095_10000010000000000.jpg,1751540076419520100_0095_10000010000000000.jpg,normal,0,normal,0,0,5.326517105102539
/Users/rashid/data/DS/AD/Cobots_Synthetic/test/unexpected_person/PLeft/normal/1751540076641193400_0096_10000010000000000.jpg,1751540076641193400_0096_10000010000000000.jpg,normal,0,normal,0,0,5.326517105102539
/Users/rashid/data/DS/AD/Cobots_Synthetic/test/unexpected_person/PLeft/normal/1751540076844427600_0097_10000010000000000.jpg,1751540076844427600_0097_10000010000000000.jpg,normal,0,normal,0,0,5.326517105102539
/Users/rashid/data/DS/AD/Cobots_Synthetic/test/unexpected_person/PLeft/normal/1751540077018988200_0098_10000010000000000.jpg,1751540077018988200_0098_10000010000000000.jpg,normal,0,normal,0,0,5.326517105102539
/Users/rashid/data/DS/AD/Cobots_Synthetic/test/unexpected_person/PLeft/normal/1751540077224482800_0099_10000010000000000.jpg,1751540077224482800_0099_10000010000000000.jpg,normal,0,normal,0,0,5.326517105102539
/Users/rashid/data/DS/AD/Cobots_Synthetic/test/unexpected_person/PLeft/normal/1751540077432627900_0100_10000010000000000.jpg,1751540077432627900_0100_10000010000000000.jpg,normal,0,normal,0,0,5.326517105102539
/Users/rashid/data/DS/AD/Cobots_Synthetic/test/unexpected_person/PLeft/normal/1751540077621191200_0101_10000010000000000.jpg,1751540077621191200_0101_10000010000000000.jpg,normal,0,normal,0,0,5.326517105102539
/Users/rashid/data/DS/AD/Cobots_Synthetic/test/unexpected_person/PLeft/normal/1751540077831599700_0102_10000010000000000.jpg,1751540077831599700_0102_10000010000000000.jpg,normal,0,normal,0,0,5.326517105102539
/Users/rashid/data/DS/AD/Cobots_Synthetic/test/unexpected_person/PLeft/normal/1751540078013884800_0103_10000010000000000.jpg,1751540078013884800_0103_10000010000000000.jpg,normal,0,normal,0,0,5.326517105102539
/Users/rashid/data/DS/AD/Cobots_Synthetic/test/unexpected_person/PLeft/normal/1751540078226313200_0104_10000010000000000.jpg,1751540078226313200_0104_10000010000000000.jpg,normal,0,normal,0,0,5.326517105102539
/Users/rashid/data/DS/AD/Cobots_Synthetic/test/unexpected_person/PLeft/normal/1751540078417382700_0105_10000010000000000.jpg,1751540078417382700_0105_10000010000000000.jpg,normal,0,normal,0,0,5.326517105102539
/Users/rashid/data/DS/AD/Cobots_Synthetic/test/unexpected_person/PLeft/normal/1751540078610384600_0106_10000010000000000.jpg,1751540078610384600_0106_10000010000000000.jpg,normal,0,normal,0,0,5.326517105102539
/Users/rashid/data/DS/AD/Cobots_Synthetic/test/unexpected_person/PLeft/normal/1751540078831372100_0107_10000010000000000.jpg,1751540078831372100_0107_10000010000000000.jpg,normal,0,normal,0,0,5.326517105102539
/Users/rashid/data/DS/AD/Cobots_Synthetic/test/unexpected_person/PLeft/normal/1751540079062027800_0108_10000010000000000.jpg,1751540079062027800_0108_10000010000000000.jpg,normal,0,normal,0,0,5.326517105102539
/Users/rashid/data/DS/AD/Cobots_Synthetic/test/unexpected_person/PLeft/normal/1751540079428532400_0109_10000010000000000.jpg,1751540079428532400_0109_10000010000000000.jpg,normal,0,normal,0,0,5.326517105102539
/Users/rashid/data/DS/AD/Cobots_Synthetic/test/unexpected_person/PLeft/normal/1751540079625744000_0110_10000010000000000.jpg,1751540079625744000_0110_10000010000000000.jpg,normal,0,normal,0,0,5.326517105102539
/Users/rashid/data/DS/AD/Cobots_Synthetic/test/unexpected_person/PLeft/normal/1751540079808849700_0111_10000010000000000.jpg,1751540079808849700_0111_10000010000000000.jpg,normal,0,normal,0,0,5.326517105102539
/Users/rashid/data/DS/AD/Cobots_Synthetic/test/unexpected_person/PLeft/normal/1751540080012319800_0112_10000010000000000.jpg,1751540080012319800_0112_10000010000000000.jpg,normal,0,normal,0,0,5.326517105102539
/Users/rashid/data/DS/AD/Cobots_Synthetic/test/unexpected_person/PLeft/normal/1751540080216326600_0113_10000010000000000.jpg,1751540080216326600_0113_10000010000000000.jpg,normal,0,normal,0,0,5.326517105102539
/Users/rashid/data/DS/AD/Cobots_Synthetic/test/unexpected_person/PLeft/normal/1751540080412465900_0114_10000010000000000.jpg,1751540080412465900_0114_10000010000000000.jpg,normal,0,normal,0,0,5.326517105102539
/Users/rashid/data/DS/AD/Cobots_Synthetic/test/unexpected_person/PLeft/normal/1751540080627984800_0115_10000010000000000.jpg,1751540080627984800_0115_10000010000000000.jpg,normal,0,normal,0,0,5.326517105102539
/Users/rashid/data/DS/AD/Cobots_Synthetic/test/unexpected_person/PLeft/normal/1751540080813243700_0116_10000010000000000.jpg,1751540080813243700_0116_10000010000000000.jpg,normal,0,normal,0,0,5.326517105102539
/Users/rashid/data/DS/AD/Cobots_Synthetic/test/unexpected_person/PLeft/normal/1751540081016185200_0117_10000010000000000.jpg,1751540081016185200_0117_10000010000000000.jpg,normal,0,normal,0,0,5.326517105102539
/Users/rashid/data/DS/AD/Cobots_Synthetic/test/unexpected_person/PLeft/normal/1751540081211852800_0118_10000010000000000.jpg,1751540081211852800_0118_10000010000000000.jpg,normal,0,normal,0,0,5.326517105102539
/Users/rashid/data/DS/AD/Cobots_Synthetic/test/unexpected_person/PLeft/normal/1751540081447478100_0119_10000010000000000.jpg,1751540081447478100_0119_10000010000000000.jpg,normal,0,normal,0,0,5.326517105102539
/Users/rashid/data/DS/AD/Cobots_Synthetic/test/unexpected_person/PLeft/normal/1751540081617484300_0120_10000010000000000.jpg,1751540081617484300_0120_10000010000000000.jpg,normal,0,normal,0,0,5.326517105102539
/Users/rashid/data/DS/AD/Cobots_Synthetic/test/unexpected_person/PLeft/normal/1751540081818235800_0121_10000010000000000.jpg,1751540081818235800_0121_10000010000000000.jpg,normal,0,normal,0,0,5.326517105102539
/Users/rashid/data/DS/AD/Cobots_Synthetic/test/unexpected_person/PLeft/normal/1751540082014932800_0122_10000010000000000.jpg,1751540082014932800_0122_10000010000000000.jpg,normal,0,normal,0,0,5.326517105102539
/Users/rashid/data/DS/AD/Cobots_Synthetic/test/unexpected_person/PLeft/normal/1751540082212810500_0123_10000010000000000.jpg,1751540082212810500_0123_10000010000000000.jpg,normal,0,normal,0,0,5.326517105102539
/Users/rashid/data/DS/AD/Cobots_Synthetic/test/unexpected_person/PLeft/normal/1751540082417260600_0124_10000010000000000.jpg,1751540082417260600_0124_10000010000000000.jpg,normal,0,normal,0,0,5.326517105102539
/Users/rashid/data/DS/AD/Cobots_Synthetic/test/unexpected_person/PLeft/normal/1751540082614046200_0125_10000010000000000.jpg,1751540082614046200_0125_10000010000000000.jpg,normal,0,normal,0,0,5.326517105102539
/Users/rashid/data/DS/AD/Cobots_Synthetic/test/unexpected_person/PLeft/normal/1751540082822123500_0126_10000010000000000.jpg,1751540082822123500_0126_10000010000000000.jpg,normal,0,normal,0,0,5.326517105102539
/Users/rashid/data/DS/AD/Cobots_Synthetic/test/unexpected_person/PLeft/normal/1751540083017677000_0127_10000010000000000.jpg,1751540083017677000_0127_10000010000000000.jpg,normal,0,normal,0,0,5.326517105102539
/Users/rashid/data/DS/AD/Cobots_Synthetic/test/unexpected_person/PLeft/normal/1751540083233161000_0128_10000010000000000.jpg,1751540083233161000_0128_10000010000000000.jpg,normal,0,normal,0,0,5.326517105102539
/Users/rashid/data/DS/AD/Cobots_Synthetic/test/unexpected_person/PLeft/normal/1751540083433409000_0129_10000010000000000.jpg,1751540083433409000_0129_10000010000000000.jpg,normal,0,normal,0,0,5.326517105102539
/Users/rashid/data/DS/AD/Cobots_Synthetic/test/unexpected_person/PLeft/normal/1751540083611310100_0130_10000010000000000.jpg,1751540083611310100_0130_10000010000000000.jpg,normal,0,normal,0,0,5.326517105102539
/Users/rashid/data/DS/AD/Cobots_Synthetic/test/unexpected_person/PLeft/normal/1751540083810988700_0131_10000010000000000.jpg,1751540083810988700_0131_10000010000000000.jpg,normal,0,normal,0,0,5.326517105102539
/Users/rashid/data/DS/AD/Cobots_Synthetic/test/unexpected_person/PLeft/normal/1751540084019019800_0132_10000010000000000.jpg,1751540084019019800_0132_10000010000000000.jpg,normal,0,normal,0,0,5.326517105102539
/Users/rashid/data/DS/AD/Cobots_Synthetic/test/unexpected_person/PLeft/normal/1751540084210469800_0133_10000010000000000.jpg,1751540084210469800_0133_10000010000000000.jpg,normal,0,normal,0,0,5.326517105102539
/Users/rashid/data/DS/AD/Cobots_Synthetic/test/unexpected_person/PLeft/normal/1751540084410701400_0134_10000010000000000.jpg,1751540084410701400_0134_10000010000000000.jpg,normal,0,normal,0,0,5.326517105102539
/Users/rashid/data/DS/AD/Cobots_Synthetic/test/unexpected_person/PLeft/normal/1751540084608833600_0135_10000010000000000.jpg,1751540084608833600_0135_10000010000000000.jpg,normal,0,normal,0,0,5.326517105102539
/Users/rashid/data/DS/AD/Cobots_Synthetic/test/unexpected_person/PLeft/normal/1751540084817702900_0136_10000010000000000.jpg,1751540084817702900_0136_10000010000000000.jpg,normal,0,normal,0,0,5.326517105102539
/Users/rashid/data/DS/AD/Cobots_Synthetic/test/unexpected_person/PLeft/normal/1751540085035509600_0137_10000010000000000.jpg,1751540085035509600_0137_10000010000000000.jpg,normal,0,normal,0,0,5.326517105102539
/Users/rashid/data/DS/AD/Cobots_Synthetic/test/unexpected_person/PLeft/normal/1751540085212729100_0138_10000010000000000.jpg,1751540085212729100_0138_10000010000000000.jpg,normal,0,normal,0,0,5.326517105102539
/Users/rashid/data/DS/AD/Cobots_Synthetic/test/unexpected_person/PLeft/normal/1751540085432696200_0139_10000010000000000.jpg,1751540085432696200_0139_10000010000000000.jpg,normal,0,normal,0,0,5.326517105102539
/Users/rashid/data/DS/AD/Cobots_Synthetic/test/unexpected_person/PLeft/normal/1751540085618658600_0140_10000010000000000.jpg,1751540085618658600_0140_10000010000000000.jpg,normal,0,normal,0,0,5.326517105102539
/Users/rashid/data/DS/AD/Cobots_Synthetic/test/unexpected_person/PLeft/normal/1751540085827937500_0141_10000010000000000.jpg,1751540085827937500_0141_10000010000000000.jpg,normal,0,normal,0,0,5.326517105102539
/Users/rashid/data/DS/AD/Cobots_Synthetic/test/unexpected_person/PLeft/normal/1751540086014790600_0142_10000010000000000.jpg,1751540086014790600_0142_10000010000000000.jpg,normal,0,normal,0,0,5.326517105102539
/Users/rashid/data/DS/AD/Cobots_Synthetic/test/unexpected_person/PLeft/normal/1751540086217194900_0143_10000010000000000.jpg,1751540086217194900_0143_10000010000000000.jpg,normal,0,normal,0,0,5.326517105102539
/Users/rashid/data/DS/AD/Cobots_Synthetic/test/unexpected_person/PLeft/normal/1751540086428472200_0144_10000010000000000.jpg,1751540086428472200_0144_10000010000000000.jpg,normal,0,normal,0,0,5.326517105102539
/Users/rashid/data/DS/AD/Cobots_Synthetic/test/unexpected_person/PLeft/normal/1751540086612270800_0145_10000010000000000.jpg,1751540086612270800_0145_10000010000000000.jpg,normal,0,normal,0,0,5.326517105102539
/Users/rashid/data/DS/AD/Cobots_Synthetic/test/unexpected_person/PLeft/normal/1751540086821514100_0146_10000010000000000.jpg,1751540086821514100_0146_10000010000000000.jpg,normal,0,normal,0,0,5.326517105102539
/Users/rashid/data/DS/AD/Cobots_Synthetic/test/unexpected_person/PLeft/normal/1751540087032854200_0147_10000010000000000.jpg,1751540087032854200_0147_10000010000000000.jpg,normal,0,normal,0,0,5.326517105102539
/Users/rashid/data/DS/AD/Cobots_Synthetic/test/unexpected_person/PLeft/normal/1751540087211614300_0148_10000010000000000.jpg,1751540087211614300_0148_10000010000000000.jpg,normal,0,normal,0,0,5.326517105102539
/Users/rashid/data/DS/AD/Cobots_Synthetic/test/unexpected_person/PLeft/normal/1751540087430543900_0149_10000010000000000.jpg,1751540087430543900_0149_10000010000000000.jpg,normal,0,normal,0,0,5.326517105102539
/Users/rashid/data/DS/AD/Cobots_Synthetic/test/unexpected_person/PLeft/normal/1751540087612413200_0150_10000010000000000.jpg,1751540087612413200_0150_10000010000000000.jpg,normal,0,normal,0,0,5.326517105102539
/Users/rashid/data/DS/AD/Cobots_Synthetic/test/unexpected_person/PLeft/normal/1751540087813315500_0151_10000010000000000.jpg,1751540087813315500_0151_10000010000000000.jpg,normal,0,normal,0,0,5.326517105102539
/Users/rashid/data/DS/AD/Cobots_Synthetic/test/unexpected_person/PLeft/normal/1751540088042651500_0152_10000010000000000.jpg,1751540088042651500_0152_10000010000000000.jpg,normal,0,normal,0,0,5.326517105102539
/Users/rashid/data/DS/AD/Cobots_Synthetic/test/unexpected_person/PLeft/normal/1751540088213139100_0153_10000010000000000.jpg,1751540088213139100_0153_10000010000000000.jpg,normal,0,normal,0,0,5.326517105102539
/Users/rashid/data/DS/AD/Cobots_Synthetic/test/unexpected_person/PLeft/normal/1751540088428361900_0154_10000010000000000.jpg,1751540088428361900_0154_10000010000000000.jpg,normal,0,normal,0,0,5.326517105102539
/Users/rashid/data/DS/AD/Cobots_Synthetic/test/unexpected_person/PLeft/normal/1751540088601094600_0155_10000010000000000.jpg,1751540088601094600_0155_10000010000000000.jpg,normal,0,normal,0,0,5.326517105102539
/Users/rashid/data/DS/AD/Cobots_Synthetic/test/unexpected_person/PLeft/normal/1751540088814927400_0156_10000010000000000.jpg,1751540088814927400_0156_10000010000000000.jpg,normal,0,normal,0,0,5.326517105102539
/Users/rashid/data/DS/AD/Cobots_Synthetic/test/unexpected_person/PLeft/normal/1751540089019970100_0157_10000010000000000.jpg,1751540089019970100_0157_10000010000000000.jpg,normal,0,normal,0,0,5.326517105102539
/Users/rashid/data/DS/AD/Cobots_Synthetic/test/unexpected_person/PLeft/normal/1751540089213732600_0158_10000010000000000.jpg,1751540089213732600_0158_10000010000000000.jpg,normal,0,normal,0,0,5.326517105102539
/Users/rashid/data/DS/AD/Cobots_Synthetic/test/unexpected_person/PLeft/normal/1751540089436305600_0159_10000010000000000.jpg,1751540089436305600_0159_10000010000000000.jpg,normal,0,normal,0,0,5.326517105102539
/Users/rashid/data/DS/AD/Cobots_Synthetic/test/unexpected_person/PLeft/normal/1751540089614193200_0160_10000010000000000.jpg,1751540089614193200_0160_10000010000000000.jpg,normal,0,normal,0,0,5.326517105102539
/Users/rashid/data/DS/AD/Cobots_Synthetic/test/unexpected_person/PLeft/normal/1751540089814431900_0161_10000010000000000.jpg,1751540089814431900_0161_10000010000000000.jpg,normal,0,normal,0,0,5.326517105102539
/Users/rashid/data/DS/AD/Cobots_Synthetic/test/unexpected_person/PLeft/normal/1751540090050508400_0162_10000010000000000.jpg,1751540090050508400_0162_10000010000000000.jpg,normal,0,normal,0,0,5.326517105102539
/Users/rashid/data/DS/AD/Cobots_Synthetic/test/unexpected_person/PLeft/normal/1751540090412287800_0163_10000010000000000.jpg,1751540090412287800_0163_10000010000000000.jpg,normal,0,normal,0,0,5.326517105102539
/Users/rashid/data/DS/AD/Cobots_Synthetic/test/unexpected_person/PLeft/normal/1751540090615970400_0164_10000010000000000.jpg,1751540090615970400_0164_10000010000000000.jpg,normal,0,normal,0,0,5.326517105102539
/Users/rashid/data/DS/AD/Cobots_Synthetic/test/unexpected_person/PLeft/normal/1751540090813765300_0165_10000010000000000.jpg,1751540090813765300_0165_10000010000000000.jpg,normal,0,normal,0,0,5.326517105102539
/Users/rashid/data/DS/AD/Cobots_Synthetic/test/unexpected_person/PLeft/normal/1751540091012439900_0166_10000010000000000.jpg,1751540091012439900_0166_10000010000000000.jpg,normal,0,normal,0,0,5.326517105102539
/Users/rashid/data/DS/AD/Cobots_Synthetic/test/unexpected_person/PLeft/normal/1751540091217697200_0167_10000010000000000.jpg,1751540091217697200_0167_10000010000000000.jpg,normal,0,normal,0,0,5.326517105102539
/Users/rashid/data/DS/AD/Cobots_Synthetic/test/unexpected_person/PLeft/normal/1751540091440851100_0168_10000010000000000.jpg,1751540091440851100_0168_10000010000000000.jpg,normal,0,normal,0,0,5.326517105102539
/Users/rashid/data/DS/AD/Cobots_Synthetic/test/unexpected_person/PLeft/normal/1751540091619614000_0169_10000010000000000.jpg,1751540091619614000_0169_10000010000000000.jpg,normal,0,normal,0,0,5.326517105102539
/Users/rashid/data/DS/AD/Cobots_Synthetic/test/unexpected_person/PLeft/normal/1751540091816052700_0170_10000010000000000.jpg,1751540091816052700_0170_10000010000000000.jpg,normal,0,normal,0,0,5.326517105102539
/Users/rashid/data/DS/AD/Cobots_Synthetic/test/unexpected_person/PLeft/normal/1751540092008148500_0171_10000010000000000.jpg,1751540092008148500_0171_10000010000000000.jpg,normal,0,normal,0,0,5.326517105102539
/Users/rashid/data/DS/AD/Cobots_Synthetic/test/unexpected_person/PLeft/normal/1751540092218155300_0172_10000010000000000.jpg,1751540092218155300_0172_10000010000000000.jpg,normal,0,normal,0,0,5.326517105102539
/Users/rashid/data/DS/AD/Cobots_Synthetic/test/unexpected_person/PLeft/normal/1751540092425734800_0173_10000010000000000.jpg,1751540092425734800_0173_10000010000000000.jpg,normal,0,normal,0,0,5.326517105102539
/Users/rashid/data/DS/AD/Cobots_Synthetic/test/unexpected_person/PLeft/normal/1751540092613945900_0174_10000010000000000.jpg,1751540092613945900_0174_10000010000000000.jpg,normal,0,normal,0,0,5.326517105102539
/Users/rashid/data/DS/AD/Cobots_Synthetic/test/unexpected_person/PLeft/normal/1751540092829598400_0175_10000010000000000.jpg,1751540092829598400_0175_10000010000000000.jpg,normal,0,normal,0,0,5.326517105102539
/Users/rashid/data/DS/AD/Cobots_Synthetic/test/unexpected_person/PLeft/normal/1751540093026763600_0176_10000010000000000.jpg,1751540093026763600_0176_10000010000000000.jpg,normal,0,normal,0,0,5.326517105102539
/Users/rashid/data/DS/AD/Cobots_Synthetic/test/unexpected_person/PLeft/normal/1751540093231988400_0177_10000010000000000.jpg,1751540093231988400_0177_10000010000000000.jpg,normal,0,normal,0,0,5.326517105102539
/Users/rashid/data/DS/AD/Cobots_Synthetic/test/unexpected_person/PLeft/normal/1751540093412118500_0178_10000010000000000.jpg,1751540093412118500_0178_10000010000000000.jpg,normal,0,normal,0,0,5.326517105102539
/Users/rashid/data/DS/AD/Cobots_Synthetic/test/unexpected_person/PLeft/normal/1751540093624142800_0179_10000010000000000.jpg,1751540093624142800_0179_10000010000000000.jpg,normal,0,normal,0,0,5.326517105102539
/Users/rashid/data/DS/AD/Cobots_Synthetic/test/unexpected_person/PLeft/normal/1751540093816529500_0180_10000010000000000.jpg,1751540093816529500_0180_10000010000000000.jpg,normal,0,normal,0,0,5.326517105102539
/Users/rashid/data/DS/AD/Cobots_Synthetic/test/unexpected_person/PLeft/normal/1751540094004356000_0181_10000010000000000.jpg,1751540094004356000_0181_10000010000000000.jpg,normal,0,normal,0,0,5.326517105102539
/Users/rashid/data/DS/AD/Cobots_Synthetic/test/unexpected_person/PLeft/normal/1751540094229696700_0182_10000010000000000.jpg,1751540094229696700_0182_10000010000000000.jpg,normal,0,normal,0,0,5.326517105102539
/Users/rashid/data/DS/AD/Cobots_Synthetic/test/unexpected_person/PLeft/normal/1751540094432461300_0183_10000010000000000.jpg,1751540094432461300_0183_10000010000000000.jpg,normal,0,normal,0,0,5.326517105102539
/Users/rashid/data/DS/AD/Cobots_Synthetic/test/unexpected_person/PLeft/normal/1751540094627621800_0184_10000010000000000.jpg,1751540094627621800_0184_10000010000000000.jpg,normal,0,normal,0,0,5.326517105102539
/Users/rashid/data/DS/AD/Cobots_Synthetic/test/unexpected_person/PLeft/normal/1751540094819378900_0185_10000010000000000.jpg,1751540094819378900_0185_10000010000000000.jpg,normal,0,normal,0,0,5.326517105102539
/Users/rashid/data/DS/AD/Cobots_Synthetic/test/unexpected_person/PLeft/normal/1751540095020681000_0186_10000010000000000.jpg,1751540095020681000_0186_10000010000000000.jpg,normal,0,normal,0,0,5.326517105102539
/Users/rashid/data/DS/AD/Cobots_Synthetic/test/unexpected_person/PLeft/normal/1751540095217623700_0187_10000010000000000.jpg,1751540095217623700_0187_10000010000000000.jpg,normal,0,normal,0,0,5.326517105102539
/Users/rashid/data/DS/AD/Cobots_Synthetic/test/unexpected_person/PLeft/normal/1751540095431635900_0188_10000010000000000.jpg,1751540095431635900_0188_10000010000000000.jpg,normal,0,normal,0,0,5.326517105102539
/Users/rashid/data/DS/AD/Cobots_Synthetic/test/unexpected_person/PLeft/normal/1751540095629251900_0189_10000010000000000.jpg,1751540095629251900_0189_10000010000000000.jpg,normal,0,normal,0,0,5.326517105102539
/Users/rashid/data/DS/AD/Cobots_Synthetic/test/unexpected_person/PLeft/normal/1751540095825781600_0190_10000010000000000.jpg,1751540095825781600_0190_10000010000000000.jpg,normal,0,normal,0,0,5.326517105102539
/Users/rashid/data/DS/AD/Cobots_Synthetic/test/unexpected_person/PLeft/normal/1751540096032051400_0191_10000010000000000.jpg,1751540096032051400_0191_10000010000000000.jpg,normal,0,normal,0,0,5.326517105102539
/Users/rashid/data/DS/AD/Cobots_Synthetic/test/unexpected_person/PLeft/normal/1751540096229018500_0192_10000010000000000.jpg,1751540096229018500_0192_10000010000000000.jpg,normal,0,normal,0,0,5.326517105102539
/Users/rashid/data/DS/AD/Cobots_Synthetic/test/unexpected_person/PLeft/normal/1751540096437740400_0193_10000010000000000.jpg,1751540096437740400_0193_10000010000000000.jpg,normal,0,normal,0,0,5.326517105102539
/Users/rashid/data/DS/AD/Cobots_Synthetic/test/unexpected_person/PLeft/normal/1751540096625477200_0194_10000010000000000.jpg,1751540096625477200_0194_10000010000000000.jpg,normal,0,normal,0,0,5.326517105102539
/Users/rashid/data/DS/AD/Cobots_Synthetic/test/unexpected_person/PLeft/normal/1751540096820318300_0195_10000010000000000.jpg,1751540096820318300_0195_10000010000000000.jpg,normal,0,normal,0,0,5.326517105102539
/Users/rashid/data/DS/AD/Cobots_Synthetic/test/unexpected_person/PLeft/normal/1751540097225903300_0196_10000010000000000.jpg,1751540097225903300_0196_10000010000000000.jpg,normal,0,normal,0,0,5.326517105102539
/Users/rashid/data/DS/AD/Cobots_Synthetic/test/unexpected_person/PLeft/normal/1751540097408541000_0197_10000010000000000.jpg,1751540097408541000_0197_10000010000000000.jpg,normal,0,normal,0,0,5.326226234436035
/Users/rashid/data/DS/AD/Cobots_Synthetic/test/unexpected_person/PLeft/normal/1751540097609116000_0198_10000010000000000.jpg,1751540097609116000_0198_10000010000000000.jpg,normal,0,normal,0,0,5.326517105102539
/Users/rashid/data/DS/AD/Cobots_Synthetic/test/unexpected_person/PLeft/normal/1751540097836632000_0199_10000010000000000.jpg,1751540097836632000_0199_10000010000000000.jpg,normal,0,normal,0,0,5.326517105102539
/Users/rashid/data/DS/AD/Cobots_Synthetic/test/unexpected_person/PLeft/normal/1751540098027011300_0200_10000010000000000.jpg,1751540098027011300_0200_10000010000000000.jpg,normal,0,normal,0,0,5.326517105102539
/Users/rashid/data/DS/AD/Cobots_Synthetic/test/unexpected_person/PLeft/normal/1751540098208886200_0201_10000010000000000.jpg,1751540098208886200_0201_10000010000000000.jpg,normal,0,normal,0,0,5.326517105102539
/Users/rashid/data/DS/AD/Cobots_Synthetic/test/unexpected_person/PLeft/normal/1751540098458383800_0202_10000010000000000.jpg,1751540098458383800_0202_10000010000000000.jpg,normal,0,normal,0,0,5.326517105102539
/Users/rashid/data/DS/AD/Cobots_Synthetic/test/unexpected_person/PLeft/normal/1751540098833206500_0203_10000010000000000.jpg,1751540098833206500_0203_10000010000000000.jpg,normal,0,normal,0,0,5.326517105102539
/Users/rashid/data/DS/AD/Cobots_Synthetic/test/unexpected_person/PLeft/normal/1751540099032049900_0204_10000010000000000.jpg,1751540099032049900_0204_10000010000000000.jpg,normal,0,normal,0,0,5.326517105102539
/Users/rashid/data/DS/AD/Cobots_Synthetic/test/unexpected_person/PLeft/normal/1751540099237320800_0205_10000010000000000.jpg,1751540099237320800_0205_10000010000000000.jpg,normal,0,normal,0,0,5.326517105102539
/Users/rashid/data/DS/AD/Cobots_Synthetic/test/unexpected_person/PLeft/normal/1751540099412308900_0206_10000010000000000.jpg,1751540099412308900_0206_10000010000000000.jpg,normal,0,normal,0,0,5.326517105102539
/Users/rashid/data/DS/AD/Cobots_Synthetic/test/unexpected_person/PLeft/normal/1751540099626077700_0207_10000010000000000.jpg,1751540099626077700_0207_10000010000000000.jpg,normal,0,normal,0,0,5.326517105102539
/Users/rashid/data/DS/AD/Cobots_Synthetic/test/unexpected_person/PLeft/normal/1751540099838034400_0208_10000010000000000.jpg,1751540099838034400_0208_10000010000000000.jpg,normal,0,normal,0,0,5.326517105102539
/Users/rashid/data/DS/AD/Cobots_Synthetic/test/unexpected_person/PLeft/normal/1751540100030317500_0209_10000010000000000.jpg,1751540100030317500_0209_10000010000000000.jpg,normal,0,normal,0,0,5.326517105102539
/Users/rashid/data/DS/AD/Cobots_Synthetic/test/unexpected_person/PLeft/normal/1751540100213314400_0210_10000010000000000.jpg,1751540100213314400_0210_10000010000000000.jpg,normal,0,normal,0,0,5.326517105102539
/Users/rashid/data/DS/AD/Cobots_Synthetic/test/unexpected_person/PLeft/normal/1751540100421313300_0211_10000010000000000.jpg,1751540100421313300_0211_10000010000000000.jpg,normal,0,normal,0,0,5.326517105102539
/Users/rashid/data/DS/AD/Cobots_Synthetic/test/unexpected_person/PLeft/normal/1751540100618501100_0212_10000010000000000.jpg,1751540100618501100_0212_10000010000000000.jpg,normal,0,normal,0,0,5.326517105102539
/Users/rashid/data/DS/AD/Cobots_Synthetic/test/unexpected_person/PLeft/normal/1751540100828987300_0213_10000010000000000.jpg,1751540100828987300_0213_10000010000000000.jpg,normal,0,normal,0,0,5.326517105102539
/Users/rashid/data/DS/AD/Cobots_Synthetic/test/unexpected_person/PLeft/normal/1751540101007693000_0214_10000010000000000.jpg,1751540101007693000_0214_10000010000000000.jpg,normal,0,normal,0,0,5.326517105102539
/Users/rashid/data/DS/AD/Cobots_Synthetic/test/unexpected_person/PLeft/normal/1751540101212833200_0215_10000010000000000.jpg,1751540101212833200_0215_10000010000000000.jpg,normal,0,normal,0,0,5.326517105102539
/Users/rashid/data/DS/AD/Cobots_Synthetic/test/unexpected_person/PLeft/normal/1751540101411973800_0216_10000010000000000.jpg,1751540101411973800_0216_10000010000000000.jpg,normal,0,normal,0,0,5.326517105102539
/Users/rashid/data/DS/AD/Cobots_Synthetic/test/unexpected_person/PLeft/normal/1751540101630632200_0217_10000010000000000.jpg,1751540101630632200_0217_10000010000000000.jpg,normal,0,normal,0,0,5.326517105102539
/Users/rashid/data/DS/AD/Cobots_Synthetic/test/unexpected_person/PLeft/normal/1751540101819712100_0218_10000010000000000.jpg,1751540101819712100_0218_10000010000000000.jpg,normal,0,normal,0,0,5.326517105102539
/Users/rashid/data/DS/AD/Cobots_Synthetic/test/unexpected_person/PLeft/normal/1751540102027793000_0219_10000010000000000.jpg,1751540102027793000_0219_10000010000000000.jpg,normal,0,normal,0,0,5.326517105102539
/Users/rashid/data/DS/AD/Cobots_Synthetic/test/unexpected_person/PLeft/normal/1751540102221655200_0220_10000010000000000.jpg,1751540102221655200_0220_10000010000000000.jpg,normal,0,normal,0,0,5.326517105102539
/Users/rashid/data/DS/AD/Cobots_Synthetic/test/unexpected_person/PLeft/normal/1751540102431279500_0221_10000010000000000.jpg,1751540102431279500_0221_10000010000000000.jpg,normal,0,normal,0,0,5.326517105102539
/Users/rashid/data/DS/AD/Cobots_Synthetic/test/unexpected_person/PLeft/normal/1751540102625116600_0222_10000010000000000.jpg,1751540102625116600_0222_10000010000000000.jpg,normal,0,normal,0,0,5.326517105102539
/Users/rashid/data/DS/AD/Cobots_Synthetic/test/unexpected_person/PLeft/normal/1751540102814439500_0223_10000010000000000.jpg,1751540102814439500_0223_10000010000000000.jpg,normal,0,normal,0,0,5.326517105102539
/Users/rashid/data/DS/AD/Cobots_Synthetic/test/unexpected_person/PLeft/normal/1751540103015290600_0224_10000010000000000.jpg,1751540103015290600_0224_10000010000000000.jpg,normal,0,normal,0,0,5.326517105102539
/Users/rashid/data/DS/AD/Cobots_Synthetic/test/unexpected_person/PLeft/normal/1751540103213234200_0225_10000010000000000.jpg,1751540103213234200_0225_10000010000000000.jpg,normal,0,normal,0,0,5.326517105102539
/Users/rashid/data/DS/AD/Cobots_Synthetic/test/unexpected_person/PLeft/normal/1751540103441783600_0226_10000010000000000.jpg,1751540103441783600_0226_10000010000000000.jpg,normal,0,normal,0,0,5.326517105102539
/Users/rashid/data/DS/AD/Cobots_Synthetic/test/unexpected_person/PLeft/normal/1751540103614647600_0227_10000010000000000.jpg,1751540103614647600_0227_10000010000000000.jpg,normal,0,normal,0,0,5.326517105102539
/Users/rashid/data/DS/AD/Cobots_Synthetic/test/unexpected_person/PLeft/normal/1751540103813333700_0228_10000010000000000.jpg,1751540103813333700_0228_10000010000000000.jpg,normal,0,normal,0,0,5.326517105102539
/Users/rashid/data/DS/AD/Cobots_Synthetic/test/unexpected_person/PLeft/normal/1751540104033832300_0229_10000010000000000.jpg,1751540104033832300_0229_10000010000000000.jpg,normal,0,normal,0,0,5.326517105102539
/Users/rashid/data/DS/AD/Cobots_Synthetic/test/unexpected_person/PLeft/normal/1751540104234543100_0230_10000010000000000.jpg,1751540104234543100_0230_10000010000000000.jpg,normal,0,normal,0,0,5.326517105102539
/Users/rashid/data/DS/AD/Cobots_Synthetic/test/unexpected_person/PLeft/normal/1751540104431504300_0231_10000010000000000.jpg,1751540104431504300_0231_10000010000000000.jpg,normal,0,normal,0,0,5.326517105102539
/Users/rashid/data/DS/AD/Cobots_Synthetic/test/unexpected_person/PLeft/normal/1751540104612753500_0232_10000010000000000.jpg,1751540104612753500_0232_10000010000000000.jpg,normal,0,normal,0,0,5.326517105102539
/Users/rashid/data/DS/AD/Cobots_Synthetic/test/unexpected_person/PLeft/normal/1751540104812805500_0233_10000010000000000.jpg,1751540104812805500_0233_10000010000000000.jpg,normal,0,normal,0,0,5.326517105102539
/Users/rashid/data/DS/AD/Cobots_Synthetic/test/unexpected_person/PLeft/normal/1751540105025984300_0234_10000010000000000.jpg,1751540105025984300_0234_10000010000000000.jpg,normal,0,normal,0,0,5.326517105102539
/Users/rashid/data/DS/AD/Cobots_Synthetic/test/unexpected_person/PLeft/normal/1751540105212392400_0235_10000010000000000.jpg,1751540105212392400_0235_10000010000000000.jpg,normal,0,normal,0,0,5.326517105102539
/Users/rashid/data/DS/AD/Cobots_Synthetic/test/unexpected_person/PLeft/normal/1751540105414887200_0236_10000010000000000.jpg,1751540105414887200_0236_10000010000000000.jpg,normal,0,normal,0,0,5.326517105102539
/Users/rashid/data/DS/AD/Cobots_Synthetic/test/unexpected_person/PLeft/normal/1751540105622364300_0237_10000010000000000.jpg,1751540105622364300_0237_10000010000000000.jpg,normal,0,normal,0,0,5.326517105102539
/Users/rashid/data/DS/AD/Cobots_Synthetic/test/unexpected_person/PLeft/normal/1751540105837414100_0238_10000010000000000.jpg,1751540105837414100_0238_10000010000000000.jpg,normal,0,normal,0,0,5.326517105102539
/Users/rashid/data/DS/AD/Cobots_Synthetic/test/unexpected_person/PLeft/normal/1751540106018315300_0239_10000010000000000.jpg,1751540106018315300_0239_10000010000000000.jpg,normal,0,normal,0,0,5.326517105102539
/Users/rashid/data/DS/AD/Cobots_Synthetic/test/unexpected_person/PLeft/normal/1751540106215521900_0240_10000010000000000.jpg,1751540106215521900_0240_10000010000000000.jpg,normal,0,normal,0,0,5.326517105102539
/Users/rashid/data/DS/AD/Cobots_Synthetic/test/unexpected_person/PLeft/normal/1751540106414617900_0241_10000010000000000.jpg,1751540106414617900_0241_10000010000000000.jpg,normal,0,normal,0,0,5.326517105102539
/Users/rashid/data/DS/AD/Cobots_Synthetic/test/unexpected_person/PLeft/normal/1751540106614915100_0242_10000010000000000.jpg,1751540106614915100_0242_10000010000000000.jpg,normal,0,normal,0,0,5.326517105102539
/Users/rashid/data/DS/AD/Cobots_Synthetic/test/unexpected_person/PLeft/normal/1751540106814453800_0243_10000010000000000.jpg,1751540106814453800_0243_10000010000000000.jpg,normal,0,normal,0,0,5.326517105102539
/Users/rashid/data/DS/AD/Cobots_Synthetic/test/unexpected_person/PLeft/normal/1751540107034802900_0244_10000010000000000.jpg,1751540107034802900_0244_10000010000000000.jpg,normal,0,normal,0,0,5.326517105102539
/Users/rashid/data/DS/AD/Cobots_Synthetic/test/unexpected_person/PLeft/normal/1751540107222325600_0245_10000010000000000.jpg,1751540107222325600_0245_10000010000000000.jpg,normal,0,normal,0,0,5.326517105102539
/Users/rashid/data/DS/AD/Cobots_Synthetic/test/unexpected_person/PLeft/normal/1751540107413991500_0246_10000010000000000.jpg,1751540107413991500_0246_10000010000000000.jpg,normal,0,normal,0,0,5.326517105102539
/Users/rashid/data/DS/AD/Cobots_Synthetic/test/unexpected_person/PLeft/normal/1751540107636428800_0247_10000010000000000.jpg,1751540107636428800_0247_10000010000000000.jpg,normal,0,normal,0,0,5.326517105102539
/Users/rashid/data/DS/AD/Cobots_Synthetic/test/unexpected_person/PLeft/normal/1751540107833269700_0248_10000010000000000.jpg,1751540107833269700_0248_10000010000000000.jpg,normal,0,normal,0,0,5.326517105102539
/Users/rashid/data/DS/AD/Cobots_Synthetic/test/unexpected_person/PLeft/normal/1751540108032694200_0249_10000010000000000.jpg,1751540108032694200_0249_10000010000000000.jpg,normal,0,normal,0,0,5.326517105102539
/Users/rashid/data/DS/AD/Cobots_Synthetic/test/unexpected_person/PLeft/normal/1751540108225424400_0250_10000010000000000.jpg,1751540108225424400_0250_10000010000000000.jpg,normal,0,normal,0,0,5.326517105102539
/Users/rashid/data/DS/AD/Cobots_Synthetic/test/unexpected_person/PLeft/normal/1751540108419590100_0251_10000010000000000.jpg,1751540108419590100_0251_10000010000000000.jpg,normal,0,normal,0,0,5.326517105102539
/Users/rashid/data/DS/AD/Cobots_Synthetic/test/unexpected_person/PLeft/normal/1751540108619192000_0252_10000010000000000.jpg,1751540108619192000_0252_10000010000000000.jpg,normal,0,normal,0,0,5.326517105102539
/Users/rashid/data/DS/AD/Cobots_Synthetic/test/unexpected_person/PLeft/normal/1751540108835208100_0253_10000010000000000.jpg,1751540108835208100_0253_10000010000000000.jpg,normal,0,normal,0,0,5.326517105102539
/Users/rashid/data/DS/AD/Cobots_Synthetic/test/unexpected_person/PLeft/normal/1751540109028343200_0254_10000010000000000.jpg,1751540109028343200_0254_10000010000000000.jpg,normal,0,normal,0,0,5.326517105102539
/Users/rashid/data/DS/AD/Cobots_Synthetic/test/unexpected_person/PLeft/normal/1751540109218584200_0255_10000010000000000.jpg,1751540109218584200_0255_10000010000000000.jpg,normal,0,normal,0,0,5.326517105102539
/Users/rashid/data/DS/AD/Cobots_Synthetic/test/unexpected_person/PLeft/normal/1751540109413489500_0256_10000010000000000.jpg,1751540109413489500_0256_10000010000000000.jpg,normal,0,normal,0,0,5.326517105102539
/Users/rashid/data/DS/AD/Cobots_Synthetic/test/unexpected_person/PLeft/normal/1751540109602115200_0257_10000010000000000.jpg,1751540109602115200_0257_10000010000000000.jpg,normal,0,normal,0,0,5.326517105102539
/Users/rashid/data/DS/AD/Cobots_Synthetic/test/unexpected_person/PLeft/normal/1751540110016395200_0258_10000010000000000.jpg,1751540110016395200_0258_10000010000000000.jpg,normal,0,normal,0,0,5.326517105102539
/Users/rashid/data/DS/AD/Cobots_Synthetic/test/unexpected_person/PLeft/normal/1751540110224793900_0259_10000010000000000.jpg,1751540110224793900_0259_10000010000000000.jpg,normal,0,normal,0,0,5.326517105102539
/Users/rashid/data/DS/AD/Cobots_Synthetic/test/unexpected_person/PLeft/normal/1751540110417254600_0260_10000010000000000.jpg,1751540110417254600_0260_10000010000000000.jpg,normal,0,normal,0,0,5.326517105102539
/Users/rashid/data/DS/AD/Cobots_Synthetic/test/unexpected_person/PLeft/normal/1751540110617093900_0261_10000010000000000.jpg,1751540110617093900_0261_10000010000000000.jpg,normal,0,normal,0,0,5.326517105102539
/Users/rashid/data/DS/AD/Cobots_Synthetic/test/unexpected_person/PLeft/normal/1751540110821806300_0262_10000010000000000.jpg,1751540110821806300_0262_10000010000000000.jpg,normal,0,normal,0,0,5.326517105102539
/Users/rashid/data/DS/AD/Cobots_Synthetic/test/unexpected_person/PLeft/normal/1751540111033026000_0263_10000010000000000.jpg,1751540111033026000_0263_10000010000000000.jpg,normal,0,normal,0,0,5.326517105102539
/Users/rashid/data/DS/AD/Cobots_Synthetic/test/unexpected_person/PLeft/normal/1751540111224770100_0264_10000010000000000.jpg,1751540111224770100_0264_10000010000000000.jpg,normal,0,normal,0,0,5.326517105102539
/Users/rashid/data/DS/AD/Cobots_Synthetic/test/unexpected_person/PLeft/normal/1751540111421248600_0265_10000010000000000.jpg,1751540111421248600_0265_10000010000000000.jpg,normal,0,normal,0,0,5.326517105102539
/Users/rashid/data/DS/AD/Cobots_Synthetic/test/unexpected_person/PLeft/normal/1751540111607400100_0266_10000010000000000.jpg,1751540111607400100_0266_10000010000000000.jpg,normal,0,normal,0,0,5.326517105102539
/Users/rashid/data/DS/AD/Cobots_Synthetic/test/unexpected_person/PLeft/normal/1751540111838558100_0267_10000010000000000.jpg,1751540111838558100_0267_10000010000000000.jpg,normal,0,normal,0,0,5.326517105102539
/Users/rashid/data/DS/AD/Cobots_Synthetic/test/unexpected_person/PLeft/normal/1751540112035896700_0268_10000010000000000.jpg,1751540112035896700_0268_10000010000000000.jpg,normal,0,normal,0,0,5.326517105102539
/Users/rashid/data/DS/AD/Cobots_Synthetic/test/unexpected_person/PLeft/normal/1751540112220816000_0269_10000010000000000.jpg,1751540112220816000_0269_10000010000000000.jpg,normal,0,normal,0,0,5.326517105102539
/Users/rashid/data/DS/AD/Cobots_Synthetic/test/unexpected_person/PLeft/normal/1751540112422534100_0270_10000010000000000.jpg,1751540112422534100_0270_10000010000000000.jpg,normal,0,normal,0,0,5.326517105102539
/Users/rashid/data/DS/AD/Cobots_Synthetic/test/unexpected_person/PLeft/normal/1751540112629610900_0271_10000010000000000.jpg,1751540112629610900_0271_10000010000000000.jpg,normal,0,normal,0,0,5.326517105102539
/Users/rashid/data/DS/AD/Cobots_Synthetic/test/unexpected_person/PLeft/normal/1751540112819216600_0272_10000010000000000.jpg,1751540112819216600_0272_10000010000000000.jpg,normal,0,normal,0,0,5.326517105102539
/Users/rashid/data/DS/AD/Cobots_Synthetic/test/unexpected_person/PLeft/normal/1751540113023436500_0273_10000010000000000.jpg,1751540113023436500_0273_10000010000000000.jpg,normal,0,normal,0,0,5.326517105102539
/Users/rashid/data/DS/AD/Cobots_Synthetic/test/unexpected_person/PLeft/normal/1751540113225989100_0274_10000010000000000.jpg,1751540113225989100_0274_10000010000000000.jpg,normal,0,normal,0,0,5.326517105102539
/Users/rashid/data/DS/AD/Cobots_Synthetic/test/unexpected_person/PLeft/normal/1751540113428747100_0275_10000010000000000.jpg,1751540113428747100_0275_10000010000000000.jpg,normal,0,normal,0,0,5.326517105102539
/Users/rashid/data/DS/AD/Cobots_Synthetic/test/unexpected_person/PLeft/normal/1751540113628659600_0276_10000010000000000.jpg,1751540113628659600_0276_10000010000000000.jpg,normal,0,normal,0,0,5.326517105102539
/Users/rashid/data/DS/AD/Cobots_Synthetic/test/unexpected_person/PLeft/normal/1751540113814125400_0277_10000010000000000.jpg,1751540113814125400_0277_10000010000000000.jpg,normal,0,normal,0,0,5.326517105102539
/Users/rashid/data/DS/AD/Cobots_Synthetic/test/unexpected_person/PLeft/normal/1751540114011141800_0278_10000010000000000.jpg,1751540114011141800_0278_10000010000000000.jpg,normal,0,normal,0,0,5.326517105102539
/Users/rashid/data/DS/AD/Cobots_Synthetic/test/unexpected_person/PLeft/normal/1751540114228411200_0279_10000010000000000.jpg,1751540114228411200_0279_10000010000000000.jpg,normal,0,normal,0,0,5.326517105102539
/Users/rashid/data/DS/AD/Cobots_Synthetic/test/unexpected_person/PLeft/normal/1751540114413367200_0280_10000010000000000.jpg,1751540114413367200_0280_10000010000000000.jpg,normal,0,normal,0,0,5.326517105102539
/Users/rashid/data/DS/AD/Cobots_Synthetic/test/unexpected_person/PLeft/normal/1751540114628710700_0281_10000010000000000.jpg,1751540114628710700_0281_10000010000000000.jpg,normal,0,normal,0,0,5.326517105102539
/Users/rashid/data/DS/AD/Cobots_Synthetic/test/unexpected_person/PLeft/normal/1751540114929480700_0282_10000010000000000.jpg,1751540114929480700_0282_10000010000000000.jpg,normal,0,normal,0,0,5.326517105102539
/Users/rashid/data/DS/AD/Cobots_Synthetic/test/unexpected_person/PLeft/normal/1751540115069580800_0283_10000010000000000.jpg,1751540115069580800_0283_10000010000000000.jpg,normal,0,normal,0,0,5.326517105102539
/Users/rashid/data/DS/AD/Cobots_Synthetic/test/unexpected_person/PLeft/normal/1751540115408856800_0284_10000010000000000.jpg,1751540115408856800_0284_10000010000000000.jpg,normal,0,normal,0,0,5.326517105102539
/Users/rashid/data/DS/AD/Cobots_Synthetic/test/unexpected_person/PLeft/normal/1751540115618170700_0285_10000010000000000.jpg,1751540115618170700_0285_10000010000000000.jpg,normal,0,normal,0,0,5.326517105102539
/Users/rashid/data/DS/AD/Cobots_Synthetic/test/unexpected_person/PLeft/normal/1751540115816017100_0286_10000010000000000.jpg,1751540115816017100_0286_10000010000000000.jpg,normal,0,normal,0,0,5.326517105102539
/Users/rashid/data/DS/AD/Cobots_Synthetic/test/unexpected_person/PLeft/normal/1751540116007588700_0287_10000010000000000.jpg,1751540116007588700_0287_10000010000000000.jpg,normal,0,normal,0,0,5.326517105102539
/Users/rashid/data/DS/AD/Cobots_Synthetic/test/unexpected_person/PLeft/normal/1751540116211502000_0288_10000010000000000.jpg,1751540116211502000_0288_10000010000000000.jpg,normal,0,normal,0,0,5.326517105102539
/Users/rashid/data/DS/AD/Cobots_Synthetic/test/unexpected_person/PLeft/normal/1751540116432085500_0289_10000010000000000.jpg,1751540116432085500_0289_10000010000000000.jpg,normal,0,normal,0,0,5.326517105102539
/Users/rashid/data/DS/AD/Cobots_Synthetic/test/unexpected_person/PLeft/normal/1751540116628949000_0290_10000010000000000.jpg,1751540116628949000_0290_10000010000000000.jpg,normal,0,normal,0,0,5.326517105102539
/Users/rashid/data/DS/AD/Cobots_Synthetic/test/unexpected_person/PLeft/normal/1751540116821884700_0291_10000010000000000.jpg,1751540116821884700_0291_10000010000000000.jpg,normal,0,normal,0,0,5.326517105102539
/Users/rashid/data/DS/AD/Cobots_Synthetic/test/unexpected_person/PLeft/normal/1751540117029691700_0292_10000010000000000.jpg,1751540117029691700_0292_10000010000000000.jpg,normal,0,normal,0,0,5.326517105102539
/Users/rashid/data/DS/AD/Cobots_Synthetic/test/unexpected_person/PLeft/normal/1751540117240997800_0293_10000010000000000.jpg,1751540117240997800_0293_10000010000000000.jpg,normal,0,normal,0,0,5.326517105102539
/Users/rashid/data/DS/AD/Cobots_Synthetic/test/unexpected_person/PLeft/normal/1751540117411152600_0294_10000010000000000.jpg,1751540117411152600_0294_10000010000000000.jpg,normal,0,normal,0,0,5.326517105102539
/Users/rashid/data/DS/AD/Cobots_Synthetic/test/unexpected_person/PLeft/normal/1751540117625506800_0295_10000010000000000.jpg,1751540117625506800_0295_10000010000000000.jpg,normal,0,normal,0,0,5.326517105102539
/Users/rashid/data/DS/AD/Cobots_Synthetic/test/unexpected_person/PLeft/normal/1751540117815559900_0296_10000010000000000.jpg,1751540117815559900_0296_10000010000000000.jpg,normal,0,normal,0,0,5.326517105102539
/Users/rashid/data/DS/AD/Cobots_Synthetic/test/unexpected_person/PLeft/normal/1751540118008309500_0297_10000010000000000.jpg,1751540118008309500_0297_10000010000000000.jpg,normal,0,normal,0,0,5.326517105102539
/Users/rashid/data/DS/AD/Cobots_Synthetic/test/unexpected_person/PLeft/normal/1751540118210457800_0298_10000010000000000.jpg,1751540118210457800_0298_10000010000000000.jpg,normal,0,normal,0,0,5.326517105102539
/Users/rashid/data/DS/AD/Cobots_Synthetic/test/unexpected_person/PLeft/normal/1751540118429738100_0299_10000010000000000.jpg,1751540118429738100_0299_10000010000000000.jpg,normal,0,normal,0,0,5.326517105102539
/Users/rashid/data/DS/AD/Cobots_Synthetic/test/unexpected_person/PLeft/normal/1751540118618556600_0300_10000010000000000.jpg,1751540118618556600_0300_10000010000000000.jpg,normal,0,normal,0,0,5.326517105102539
/Users/rashid/data/DS/AD/Cobots_Synthetic/test/unexpected_person/PLeft/normal/1751540118814365000_0301_10000010000000000.jpg,1751540118814365000_0301_10000010000000000.jpg,normal,0,normal,0,0,5.326517105102539
/Users/rashid/data/DS/AD/Cobots_Synthetic/test/unexpected_person/PLeft/normal/1751540119019742600_0302_10000010000000000.jpg,1751540119019742600_0302_10000010000000000.jpg,normal,0,normal,0,0,5.326517105102539
/Users/rashid/data/DS/AD/Cobots_Synthetic/test/unexpected_person/PLeft/normal/1751540119213525400_0303_10000010000000000.jpg,1751540119213525400_0303_10000010000000000.jpg,normal,0,normal,0,0,5.326517105102539
/Users/rashid/data/DS/AD/Cobots_Synthetic/test/unexpected_person/PLeft/normal/1751540119449417700_0304_10000010000000000.jpg,1751540119449417700_0304_10000010000000000.jpg,normal,0,normal,0,0,5.326517105102539
/Users/rashid/data/DS/AD/Cobots_Synthetic/test/unexpected_person/PLeft/normal/1751540119613424200_0305_10000010000000000.jpg,1751540119613424200_0305_10000010000000000.jpg,normal,0,normal,0,0,5.326517105102539
/Users/rashid/data/DS/AD/Cobots_Synthetic/test/unexpected_person/PLeft/normal/1751540119820858300_0306_10000010000000000.jpg,1751540119820858300_0306_10000010000000000.jpg,normal,0,normal,0,0,5.326517105102539
/Users/rashid/data/DS/AD/Cobots_Synthetic/test/unexpected_person/PLeft/normal/1751540120015104900_0307_10000010000000000.jpg,1751540120015104900_0307_10000010000000000.jpg,normal,0,normal,0,0,5.326517105102539
/Users/rashid/data/DS/AD/Cobots_Synthetic/test/unexpected_person/PLeft/normal/1751540120215616900_0308_10000010000000000.jpg,1751540120215616900_0308_10000010000000000.jpg,normal,0,normal,0,0,5.326517105102539
/Users/rashid/data/DS/AD/Cobots_Synthetic/test/unexpected_person/PLeft/normal/1751540120437368000_0309_10000010000000000.jpg,1751540120437368000_0309_10000010000000000.jpg,normal,0,normal,0,0,5.326517105102539
/Users/rashid/data/DS/AD/Cobots_Synthetic/test/unexpected_person/PLeft/normal/1751540120656681500_0310_10000010000000000.jpg,1751540120656681500_0310_10000010000000000.jpg,normal,0,normal,0,0,5.326517105102539
/Users/rashid/data/DS/AD/Cobots_Synthetic/test/unexpected_person/PLeft/normal/1751540121019888300_0311_10000010000000000.jpg,1751540121019888300_0311_10000010000000000.jpg,normal,0,normal,0,0,5.326517105102539
/Users/rashid/data/DS/AD/Cobots_Synthetic/test/unexpected_person/PLeft/normal/1751540121227607400_0312_10000010000000000.jpg,1751540121227607400_0312_10000010000000000.jpg,normal,0,normal,0,0,5.326517105102539
/Users/rashid/data/DS/AD/Cobots_Synthetic/test/unexpected_person/PLeft/normal/1751540121425572900_0313_10000010000000000.jpg,1751540121425572900_0313_10000010000000000.jpg,normal,0,normal,0,0,5.326517105102539
/Users/rashid/data/DS/AD/Cobots_Synthetic/test/unexpected_person/PLeft/normal/1751540121630335700_0314_10000010000000000.jpg,1751540121630335700_0314_10000010000000000.jpg,normal,0,normal,0,0,5.326517105102539
/Users/rashid/data/DS/AD/Cobots_Synthetic/test/unexpected_person/PLeft/normal/1751540121862059600_0315_10000010000000000.jpg,1751540121862059600_0315_10000010000000000.jpg,normal,0,normal,0,0,5.326517105102539
/Users/rashid/data/DS/AD/Cobots_Synthetic/test/unexpected_person/PLeft/normal/1751540122212027000_0316_10000010000000000.jpg,1751540122212027000_0316_10000010000000000.jpg,normal,0,normal,0,0,5.326517105102539
/Users/rashid/data/DS/AD/Cobots_Synthetic/test/unexpected_person/PLeft/normal/1751540122411227000_0317_10000010000000000.jpg,1751540122411227000_0317_10000010000000000.jpg,normal,0,normal,0,0,5.326517105102539
/Users/rashid/data/DS/AD/Cobots_Synthetic/test/unexpected_person/PLeft/normal/1751540122622318800_0318_10000010000000000.jpg,1751540122622318800_0318_10000010000000000.jpg,normal,0,normal,0,0,5.326517105102539
/Users/rashid/data/DS/AD/Cobots_Synthetic/test/unexpected_person/PLeft/normal/1751540122823491900_0319_10000010000000000.jpg,1751540122823491900_0319_10000010000000000.jpg,normal,0,normal,0,0,5.326517105102539
/Users/rashid/data/DS/AD/Cobots_Synthetic/test/unexpected_person/PLeft/normal/1751540123013439000_0320_10000010000000000.jpg,1751540123013439000_0320_10000010000000000.jpg,normal,0,normal,0,0,5.326517105102539
/Users/rashid/data/DS/AD/Cobots_Synthetic/test/unexpected_person/PLeft/normal/1751540123217912200_0321_10000010000000000.jpg,1751540123217912200_0321_10000010000000000.jpg,normal,0,normal,0,0,5.326517105102539
/Users/rashid/data/DS/AD/Cobots_Synthetic/test/unexpected_person/PLeft/normal/1751540123423974500_0322_10000010000000000.jpg,1751540123423974500_0322_10000010000000000.jpg,normal,0,normal,0,0,5.326517105102539
/Users/rashid/data/DS/AD/Cobots_Synthetic/test/unexpected_person/PLeft/normal/1751540123613845800_0323_10000010000000000.jpg,1751540123613845800_0323_10000010000000000.jpg,normal,0,normal,0,0,5.326517105102539
/Users/rashid/data/DS/AD/Cobots_Synthetic/test/unexpected_person/PLeft/normal/1751540123825095500_0324_10000010000000000.jpg,1751540123825095500_0324_10000010000000000.jpg,normal,0,normal,0,0,5.326517105102539
/Users/rashid/data/DS/AD/Cobots_Synthetic/test/unexpected_person/PLeft/normal/1751540124014981600_0325_10000010000000000.jpg,1751540124014981600_0325_10000010000000000.jpg,normal,0,normal,0,0,5.326517105102539
/Users/rashid/data/DS/AD/Cobots_Synthetic/test/unexpected_person/PLeft/normal/1751540124227412000_0326_10000010000000000.jpg,1751540124227412000_0326_10000010000000000.jpg,normal,0,normal,0,0,5.326517105102539
/Users/rashid/data/DS/AD/Cobots_Synthetic/test/unexpected_person/PLeft/normal/1751540124413208100_0327_10000010000000000.jpg,1751540124413208100_0327_10000010000000000.jpg,normal,0,normal,0,0,5.326517105102539
/Users/rashid/data/DS/AD/Cobots_Synthetic/test/unexpected_person/PLeft/normal/1751540124620114600_0328_10000010000000000.jpg,1751540124620114600_0328_10000010000000000.jpg,normal,0,normal,0,0,5.326517105102539
/Users/rashid/data/DS/AD/Cobots_Synthetic/test/unexpected_person/PLeft/normal/1751540124836921000_0329_10000010000000000.jpg,1751540124836921000_0329_10000010000000000.jpg,normal,0,normal,0,0,5.326517105102539
/Users/rashid/data/DS/AD/Cobots_Synthetic/test/unexpected_person/PLeft/normal/1751540124999822900_0330_10000010000000000.jpg,1751540124999822900_0330_10000010000000000.jpg,normal,0,normal,0,0,5.326517105102539
/Users/rashid/data/DS/AD/Cobots_Synthetic/test/unexpected_person/PLeft/normal/1751540125233417500_0331_10000010000000000.jpg,1751540125233417500_0331_10000010000000000.jpg,normal,0,normal,0,0,5.326517105102539
/Users/rashid/data/DS/AD/Cobots_Synthetic/test/unexpected_person/PLeft/normal/1751540125434686900_0332_10000010000000000.jpg,1751540125434686900_0332_10000010000000000.jpg,normal,0,normal,0,0,5.326517105102539
/Users/rashid/data/DS/AD/Cobots_Synthetic/test/unexpected_person/PLeft/normal/1751540125619171500_0333_10000010000000000.jpg,1751540125619171500_0333_10000010000000000.jpg,normal,0,normal,0,0,5.326517105102539
/Users/rashid/data/DS/AD/Cobots_Synthetic/test/unexpected_person/PLeft/normal/1751540125817337100_0334_10000010000000000.jpg,1751540125817337100_0334_10000010000000000.jpg,normal,0,normal,0,0,5.326517105102539
/Users/rashid/data/DS/AD/Cobots_Synthetic/test/unexpected_person/PLeft/normal/1751540126005256800_0335_10000010000000000.jpg,1751540126005256800_0335_10000010000000000.jpg,normal,0,normal,0,0,5.326517105102539
/Users/rashid/data/DS/AD/Cobots_Synthetic/test/unexpected_person/PLeft/normal/1751540126234832000_0336_10000010000000000.jpg,1751540126234832000_0336_10000010000000000.jpg,normal,0,normal,0,0,5.326517105102539
/Users/rashid/data/DS/AD/Cobots_Synthetic/test/unexpected_person/PLeft/normal/1751540126417026700_0337_10000010000000000.jpg,1751540126417026700_0337_10000010000000000.jpg,normal,0,normal,0,0,5.326517105102539
/Users/rashid/data/DS/AD/Cobots_Synthetic/test/unexpected_person/PLeft/normal/1751540126632954900_0338_10000010000000000.jpg,1751540126632954900_0338_10000010000000000.jpg,normal,0,normal,0,0,5.326517105102539
/Users/rashid/data/DS/AD/Cobots_Synthetic/test/unexpected_person/PLeft/normal/1751540126800503400_0339_10000010000000000.jpg,1751540126800503400_0339_10000010000000000.jpg,normal,0,normal,0,0,5.326517105102539
/Users/rashid/data/DS/AD/Cobots_Synthetic/test/unexpected_person/PLeft/normal/1751540127021117700_0340_10000010000000000.jpg,1751540127021117700_0340_10000010000000000.jpg,normal,0,normal,0,0,5.326517105102539
/Users/rashid/data/DS/AD/Cobots_Synthetic/test/unexpected_person/PLeft/normal/1751540127230997100_0341_10000010000000000.jpg,1751540127230997100_0341_10000010000000000.jpg,normal,0,normal,0,0,5.326517105102539
/Users/rashid/data/DS/AD/Cobots_Synthetic/test/unexpected_person/PLeft/normal/1751540127429152000_0342_10000010000000000.jpg,1751540127429152000_0342_10000010000000000.jpg,normal,0,normal,0,0,5.326517105102539
/Users/rashid/data/DS/AD/Cobots_Synthetic/test/unexpected_person/PLeft/normal/1751540127618406900_0343_10000010000000000.jpg,1751540127618406900_0343_10000010000000000.jpg,normal,0,normal,0,0,5.326517105102539
/Users/rashid/data/DS/AD/Cobots_Synthetic/test/unexpected_person/PLeft/normal/1751540127813225700_0344_10000010000000000.jpg,1751540127813225700_0344_10000010000000000.jpg,normal,0,normal,0,0,5.326517105102539
/Users/rashid/data/DS/AD/Cobots_Synthetic/test/unexpected_person/PLeft/normal/1751540128013749200_0345_10000010000000000.jpg,1751540128013749200_0345_10000010000000000.jpg,normal,0,normal,0,0,5.326517105102539
/Users/rashid/data/DS/AD/Cobots_Synthetic/test/unexpected_person/PLeft/unexpected_person/1751540273438581700_1064_10000000000000000.jpg,1751540273438581700_1064_10000000000000000.jpg,unexpected_person,1,unexpected_person,1,0,5.591537952423096
/Users/rashid/data/DS/AD/Cobots_Synthetic/test/unexpected_person/PLeft/unexpected_person/1751540273646728700_1065_10000000000000000.jpg,1751540273646728700_1065_10000000000000000.jpg,unexpected_person,1,unexpected_person,1,0,9.934593200683594
/Users/rashid/data/DS/AD/Cobots_Synthetic/test/unexpected_person/PLeft/unexpected_person/1751540273834391700_1066_10000000000000000.jpg,1751540273834391700_1066_10000000000000000.jpg,unexpected_person,1,unexpected_person,1,0,21.055580139160156
/Users/rashid/data/DS/AD/Cobots_Synthetic/test/unexpected_person/PLeft/unexpected_person/1751540274037031400_1067_10000000000000000.jpg,1751540274037031400_1067_10000000000000000.jpg,unexpected_person,1,unexpected_person,1,0,31.184642791748047
/Users/rashid/data/DS/AD/Cobots_Synthetic/test/unexpected_person/PLeft/unexpected_person/1751540274234299800_1068_10000000000000000.jpg,1751540274234299800_1068_10000000000000000.jpg,unexpected_person,1,unexpected_person,1,0,29.164104461669922
/Users/rashid/data/DS/AD/Cobots_Synthetic/test/unexpected_person/PLeft/unexpected_person/1751540274437497500_1069_10000000000000000.jpg,1751540274437497500_1069_10000000000000000.jpg,unexpected_person,1,unexpected_person,1,0,34.6515998840332
/Users/rashid/data/DS/AD/Cobots_Synthetic/test/unexpected_person/PLeft/unexpected_person/1751540274640754400_1070_10000000000000000.jpg,1751540274640754400_1070_10000000000000000.jpg,unexpected_person,1,unexpected_person,1,0,30.16251564025879
/Users/rashid/data/DS/AD/Cobots_Synthetic/test/unexpected_person/PLeft/unexpected_person/1751540274831324400_1071_10000000000000000.jpg,1751540274831324400_1071_10000000000000000.jpg,unexpected_person,1,unexpected_person,1,0,33.69648742675781
/Users/rashid/data/DS/AD/Cobots_Synthetic/test/unexpected_person/PLeft/unexpected_person/1751540275020960700_1072_10000000000000000.jpg,1751540275020960700_1072_10000000000000000.jpg,unexpected_person,1,unexpected_person,1,0,30.71836280822754
/Users/rashid/data/DS/AD/Cobots_Synthetic/test/unexpected_person/PLeft/unexpected_person/1751540275235974400_1073_10000000000000000.jpg,1751540275235974400_1073_10000000000000000.jpg,unexpected_person,1,unexpected_person,1,0,28.721858978271484
/Users/rashid/data/DS/AD/Cobots_Synthetic/test/unexpected_person/PLeft/unexpected_person/1751540275444549600_1074_10000000000000000.jpg,1751540275444549600_1074_10000000000000000.jpg,unexpected_person,1,unexpected_person,1,0,28.024072647094727
/Users/rashid/data/DS/AD/Cobots_Synthetic/test/unexpected_person/PLeft/unexpected_person/1751540275626183700_1075_10000000000000000.jpg,1751540275626183700_1075_10000000000000000.jpg,unexpected_person,1,unexpected_person,1,0,23.250158309936523
/Users/rashid/data/DS/AD/Cobots_Synthetic/test/unexpected_person/PLeft/unexpected_person/1751540275829740300_1076_10000000000000000.jpg,1751540275829740300_1076_10000000000000000.jpg,unexpected_person,1,unexpected_person,1,0,19.395828247070312
/Users/rashid/data/DS/AD/Cobots_Synthetic/test/unexpected_person/PLeft/unexpected_person/1751540276023907000_1077_10000000000000000.jpg,1751540276023907000_1077_10000000000000000.jpg,unexpected_person,1,unexpected_person,1,0,12.250910758972168
/Users/rashid/data/DS/AD/Cobots_Synthetic/test/unexpected_person/PLeft/unexpected_person/1751540276249817500_1078_10000000000000000.jpg,1751540276249817500_1078_10000000000000000.jpg,unexpected_person,1,unexpected_person,1,0,6.71670389175415
/Users/rashid/data/DS/AD/Cobots_Synthetic/test/unexpected_person/PLeft/unexpected_person/1751540404631510100_1688_10000000000000000.jpg,1751540404631510100_1688_10000000000000000.jpg,unexpected_person,1,unexpected_person,1,0,28.05486297607422
/Users/rashid/data/DS/AD/Cobots_Synthetic/test/unexpected_person/PLeft/unexpected_person/1751540404826118800_1689_10000000000000000.jpg,1751540404826118800_1689_10000000000000000.jpg,unexpected_person,1,unexpected_person,1,0,37.301292419433594
/Users/rashid/data/DS/AD/Cobots_Synthetic/test/unexpected_person/PLeft/unexpected_person/1751540405033194300_1690_10000000000000000.jpg,1751540405033194300_1690_10000000000000000.jpg,unexpected_person,1,unexpected_person,1,0,36.64250946044922
/Users/rashid/data/DS/AD/Cobots_Synthetic/test/unexpected_person/PLeft/unexpected_person/1751540405233217100_1691_10000000000000000.jpg,1751540405233217100_1691_10000000000000000.jpg,unexpected_person,1,unexpected_person,1,0,36.80647277832031
/Users/rashid/data/DS/AD/Cobots_Synthetic/test/unexpected_person/PLeft/unexpected_person/1751540405433537600_1692_10000000000000000.jpg,1751540405433537600_1692_10000000000000000.jpg,unexpected_person,1,unexpected_person,1,0,34.687103271484375
/Users/rashid/data/DS/AD/Cobots_Synthetic/test/unexpected_person/PLeft/unexpected_person/1751540405632175900_1693_10000000000000000.jpg,1751540405632175900_1693_10000000000000000.jpg,unexpected_person,1,unexpected_person,1,0,34.39121627807617
/Users/rashid/data/DS/AD/Cobots_Synthetic/test/unexpected_person/PLeft/unexpected_person/1751540405829087500_1694_10000000000000000.jpg,1751540405829087500_1694_10000000000000000.jpg,unexpected_person,1,unexpected_person,1,0,38.68799591064453
/Users/rashid/data/DS/AD/Cobots_Synthetic/test/unexpected_person/PLeft/unexpected_person/1751540406044621300_1695_10000000000000000.jpg,1751540406044621300_1695_10000000000000000.jpg,unexpected_person,1,unexpected_person,1,0,35.905548095703125
/Users/rashid/data/DS/AD/Cobots_Synthetic/test/unexpected_person/PLeft/unexpected_person/1751540406458032900_1696_10000000000000000.jpg,1751540406458032900_1696_10000000000000000.jpg,unexpected_person,1,unexpected_person,1,0,41.625179290771484
/Users/rashid/data/DS/AD/Cobots_Synthetic/test/unexpected_person/PLeft/unexpected_person/1751540406836515800_1697_10000000000000000.jpg,1751540406836515800_1697_10000000000000000.jpg,unexpected_person,1,unexpected_person,1,0,35.89729309082031
/Users/rashid/data/DS/AD/Cobots_Synthetic/test/unexpected_person/PLeft/unexpected_person/1751540407029277000_1698_10000000000000000.jpg,1751540407029277000_1698_10000000000000000.jpg,unexpected_person,1,unexpected_person,1,0,32.96169662475586
/Users/rashid/data/DS/AD/Cobots_Synthetic/test/unexpected_person/PLeft/unexpected_person/1751540407270200400_1699_10000000000000000.jpg,1751540407270200400_1699_10000000000000000.jpg,unexpected_person,1,unexpected_person,1,0,32.20073318481445
/Users/rashid/data/DS/AD/Cobots_Synthetic/test/unexpected_person/PLeft/unexpected_person/1751540407454731700_1700_10000000000000000.jpg,1751540407454731700_1700_10000000000000000.jpg,unexpected_person,1,unexpected_person,1,0,37.15939712524414
/Users/rashid/data/DS/AD/Cobots_Synthetic/test/unexpected_person/PLeft/unexpected_person/1751540407647068900_1701_10000000000000000.jpg,1751540407647068900_1701_10000000000000000.jpg,unexpected_person,1,unexpected_person,1,0,31.747350692749023
/Users/rashid/data/DS/AD/Cobots_Synthetic/test/unexpected_person/PLeft/unexpected_person/1751540407845351200_1702_10000000000000000.jpg,1751540407845351200_1702_10000000000000000.jpg,unexpected_person,1,unexpected_person,1,0,31.751367568969727
/Users/rashid/data/DS/AD/Cobots_Synthetic/test/unexpected_person/PLeft/unexpected_person/1751540408053419800_1703_10000000000000000.jpg,1751540408053419800_1703_10000000000000000.jpg,unexpected_person,1,unexpected_person,1,0,19.98943519592285
/Users/rashid/data/DS/AD/Cobots_Synthetic/test/unexpected_person/PLeft/unexpected_person/1751540494040405400_2092_10000000000000000.jpg,1751540494040405400_2092_10000000000000000.jpg,unexpected_person,1,unexpected_person,1,0,9.253629684448242
/Users/rashid/data/DS/AD/Cobots_Synthetic/test/unexpected_person/PLeft/unexpected_person/1751540494236334900_2093_10000000000000000.jpg,1751540494236334900_2093_10000000000000000.jpg,unexpected_person,1,unexpected_person,1,0,19.785701751708984
/Users/rashid/data/DS/AD/Cobots_Synthetic/test/unexpected_person/PLeft/unexpected_person/1751540494432986400_2094_10000000000000000.jpg,1751540494432986400_2094_10000000000000000.jpg,unexpected_person,1,unexpected_person,1,0,24.133445739746094
/Users/rashid/data/DS/AD/Cobots_Synthetic/test/unexpected_person/PLeft/unexpected_person/1751540494638246900_2095_10000000000000000.jpg,1751540494638246900_2095_10000000000000000.jpg,unexpected_person,1,unexpected_person,1,0,29.409852981567383
/Users/rashid/data/DS/AD/Cobots_Synthetic/test/unexpected_person/PLeft/unexpected_person/1751540494837017300_2096_10000000000000000.jpg,1751540494837017300_2096_10000000000000000.jpg,unexpected_person,1,unexpected_person,1,0,26.302839279174805
/Users/rashid/data/DS/AD/Cobots_Synthetic/test/unexpected_person/PLeft/unexpected_person/1751540495035035800_2097_10000000000000000.jpg,1751540495035035800_2097_10000000000000000.jpg,unexpected_person,1,unexpected_person,1,0,28.45025062561035
/Users/rashid/data/DS/AD/Cobots_Synthetic/test/unexpected_person/PLeft/unexpected_person/1751540495241686100_2098_10000000000000000.jpg,1751540495241686100_2098_10000000000000000.jpg,unexpected_person,1,unexpected_person,1,0,26.862369537353516
/Users/rashid/data/DS/AD/Cobots_Synthetic/test/unexpected_person/PLeft/unexpected_person/1751540495448384300_2099_10000000000000000.jpg,1751540495448384300_2099_10000000000000000.jpg,unexpected_person,1,unexpected_person,1,0,25.220664978027344
/Users/rashid/data/DS/AD/Cobots_Synthetic/test/unexpected_person/PLeft/unexpected_person/1751540495666369500_2100_10000000000000000.jpg,1751540495666369500_2100_10000000000000000.jpg,unexpected_person,1,unexpected_person,1,0,26.38605308532715
/Users/rashid/data/DS/AD/Cobots_Synthetic/test/unexpected_person/PLeft/unexpected_person/1751540495837517200_2101_10000000000000000.jpg,1751540495837517200_2101_10000000000000000.jpg,unexpected_person,1,unexpected_person,1,0,23.12310791015625
/Users/rashid/data/DS/AD/Cobots_Synthetic/test/unexpected_person/PLeft/unexpected_person/1751540496241544000_2102_10000000000000000.jpg,1751540496241544000_2102_10000000000000000.jpg,unexpected_person,1,unexpected_person,1,0,24.537416458129883
/Users/rashid/data/DS/AD/Cobots_Synthetic/test/unexpected_person/PLeft/unexpected_person/1751540496449992700_2103_10000000000000000.jpg,1751540496449992700_2103_10000000000000000.jpg,unexpected_person,1,unexpected_person,1,0,23.104576110839844
/Users/rashid/data/DS/AD/Cobots_Synthetic/test/unexpected_person/PLeft/unexpected_person/1751540496656991300_2104_10000000000000000.jpg,1751540496656991300_2104_10000000000000000.jpg,unexpected_person,1,unexpected_person,1,0,22.43954086303711
/Users/rashid/data/DS/AD/Cobots_Synthetic/test/unexpected_person/PLeft/unexpected_person/1751540496865420000_2105_10000000000000000.jpg,1751540496865420000_2105_10000000000000000.jpg,unexpected_person,1,unexpected_person,1,0,20.5158634185791
/Users/rashid/data/DS/AD/Cobots_Synthetic/test/unexpected_person/PLeft/unexpected_person/1751540497055956900_2106_10000000000000000.jpg,1751540497055956900_2106_10000000000000000.jpg,unexpected_person,1,unexpected_person,1,0,20.338163375854492
/Users/rashid/data/DS/AD/Cobots_Synthetic/test/unexpected_person/PLeft/unexpected_person/1751540497237444500_2107_10000000000000000.jpg,1751540497237444500_2107_10000000000000000.jpg,unexpected_person,1,unexpected_person,1,0,22.54776382446289
/Users/rashid/data/DS/AD/Cobots_Synthetic/test/unexpected_person/PLeft/unexpected_person/1751540497650530600_2108_10000000000000000.jpg,1751540497650530600_2108_10000000000000000.jpg,unexpected_person,1,unexpected_person,1,0,20.393308639526367
/Users/rashid/data/DS/AD/Cobots_Synthetic/test/unexpected_person/PLeft/unexpected_person/1751540497840135700_2109_10000000000000000.jpg,1751540497840135700_2109_10000000000000000.jpg,unexpected_person,1,unexpected_person,1,0,19.943706512451172
/Users/rashid/data/DS/AD/Cobots_Synthetic/test/unexpected_person/PLeft/unexpected_person/1751540498056669400_2110_10000000000000000.jpg,1751540498056669400_2110_10000000000000000.jpg,unexpected_person,1,unexpected_person,1,0,19.882511138916016
/Users/rashid/data/DS/AD/Cobots_Synthetic/test/unexpected_person/PLeft/unexpected_person/1751540498258046500_2111_10000000000000000.jpg,1751540498258046500_2111_10000000000000000.jpg,unexpected_person,1,unexpected_person,1,0,16.63407325744629
/Users/rashid/data/DS/AD/Cobots_Synthetic/test/unexpected_person/PLeft/unexpected_person/1751540498468380600_2112_10000000000000000.jpg,1751540498468380600_2112_10000000000000000.jpg,unexpected_person,1,unexpected_person,1,0,14.933334350585938
/Users/rashid/data/DS/AD/Cobots_Synthetic/test/unexpected_person/PLeft/unexpected_person/1751540498642327800_2113_10000000000000000.jpg,1751540498642327800_2113_10000000000000000.jpg,unexpected_person,1,unexpected_person,1,0,9.095077514648438
/Users/rashid/data/DS/AD/Cobots_Synthetic/test/unexpected_person/PLeft/unexpected_person/1751540498848155900_2114_10000000000000000.jpg,1751540498848155900_2114_10000000000000000.jpg,unexpected_person,1,unexpected_person,1,0,5.338428020477295
/Users/rashid/data/DS/AD/Cobots_Synthetic/test/unexpected_person/PLeft/unexpected_person/1751540499052477900_2115_10000000000000000.jpg,1751540499052477900_2115_10000000000000000.jpg,unexpected_person,1,unexpected_person,1,0,13.098581314086914
/Users/rashid/data/DS/AD/Cobots_Synthetic/test/unexpected_person/PLeft/unexpected_person/1751540499267685500_2116_10000000000000000.jpg,1751540499267685500_2116_10000000000000000.jpg,unexpected_person,1,unexpected_person,1,0,16.595394134521484
/Users/rashid/data/DS/AD/Cobots_Synthetic/test/unexpected_person/PLeft/unexpected_person/1751540499479789900_2117_10000000000000000.jpg,1751540499479789900_2117_10000000000000000.jpg,unexpected_person,1,unexpected_person,1,0,17.527286529541016
/Users/rashid/data/DS/AD/Cobots_Synthetic/test/unexpected_person/PLeft/unexpected_person/1751540499653644000_2118_10000000000000000.jpg,1751540499653644000_2118_10000000000000000.jpg,unexpected_person,1,unexpected_person,1,0,18.974445343017578
/Users/rashid/data/DS/AD/Cobots_Synthetic/test/unexpected_person/PLeft/unexpected_person/1751540499869554300_2119_10000000000000000.jpg,1751540499869554300_2119_10000000000000000.jpg,unexpected_person,1,unexpected_person,1,0,18.762531280517578
/Users/rashid/data/DS/AD/Cobots_Synthetic/test/unexpected_person/PLeft/unexpected_person/1751540500051127600_2120_10000000000000000.jpg,1751540500051127600_2120_10000000000000000.jpg,unexpected_person,1,unexpected_person,1,0,17.604190826416016
/Users/rashid/data/DS/AD/Cobots_Synthetic/test/unexpected_person/PLeft/unexpected_person/1751540500247192200_2121_10000000000000000.jpg,1751540500247192200_2121_10000000000000000.jpg,unexpected_person,1,unexpected_person,1,0,18.138925552368164
/Users/rashid/data/DS/AD/Cobots_Synthetic/test/unexpected_person/PLeft/unexpected_person/1751540500462588500_2122_10000000000000000.jpg,1751540500462588500_2122_10000000000000000.jpg,unexpected_person,1,unexpected_person,1,0,19.816205978393555
/Users/rashid/data/DS/AD/Cobots_Synthetic/test/unexpected_person/PLeft/unexpected_person/1751540500643888000_2123_10000000000000000.jpg,1751540500643888000_2123_10000000000000000.jpg,unexpected_person,1,unexpected_person,1,0,18.658313751220703
/Users/rashid/data/DS/AD/Cobots_Synthetic/test/unexpected_person/PLeft/unexpected_person/1751540500858362300_2124_10000000000000000.jpg,1751540500858362300_2124_10000000000000000.jpg,unexpected_person,1,unexpected_person,1,0,17.898792266845703
/Users/rashid/data/DS/AD/Cobots_Synthetic/test/unexpected_person/PLeft/unexpected_person/1751540501044322000_2125_10000000000000000.jpg,1751540501044322000_2125_10000000000000000.jpg,unexpected_person,1,unexpected_person,1,0,18.020505905151367
/Users/rashid/data/DS/AD/Cobots_Synthetic/test/unexpected_person/PLeft/unexpected_person/1751540501453290300_2126_10000000000000000.jpg,1751540501453290300_2126_10000000000000000.jpg,unexpected_person,1,unexpected_person,1,0,19.299877166748047
/Users/rashid/data/DS/AD/Cobots_Synthetic/test/unexpected_person/PLeft/unexpected_person/1751540501670153900_2127_10000000000000000.jpg,1751540501670153900_2127_10000000000000000.jpg,unexpected_person,1,unexpected_person,1,0,18.722238540649414
/Users/rashid/data/DS/AD/Cobots_Synthetic/test/unexpected_person/PLeft/unexpected_person/1751540501846251500_2128_10000000000000000.jpg,1751540501846251500_2128_10000000000000000.jpg,unexpected_person,1,unexpected_person,1,0,19.59724235534668
/Users/rashid/data/DS/AD/Cobots_Synthetic/test/unexpected_person/PLeft/unexpected_person/1751540502051615100_2129_10000000000000000.jpg,1751540502051615100_2129_10000000000000000.jpg,unexpected_person,1,unexpected_person,1,0,20.763463973999023
/Users/rashid/data/DS/AD/Cobots_Synthetic/test/unexpected_person/PLeft/unexpected_person/1751540502273834100_2130_10000000000000000.jpg,1751540502273834100_2130_10000000000000000.jpg,unexpected_person,1,unexpected_person,1,0,19.58490562438965
/Users/rashid/data/DS/AD/Cobots_Synthetic/test/unexpected_person/PLeft/unexpected_person/1751540502452845700_2131_10000000000000000.jpg,1751540502452845700_2131_10000000000000000.jpg,unexpected_person,1,unexpected_person,1,0,19.093765258789062
/Users/rashid/data/DS/AD/Cobots_Synthetic/test/unexpected_person/PLeft/unexpected_person/1751540502671235100_2132_10000000000000000.jpg,1751540502671235100_2132_10000000000000000.jpg,unexpected_person,1,unexpected_person,1,0,20.575855255126953
/Users/rashid/data/DS/AD/Cobots_Synthetic/test/unexpected_person/PLeft/unexpected_person/1751540502865963900_2133_10000000000000000.jpg,1751540502865963900_2133_10000000000000000.jpg,unexpected_person,1,unexpected_person,1,0,18.01207160949707
/Users/rashid/data/DS/AD/Cobots_Synthetic/test/unexpected_person/PLeft/unexpected_person/1751540503072613700_2134_10000000000000000.jpg,1751540503072613700_2134_10000000000000000.jpg,unexpected_person,1,unexpected_person,1,0,21.229400634765625
/Users/rashid/data/DS/AD/Cobots_Synthetic/test/unexpected_person/PLeft/unexpected_person/1751540503254769100_2135_10000000000000000.jpg,1751540503254769100_2135_10000000000000000.jpg,unexpected_person,1,unexpected_person,1,0,20.488056182861328
/Users/rashid/data/DS/AD/Cobots_Synthetic/test/unexpected_person/PLeft/unexpected_person/1751540503452613500_2136_10000000000000000.jpg,1751540503452613500_2136_10000000000000000.jpg,unexpected_person,1,unexpected_person,1,0,19.14931297302246
/Users/rashid/data/DS/AD/Cobots_Synthetic/test/unexpected_person/PLeft/unexpected_person/1751540503644939800_2137_10000000000000000.jpg,1751540503644939800_2137_10000000000000000.jpg,unexpected_person,1,unexpected_person,1,0,22.128374099731445
/Users/rashid/data/DS/AD/Cobots_Synthetic/test/unexpected_person/PLeft/unexpected_person/1751540503850696600_2138_10000000000000000.jpg,1751540503850696600_2138_10000000000000000.jpg,unexpected_person,1,unexpected_person,1,0,22.59275245666504
/Users/rashid/data/DS/AD/Cobots_Synthetic/test/unexpected_person/PLeft/unexpected_person/1751540504049872700_2139_10000000000000000.jpg,1751540504049872700_2139_10000000000000000.jpg,unexpected_person,1,unexpected_person,1,0,16.05166244506836
/Users/rashid/data/DS/AD/Cobots_Synthetic/test/unexpected_person/PLeft/unexpected_person/1751540504255735800_2140_10000000000000000.jpg,1751540504255735800_2140_10000000000000000.jpg,unexpected_person,1,unexpected_person,1,0,9.793156623840332
/Users/rashid/data/DS/AD/Cobots_Synthetic/test/unexpected_person/PLeft/unexpected_person/1751540504447122200_2141_10000000000000000.jpg,1751540504447122200_2141_10000000000000000.jpg,unexpected_person,1,unexpected_person,1,0,5.327491760253906
/Users/rashid/data/DS/AD/Cobots_Synthetic/test/unexpected_person/PLeft/unexpected_person/1751540900446217200_3925_10000010000000000.jpg,1751540900446217200_3925_10000010000000000.jpg,unexpected_person,1,unexpected_person,1,0,21.094411849975586
/Users/rashid/data/DS/AD/Cobots_Synthetic/test/unexpected_person/PLeft/unexpected_person/1751540900660416600_3926_10000010000000000.jpg,1751540900660416600_3926_10000010000000000.jpg,unexpected_person,1,unexpected_person,1,0,29.00860595703125
/Users/rashid/data/DS/AD/Cobots_Synthetic/test/unexpected_person/PLeft/unexpected_person/1751540900860519900_3927_10000010000000000.jpg,1751540900860519900_3927_10000010000000000.jpg,unexpected_person,1,unexpected_person,1,0,30.044649124145508
/Users/rashid/data/DS/AD/Cobots_Synthetic/test/unexpected_person/PLeft/unexpected_person/1751540901048905700_3928_10000000000000000.jpg,1751540901048905700_3928_10000000000000000.jpg,unexpected_person,1,unexpected_person,1,0,35.45689392089844
/Users/rashid/data/DS/AD/Cobots_Synthetic/test/unexpected_person/PLeft/unexpected_person/1751540901257122600_3929_10000000000000000.jpg,1751540901257122600_3929_10000000000000000.jpg,unexpected_person,1,unexpected_person,1,0,37.189064025878906
/Users/rashid/data/DS/AD/Cobots_Synthetic/test/unexpected_person/PLeft/unexpected_person/1751540901457579500_3930_10000000000000000.jpg,1751540901457579500_3930_10000000000000000.jpg,unexpected_person,1,unexpected_person,1,0,38.06376647949219
/Users/rashid/data/DS/AD/Cobots_Synthetic/test/unexpected_person/PLeft/unexpected_person/1751540901662480300_3931_10000000000000000.jpg,1751540901662480300_3931_10000000000000000.jpg,unexpected_person,1,unexpected_person,1,0,34.1485481262207
/Users/rashid/data/DS/AD/Cobots_Synthetic/test/unexpected_person/PLeft/unexpected_person/1751540901843324800_3932_10000000000000000.jpg,1751540901843324800_3932_10000000000000000.jpg,unexpected_person,1,unexpected_person,1,0,37.09440994262695
/Users/rashid/data/DS/AD/Cobots_Synthetic/test/unexpected_person/PLeft/unexpected_person/1751540902051363200_3933_10000000000000000.jpg,1751540902051363200_3933_10000000000000000.jpg,unexpected_person,1,unexpected_person,1,0,34.76219177246094
/Users/rashid/data/DS/AD/Cobots_Synthetic/test/unexpected_person/PLeft/unexpected_person/1751540902237626400_3934_10000000000000000.jpg,1751540902237626400_3934_10000000000000000.jpg,unexpected_person,1,unexpected_person,1,0,30.36467170715332
/Users/rashid/data/DS/AD/Cobots_Synthetic/test/unexpected_person/PLeft/unexpected_person/1751540902456231400_3935_10000000000000000.jpg,1751540902456231400_3935_10000000000000000.jpg,unexpected_person,1,unexpected_person,1,0,27.611528396606445
/Users/rashid/data/DS/AD/Cobots_Synthetic/test/unexpected_person/PLeft/unexpected_person/1751540902641667600_3936_10000000000000000.jpg,1751540902641667600_3936_10000000000000000.jpg,unexpected_person,1,unexpected_person,1,0,21.981067657470703
/Users/rashid/data/DS/AD/Cobots_Synthetic/test/unexpected_person/PLeft/unexpected_person/1751540902844962000_3937_10000000000000000.jpg,1751540902844962000_3937_10000000000000000.jpg,unexpected_person,1,unexpected_person,1,0,18.544200897216797
/Users/rashid/data/DS/AD/Cobots_Synthetic/test/unexpected_person/PLeft/unexpected_person/1751540903243704500_3938_10000000000000000.jpg,1751540903243704500_3938_10000000000000000.jpg,unexpected_person,1,unexpected_person,1,0,14.01401138305664
/Users/rashid/data/DS/AD/Cobots_Synthetic/test/unexpected_person/PLeft/unexpected_person/1751541027029861900_4522_10000010000000000.jpg,1751541027029861900_4522_10000010000000000.jpg,unexpected_person,1,unexpected_person,1,0,31.637046813964844
/Users/rashid/data/DS/AD/Cobots_Synthetic/test/unexpected_person/PLeft/unexpected_person/1751541027230747300_4523_10000010000000000.jpg,1751541027230747300_4523_10000010000000000.jpg,unexpected_person,1,unexpected_person,1,0,37.900970458984375
/Users/rashid/data/DS/AD/Cobots_Synthetic/test/unexpected_person/PLeft/unexpected_person/1751541027424478900_4524_10000010000000000.jpg,1751541027424478900_4524_10000010000000000.jpg,unexpected_person,1,unexpected_person,1,0,37.96131896972656
/Users/rashid/data/DS/AD/Cobots_Synthetic/test/unexpected_person/PLeft/unexpected_person/1751541027834465400_4525_10000010000000000.jpg,1751541027834465400_4525_10000010000000000.jpg,unexpected_person,1,unexpected_person,1,0,41.44633102416992
/Users/rashid/data/DS/AD/Cobots_Synthetic/test/unexpected_person/PLeft/unexpected_person/1751541028032435700_4526_10000010000000000.jpg,1751541028032435700_4526_10000010000000000.jpg,unexpected_person,1,unexpected_person,1,0,37.770721435546875
/Users/rashid/data/DS/AD/Cobots_Synthetic/test/unexpected_person/PLeft/unexpected_person/1751541028235551300_4527_10000010000000000.jpg,1751541028235551300_4527_10000010000000000.jpg,unexpected_person,1,unexpected_person,1,0,37.952213287353516
/Users/rashid/data/DS/AD/Cobots_Synthetic/test/unexpected_person/PLeft/unexpected_person/1751541028435169100_4528_10000010000000000.jpg,1751541028435169100_4528_10000010000000000.jpg,unexpected_person,1,unexpected_person,1,0,41.04182434082031
/Users/rashid/data/DS/AD/Cobots_Synthetic/test/unexpected_person/PLeft/unexpected_person/1751541028614759400_4529_10000010000000000.jpg,1751541028614759400_4529_10000010000000000.jpg,unexpected_person,1,unexpected_person,1,0,42.11292266845703
/Users/rashid/data/DS/AD/Cobots_Synthetic/test/unexpected_person/PLeft/unexpected_person/1751541028877915100_4530_10000010000000000.jpg,1751541028877915100_4530_10000010000000000.jpg,unexpected_person,1,unexpected_person,1,0,40.81861114501953
/Users/rashid/data/DS/AD/Cobots_Synthetic/test/unexpected_person/PLeft/unexpected_person/1751541029054880600_4531_10000010000000000.jpg,1751541029054880600_4531_10000010000000000.jpg,unexpected_person,1,unexpected_person,1,0,35.94890594482422
/Users/rashid/data/DS/AD/Cobots_Synthetic/test/unexpected_person/PLeft/unexpected_person/1751541029424726300_4532_10000000000000000.jpg,1751541029424726300_4532_10000000000000000.jpg,unexpected_person,1,unexpected_person,1,0,37.95323181152344
/Users/rashid/data/DS/AD/Cobots_Synthetic/test/unexpected_person/PLeft/unexpected_person/1751541029646807500_4533_10000000000000000.jpg,1751541029646807500_4533_10000000000000000.jpg,unexpected_person,1,unexpected_person,1,0,36.92629623413086
/Users/rashid/data/DS/AD/Cobots_Synthetic/test/unexpected_person/PLeft/unexpected_person/1751541029833885700_4534_10000000000000000.jpg,1751541029833885700_4534_10000000000000000.jpg,unexpected_person,1,unexpected_person,1,0,38.06113815307617
/Users/rashid/data/DS/AD/Cobots_Synthetic/test/unexpected_person/PLeft/unexpected_person/1751541030031996800_4535_10000000000000000.jpg,1751541030031996800_4535_10000000000000000.jpg,unexpected_person,1,unexpected_person,1,0,38.38203430175781
/Users/rashid/data/DS/AD/Cobots_Synthetic/test/unexpected_person/PLeft/unexpected_person/1751541030220655100_4536_10000000000000000.jpg,1751541030220655100_4536_10000000000000000.jpg,unexpected_person,1,unexpected_person,1,0,26.262989044189453
/Users/rashid/data/DS/AD/Cobots_Synthetic/test/unexpected_person/PLeft/unexpected_person/1751541030420579000_4537_10000000000000000.jpg,1751541030420579000_4537_10000000000000000.jpg,unexpected_person,1,unexpected_person,1,0,16.889034271240234
/Users/rashid/data/DS/AD/Cobots_Synthetic/test/unexpected_person/PLeft/unexpected_person/1751541030645367200_4538_10000000000000000.jpg,1751541030645367200_4538_10000000000000000.jpg,unexpected_person,1,unexpected_person,1,0,17.24090003967285
/Users/rashid/data/DS/AD/Cobots_Synthetic/test/unexpected_person/PLeft/unexpected_person/1751541030838825100_4539_10000000000000000.jpg,1751541030838825100_4539_10000000000000000.jpg,unexpected_person,1,unexpected_person,1,0,10.825820922851562
/Users/rashid/data/DS/AD/Cobots_Synthetic/test/unexpected_person/PLeft/unexpected_person/1751541128826869600_5021_10000010000000000.jpg,1751541128826869600_5021_10000010000000000.jpg,unexpected_person,1,unexpected_person,1,0,23.012746810913086
/Users/rashid/data/DS/AD/Cobots_Synthetic/test/unexpected_person/PLeft/unexpected_person/1751541129034508400_5022_10000010000000000.jpg,1751541129034508400_5022_10000010000000000.jpg,unexpected_person,1,unexpected_person,1,0,26.945844650268555
/Users/rashid/data/DS/AD/Cobots_Synthetic/test/unexpected_person/PLeft/unexpected_person/1751541129220784000_5023_10000010000000000.jpg,1751541129220784000_5023_10000010000000000.jpg,unexpected_person,1,unexpected_person,1,0,33.262054443359375
/Users/rashid/data/DS/AD/Cobots_Synthetic/test/unexpected_person/PLeft/unexpected_person/1751541129415799800_5024_10000010000000000.jpg,1751541129415799800_5024_10000010000000000.jpg,unexpected_person,1,unexpected_person,1,0,32.56543731689453
/Users/rashid/data/DS/AD/Cobots_Synthetic/test/unexpected_person/PLeft/unexpected_person/1751541129619768000_5025_10000010000000000.jpg,1751541129619768000_5025_10000010000000000.jpg,unexpected_person,1,unexpected_person,1,0,33.100311279296875
/Users/rashid/data/DS/AD/Cobots_Synthetic/test/unexpected_person/PLeft/unexpected_person/1751541129819592000_5026_10000010000000000.jpg,1751541129819592000_5026_10000010000000000.jpg,unexpected_person,1,unexpected_person,1,0,32.5068359375
/Users/rashid/data/DS/AD/Cobots_Synthetic/test/unexpected_person/PLeft/unexpected_person/1751541130024518200_5027_10000000000000000.jpg,1751541130024518200_5027_10000000000000000.jpg,unexpected_person,1,unexpected_person,1,0,32.779396057128906
/Users/rashid/data/DS/AD/Cobots_Synthetic/test/unexpected_person/PLeft/unexpected_person/1751541130224932400_5028_10000000000000000.jpg,1751541130224932400_5028_10000000000000000.jpg,unexpected_person,1,unexpected_person,1,0,29.55033302307129
/Users/rashid/data/DS/AD/Cobots_Synthetic/test/unexpected_person/PLeft/unexpected_person/1751541130428015300_5029_10000000000000000.jpg,1751541130428015300_5029_10000000000000000.jpg,unexpected_person,1,unexpected_person,1,0,29.731374740600586
/Users/rashid/data/DS/AD/Cobots_Synthetic/test/unexpected_person/PLeft/unexpected_person/1751541130626005800_5030_10000000000000000.jpg,1751541130626005800_5030_10000000000000000.jpg,unexpected_person,1,unexpected_person,1,0,29.361892700195312
/Users/rashid/data/DS/AD/Cobots_Synthetic/test/unexpected_person/PLeft/unexpected_person/1751541130818221600_5031_10000000000000000.jpg,1751541130818221600_5031_10000000000000000.jpg,unexpected_person,1,unexpected_person,1,0,26.351612091064453
/Users/rashid/data/DS/AD/Cobots_Synthetic/test/unexpected_person/PLeft/unexpected_person/1751541131020041900_5032_10000000000000000.jpg,1751541131020041900_5032_10000000000000000.jpg,unexpected_person,1,unexpected_person,1,0,21.409021377563477
/Users/rashid/data/DS/AD/Cobots_Synthetic/test/unexpected_person/PLeft/unexpected_person/1751541131224095100_5033_10000000000000000.jpg,1751541131224095100_5033_10000000000000000.jpg,unexpected_person,1,unexpected_person,1,0,19.82887077331543
/Users/rashid/data/DS/AD/Cobots_Synthetic/test/unexpected_person/PLeft/unexpected_person/1751541131425223100_5034_10000000000000000.jpg,1751541131425223100_5034_10000000000000000.jpg,unexpected_person,1,unexpected_person,1,0,17.434999465942383
/Users/rashid/data/DS/AD/Cobots_Synthetic/test/unexpected_person/PLeft/unexpected_person/1751541131622327600_5035_10000000000000000.jpg,1751541131622327600_5035_10000000000000000.jpg,unexpected_person,1,unexpected_person,1,0,17.367050170898438
/Users/rashid/data/DS/AD/Cobots_Synthetic/test/unexpected_person/PLeft/unexpected_person/1751541131831899100_5036_10000000000000000.jpg,1751541131831899100_5036_10000000000000000.jpg,unexpected_person,1,unexpected_person,1,0,17.34464454650879
/Users/rashid/data/DS/AD/Cobots_Synthetic/test/unexpected_person/PLeft/unexpected_person/1751541132035103900_5037_10000000000000000.jpg,1751541132035103900_5037_10000000000000000.jpg,unexpected_person,1,unexpected_person,1,0,19.57685089111328
/Users/rashid/data/DS/AD/Cobots_Synthetic/test/unexpected_person/PLeft/unexpected_person/1751541132233098100_5038_10000000000000000.jpg,1751541132233098100_5038_10000000000000000.jpg,unexpected_person,1,unexpected_person,1,0,20.32249641418457
/Users/rashid/data/DS/AD/Cobots_Synthetic/test/unexpected_person/PLeft/unexpected_person/1751541132434573100_5039_10000000000000000.jpg,1751541132434573100_5039_10000000000000000.jpg,unexpected_person,1,unexpected_person,1,0,21.182538986206055
/Users/rashid/data/DS/AD/Cobots_Synthetic/test/unexpected_person/PLeft/unexpected_person/1751541132624947000_5040_10000000000000000.jpg,1751541132624947000_5040_10000000000000000.jpg,unexpected_person,1,unexpected_person,1,0,23.9454402923584
/Users/rashid/data/DS/AD/Cobots_Synthetic/test/unexpected_person/PLeft/unexpected_person/1751541132824030600_5041_10000000000000000.jpg,1751541132824030600_5041_10000000000000000.jpg,unexpected_person,1,unexpected_person,1,0,24.3609676361084
/Users/rashid/data/DS/AD/Cobots_Synthetic/test/unexpected_person/PLeft/unexpected_person/1751541133033228500_5042_10000000000000000.jpg,1751541133033228500_5042_10000000000000000.jpg,unexpected_person,1,unexpected_person,1,0,20.789871215820312
/Users/rashid/data/DS/AD/Cobots_Synthetic/test/unexpected_person/PLeft/unexpected_person/1751541133224773700_5043_10000000000000000.jpg,1751541133224773700_5043_10000000000000000.jpg,unexpected_person,1,unexpected_person,1,0,19.9801025390625
/Users/rashid/data/DS/AD/Cobots_Synthetic/test/unexpected_person/PLeft/unexpected_person/1751541133424010100_5044_10000000000000000.jpg,1751541133424010100_5044_10000000000000000.jpg,unexpected_person,1,unexpected_person,1,0,16.2843074798584
/Users/rashid/data/DS/AD/Cobots_Synthetic/test/unexpected_person/PLeft/unexpected_person/1751541133637285100_5045_10000000000000000.jpg,1751541133637285100_5045_10000000000000000.jpg,unexpected_person,1,unexpected_person,1,0,14.41193675994873
/Users/rashid/data/DS/AD/Cobots_Synthetic/test/unexpected_person/PLeft/unexpected_person/1751541133810688000_5046_10000000000000000.jpg,1751541133810688000_5046_10000000000000000.jpg,unexpected_person,1,unexpected_person,1,0,16.558799743652344
/Users/rashid/data/DS/AD/Cobots_Synthetic/test/unexpected_person/PLeft/unexpected_person/1751541134019591400_5047_10000000000000000.jpg,1751541134019591400_5047_10000000000000000.jpg,unexpected_person,1,unexpected_person,1,0,20.999935150146484
/Users/rashid/data/DS/AD/Cobots_Synthetic/test/unexpected_person/PLeft/unexpected_person/1751541134235519000_5048_10000000000000000.jpg,1751541134235519000_5048_10000000000000000.jpg,unexpected_person,1,unexpected_person,1,0,22.962451934814453
/Users/rashid/data/DS/AD/Cobots_Synthetic/test/unexpected_person/PLeft/unexpected_person/1751541134427760900_5049_10000000000000000.jpg,1751541134427760900_5049_10000000000000000.jpg,unexpected_person,1,unexpected_person,1,0,24.662858963012695
/Users/rashid/data/DS/AD/Cobots_Synthetic/test/unexpected_person/PLeft/unexpected_person/1751541134634358200_5050_10000000000000000.jpg,1751541134634358200_5050_10000000000000000.jpg,unexpected_person,1,unexpected_person,1,0,21.75096893310547
/Users/rashid/data/DS/AD/Cobots_Synthetic/test/unexpected_person/PLeft/unexpected_person/1751541134827063400_5051_10000000000000000.jpg,1751541134827063400_5051_10000000000000000.jpg,unexpected_person,1,unexpected_person,1,0,17.32672691345215
/Users/rashid/data/DS/AD/Cobots_Synthetic/test/unexpected_person/PLeft/unexpected_person/1751541135019567700_5052_10000000000000000.jpg,1751541135019567700_5052_10000000000000000.jpg,unexpected_person,1,unexpected_person,1,0,16.37218475341797
/Users/rashid/data/DS/AD/Cobots_Synthetic/test/unexpected_person/PLeft/unexpected_person/1751541135249089000_5053_10000000000000000.jpg,1751541135249089000_5053_10000000000000000.jpg,unexpected_person,1,unexpected_person,1,0,14.908866882324219
/Users/rashid/data/DS/AD/Cobots_Synthetic/test/unexpected_person/PLeft/unexpected_person/1751541135443495900_5054_10000000000000000.jpg,1751541135443495900_5054_10000000000000000.jpg,unexpected_person,1,unexpected_person,1,0,15.281968116760254
/Users/rashid/data/DS/AD/Cobots_Synthetic/test/unexpected_person/PLeft/unexpected_person/1751541135622926500_5055_10000000000000000.jpg,1751541135622926500_5055_10000000000000000.jpg,unexpected_person,1,unexpected_person,1,0,15.196537971496582
/Users/rashid/data/DS/AD/Cobots_Synthetic/test/unexpected_person/PLeft/unexpected_person/1751541135823646500_5056_10000000000000000.jpg,1751541135823646500_5056_10000000000000000.jpg,unexpected_person,1,unexpected_person,1,0,16.244340896606445
/Users/rashid/data/DS/AD/Cobots_Synthetic/test/unexpected_person/PLeft/unexpected_person/1751541136017948500_5057_10000000000000000.jpg,1751541136017948500_5057_10000000000000000.jpg,unexpected_person,1,unexpected_person,1,0,15.879129409790039
/Users/rashid/data/DS/AD/Cobots_Synthetic/test/unexpected_person/PLeft/unexpected_person/1751541136205044700_5058_10000000000000000.jpg,1751541136205044700_5058_10000000000000000.jpg,unexpected_person,1,unexpected_person,1,0,15.74697208404541
/Users/rashid/data/DS/AD/Cobots_Synthetic/test/unexpected_person/PLeft/unexpected_person/1751541136422797400_5059_10000000000000000.jpg,1751541136422797400_5059_10000000000000000.jpg,unexpected_person,1,unexpected_person,1,0,17.6568660736084
/Users/rashid/data/DS/AD/Cobots_Synthetic/test/unexpected_person/PLeft/unexpected_person/1751541136623962000_5060_10000000000000000.jpg,1751541136623962000_5060_10000000000000000.jpg,unexpected_person,1,unexpected_person,1,0,19.079565048217773
/Users/rashid/data/DS/AD/Cobots_Synthetic/test/unexpected_person/PLeft/unexpected_person/1751541136823556900_5061_10000000000000000.jpg,1751541136823556900_5061_10000000000000000.jpg,unexpected_person,1,unexpected_person,1,0,22.477725982666016
/Users/rashid/data/DS/AD/Cobots_Synthetic/test/unexpected_person/PLeft/unexpected_person/1751541137024066800_5062_10000000000000000.jpg,1751541137024066800_5062_10000000000000000.jpg,unexpected_person,1,unexpected_person,1,0,28.728538513183594
/Users/rashid/data/DS/AD/Cobots_Synthetic/test/unexpected_person/PLeft/unexpected_person/1751541137211403100_5063_10000000000000000.jpg,1751541137211403100_5063_10000000000000000.jpg,unexpected_person,1,unexpected_person,1,0,28.19742774963379
/Users/rashid/data/DS/AD/Cobots_Synthetic/test/unexpected_person/PLeft/unexpected_person/1751541137429830700_5064_10000000000000000.jpg,1751541137429830700_5064_10000000000000000.jpg,unexpected_person,1,unexpected_person,1,0,25.46339988708496
/Users/rashid/data/DS/AD/Cobots_Synthetic/test/unexpected_person/PLeft/unexpected_person/1751541137606021600_5065_10000000000000000.jpg,1751541137606021600_5065_10000000000000000.jpg,unexpected_person,1,unexpected_person,1,0,25.5106201171875
/Users/rashid/data/DS/AD/Cobots_Synthetic/test/unexpected_person/PLeft/unexpected_person/1751541137816925300_5066_10000000000000000.jpg,1751541137816925300_5066_10000000000000000.jpg,unexpected_person,1,unexpected_person,1,0,24.267539978027344
/Users/rashid/data/DS/AD/Cobots_Synthetic/test/unexpected_person/PLeft/unexpected_person/1751541138024052600_5067_10000000000000000.jpg,1751541138024052600_5067_10000000000000000.jpg,unexpected_person,1,unexpected_person,1,0,25.0530948638916
/Users/rashid/data/DS/AD/Cobots_Synthetic/test/unexpected_person/PLeft/unexpected_person/1751541138234830600_5068_10000000000000000.jpg,1751541138234830600_5068_10000000000000000.jpg,unexpected_person,1,unexpected_person,1,0,24.221651077270508
/Users/rashid/data/DS/AD/Cobots_Synthetic/test/unexpected_person/PLeft/unexpected_person/1751541138425803300_5069_10000000000000000.jpg,1751541138425803300_5069_10000000000000000.jpg,unexpected_person,1,unexpected_person,1,0,23.953279495239258
/Users/rashid/data/DS/AD/Cobots_Synthetic/test/unexpected_person/PLeft/unexpected_person/1751541138630195600_5070_10000000000000000.jpg,1751541138630195600_5070_10000000000000000.jpg,unexpected_person,1,unexpected_person,1,0,25.062801361083984
/Users/rashid/data/DS/AD/Cobots_Synthetic/test/unexpected_person/PLeft/unexpected_person/1751541138814463800_5071_10000000000000000.jpg,1751541138814463800_5071_10000000000000000.jpg,unexpected_person,1,unexpected_person,1,0,19.75107765197754
/Users/rashid/data/DS/AD/Cobots_Synthetic/test/unexpected_person/PLeft/unexpected_person/1751541139019922900_5072_10000000000000000.jpg,1751541139019922900_5072_10000000000000000.jpg,unexpected_person,1,unexpected_person,1,0,13.82284164428711
/Users/rashid/data/DS/AD/Cobots_Synthetic/test/unexpected_person/PLeft/unexpected_person/1751541139226642700_5073_10000000000000000.jpg,1751541139226642700_5073_10000000000000000.jpg,unexpected_person,1,unexpected_person,1,0,13.318387031555176
