frame,component,offset,sigma,q_1_00,q_0_99,q_0_98,q_0_97,q_0_96,q_0_95,q_0_90,q_0_80,q_0_50
0004,PRight,1,0,0.11162248998880386,0.0335151555389166,0.02241868510842325,0.017013457361608746,0.014908427372574806,0.013304656697437123,0.009994605369865897,0.007563654985278847,0.004456621594727039
0004,PRight,1,1,0.04892687499523163,0.027380380332469943,0.022240204103291035,0.018036287724971775,0.014755390286445626,0.01234573232941327,0.008151601254940034,0.006573962140828372,0.00495601468719542
0004,PRight,1,2,0.030915217474102974,0.023156854491680864,0.019998325146734715,0.016964640729129316,0.014679247066378598,0.012662294134497598,0.008139692619442942,0.006347871944308281,0.005157687934115529
0004,PRight,1,3,0.02431948110461235,0.019839063361287122,0.01795966137200594,0.01585090670734644,0.01409116256982088,0.012718977779149999,0.008693209197372199,0.006295863725244999,0.005254832794889808
0004,PRight,2,0,0.10491777956485748,0.029358722865581523,0.01857448555529118,0.014356952933594593,0.011821368932724,0.010518335085362134,0.007807011110708118,0.005592250172048809,0.0034109968692064285
0004,PRight,2,1,0.04835619404911995,0.02246603714302183,0.01861886218190193,0.015091435192152858,0.012559616528451452,0.01026974297128617,0.006466978136450058,0.005033529177308082,0.0037473727716133
0004,PRight,2,2,0.029574744403362274,0.019087123423814776,0.01653588578104973,0.014165667537599803,0.012041718885302545,0.010405803890898804,0.006460719276219608,0.004928700998425485,0.0038894402096047997
0004,PRight,2,3,0.021122224628925323,0.016493774112313987,0.014797497242689134,0.01314394417218864,0.01172829296439886,0.010536310821771616,0.007023595040664082,0.0049068544059991835,0.003962697461247444
0004,PRight,3,0,0.10491777956485748,0.02466448048129678,0.016068777926266195,0.012224425477907062,0.010250016115605831,0.009064593119546766,0.006539009604603053,0.004686609469354157,0.0028502109926193953
0004,PRight,3,1,0.04692048579454422,0.019441727586090564,0.01580457445234061,0.013075893949717284,0.010926088169217115,0.008969872165471291,0.005518676806241276,0.004173540230840446,0.0031189682194963098
0004,PRight,3,2,0.027580706402659416,0.016569175925105813,0.014306116625666622,0.012281316695734859,0.01026631772518158,0.009063794137910003,0.005540898162871599,0.00413323063403368,0.0032242616871371865
0004,PRight,3,3,0.018999014049768448,0.014526321236044169,0.012763021159917117,0.011388208158314228,0.010014409087598325,0.009011645475402473,0.006074578268453486,0.004127318225800991,0.003277810988947749
0009,PRight,1,0,0.22096601128578186,0.06311980873346329,0.043117763698101046,0.03223283857107164,0.02635460838675499,0.02309982413426041,0.015778920426964764,0.010943670757114887,0.005659822374582291
0009,PRight,1,1,0.1556822657585144,0.050386091582477095,0.037917977795004845,0.030266890004277236,0.0264130021631718,0.0232420061714947,0.01489315740764142,0.009317732043564321,0.006212803302332759
0009,PRight,1,2,0.10596755892038345,0.044457617178559304,0.035098204985260964,0.0289394099265337,0.025653348416090016,0.023471113014966214,0.014855231996625662,0.009296785108745098,0.006255186162889004
0009,PRight,1,3,0.08104369044303894,0.0401322427019477,0.03375191770493984,0.027891050372272734,0.024664941877126704,0.02298535946756601,0.014921879954636097,0.009600312449038032,0.006286856019869447
0009,PRight,2,0,0.2095032036304474,0.04726414624601603,0.031101270057261012,0.024430562611669312,0.020458989813923842,0.01781946737319231,0.011965125799179077,0.007226886786520483,0.003974838647991419
0009,PRight,2,1,0.147633358836174,0.03819439824670554,0.027557296827435494,0.022631873209029443,0.019913590997457528,0.017829123325645905,0.011425932589918381,0.006459415052086117,0.004353182855993509
0009,PRight,2,2,0.09664610028266907,0.03267177145928145,0.026128978990018367,0.02193051645532251,0.019254162386059762,0.017660406883805983,0.011543895117938524,0.006246555503457789,0.004469007486477494
0009,PRight,2,3,0.07068727165460587,0.029891372192651047,0.024732924699783335,0.020660624001175167,0.018482491299510004,0.017232804652303448,0.011626270692795523,0.0063321781344711815,0.004529943456873298
0009,PRight,3,0,0.19812798500061035,0.03884199660271406,0.02610139559954405,0.020786013994365936,0.01759022332727909,0.01510848943144083,0.009624607395380739,0.00567838810384274,0.003192125470377505
0009,PRight,3,1,0.14284738898277283,0.030756565667688855,0.022443428188562393,0.01932182438671589,0.016922434195876128,0.015264268591999992,0.009548822697252045,0.005137737095355988,0.003470870666205883
0009,PRight,3,2,0.08974658697843552,0.026803406141698367,0.020990567542612557,0.018053772002458578,0.016250986456871036,0.014972499432042234,0.009761353209614758,0.005083567462861543,0.0035645122407004237
0009,PRight,3,3,0.0644514411687851,0.025290596187114718,0.01996459543704987,0.016786613352596763,0.015549238212406637,0.01464085904881356,0.009777080919593575,0.005195897165685895,0.003609147621318698
0014,PRight,1,0,0.19703048467636108,0.04288098573684693,0.030367392376065262,0.022895991951227195,0.018860510513186456,0.016397460084408504,0.011811514385044575,0.008385483361780646,0.004705241648480296
0014,PRight,1,1,0.10246043652296066,0.032203316427767276,0.026305309124290945,0.02292615991085768,0.020035432875156405,0.017505955509841423,0.011164864618331195,0.007084935717284679,0.005146340699866414
0014,PRight,1,2,0.06006358563899994,0.026650254707783462,0.02294475544244051,0.021119626685976983,0.019319510608911517,0.017737749125808472,0.01167908487841487,0.006780546437948944,0.005288464715704322
0014,PRight,1,3,0.045755721628665924,0.023402972184121608,0.02078394912183285,0.019233521893620494,0.0181919788569212,0.016999972611665692,0.012129117827862503,0.006941824499517683,0.0053556913044303656
0014,PRight,2,0,0.1355513334274292,0.03565659165382387,0.02532661736011506,0.018917505312711008,0.01572936244308949,0.013633693614974601,0.009618891961872579,0.006201458536088467,0.003541808924637735
0014,PRight,2,1,0.07592899352312088,0.02627918809652329,0.021548733524978162,0.019166951756924396,0.016912444680929197,0.014933229004964223,0.0091044488362968,0.005385013483464718,0.003875074675306678
0014,PRight,2,2,0.0464741475880146,0.02204170120880008,0.019034618437290193,0.01753087421879173,0.01607560306787491,0.014752043411135663,0.009886517282575379,0.005184301268309355,0.004007286857813597
0014,PRight,2,3,0.03448377177119255,0.01911299927160144,0.017179501242935658,0.016088711954653265,0.015062993727624418,0.01406416948884725,0.010141996666789055,0.005299133062362672,0.004065318964421749
0014,PRight,3,0,0.1355513334274292,0.03151365578174592,0.02185380458831787,0.016450574453920137,0.013666859827935696,0.012033212278038254,0.008020723890513183,0.00507482560351491,0.002977706491947174
0014,PRight,3,1,0.07469187676906586,0.023324274476617574,0.018815442360937597,0.016589711811393505,0.01469466269016266,0.013103353790938832,0.007939751446247109,0.004462964087724687,0.0032107026781886816
0014,PRight,3,2,0.044172849506139755,0.01975341452285648,0.016841962896287442,0.015150853814557195,0.014024298265576364,0.012907504243776175,0.008732011355459703,0.004368327278643847,0.0032963932026177645
0014,PRight,3,3,0.03181963041424751,0.017204835116863253,0.015383975189179182,0.014022172112017874,0.013064654879271985,0.012285239994525899,0.008899265248328448,0.004517055489122869,0.003343648510053754
0019,PRight,1,0,0.17563076317310333,0.06297514118254186,0.04872043430805208,0.04139261804521087,0.03553932875394823,0.03109731990844009,0.017408778890967373,0.010027504712343219,0.004992578877136111
0019,PRight,1,1,0.08226948976516724,0.05179049324244261,0.041978694275021565,0.03588195223361254,0.0314510789513588,0.02878822600468988,0.019953751005232334,0.009363824315369133,0.0053664278239011765
0019,PRight,1,2,0.06685958057641983,0.04597566757351161,0.03756310716271401,0.03239048771560192,0.028878674656152726,0.026966228801757076,0.020109589025378228,0.01028076987713576,0.005495590157806873
0019,PRight,1,3,0.056894585490226746,0.04165921226143837,0.035182739943265914,0.031093898899853232,0.027459263578057305,0.024820191320031878,0.019740696623921396,0.01128056757152081,0.005532355047762394
0019,PRight,2,0,0.17563076317310333,0.05190783366560937,0.03939544327557088,0.03336830351501704,0.028120094984769837,0.0246477285400033,0.013978499546647089,0.007665760070085528,0.003809212357737124
0019,PRight,2,1,0.07608962804079056,0.04216785684227944,0.03367731451988221,0.0280776590667665,0.02495763748884202,0.022959978505969016,0.015838509052991872,0.007241186406463386,0.004076333716511726
0019,PRight,2,2,0.05713154003024101,0.03785396587103606,0.02999404311180115,0.025393530279397974,0.022671509608626367,0.02120947018265724,0.016214231587946416,0.008433123119175441,0.004189427942037582
0019,PRight,2,3,0.04761306568980217,0.03389299012720585,0.028161012269556522,0.024483600035309794,0.021239313334226625,0.019550222530961024,0.015831257589161398,0.009270595386624341,0.004248862620443106
0019,PRight,3,0,0.16303791105747223,0.04577640432864428,0.0344966920465231,0.02788093585520983,0.023662745952606205,0.020098268799483766,0.01173716606572271,0.0063506849110126495,0.0031741458224132657
0019,PRight,3,1,0.07536004483699799,0.036553180851042276,0.02853434778749943,0.024094609357416634,0.021794261857867248,0.01979303779080509,0.01348196677863598,0.005913077294826508,0.003349116654135287
0019,PRight,3,2,0.054649125784635544,0.03260926116257906,0.025856183432042625,0.021891203373670585,0.019687273651361466,0.01836799215525386,0.013926824554800998,0.006966073997318748,0.0034309691982343793
0019,PRight,3,3,0.043909136205911636,0.02912109844386578,0.024337853603065014,0.021107281967997552,0.018183758333325386,0.01696699699386953,0.013434822484850884,0.008007534407079223,0.003500868333503604
0024,PRight,1,0,0.11506891995668411,0.03586047913879157,0.026601983867585662,0.021572206411510707,0.01851707331836224,0.016516796126961653,0.011691335402429108,0.008377489633858209,0.0047695806715637445
0024,PRight,1,1,0.06285613775253296,0.027163339983671906,0.02348110754042864,0.020927762221544983,0.018975643143057823,0.017255296371877192,0.01113683544099331,0.006999156624078751,0.0051273927092552185
0024,PRight,1,2,0.03331741318106651,0.022841560672968626,0.020871489569544793,0.019352983497083188,0.01805353738367558,0.0170147550292313,0.011658275593072179,0.006627908349037171,0.005239129299297929
0024,PRight,1,3,0.023662449792027473,0.019939021673053503,0.01864956971257925,0.017857419941574335,0.017024743258953094,0.016275957413017746,0.012042425200343135,0.006764136906713251,0.005296772578731179
0024,PRight,2,0,0.11506891995668411,0.03191531084477902,0.023503278754651555,0.01873072445392609,0.015707165822386744,0.01371420715004203,0.009409329015761619,0.006195912510156632,0.0035995764192193747
0024,PRight,2,1,0.051567524671554565,0.023590973932296037,0.020483298525214196,0.018315600287169224,0.016582475528120998,0.015047415532171714,0.00941766519099475,0.005335436947643757,0.0038526951102539897
0024,PRight,2,2,0.028025604784488678,0.019894691482186318,0.018082967959344387,0.01666089491918683,0.015668433755636216,0.014601245755329726,0.010224981326609851,0.005126900225877762,0.003947329008951783
0024,PRight,2,3,0.020774945616722107,0.017411678805947305,0.01624344941228628,0.015439664069563151,0.014612523987889292,0.013884575478732585,0.010373792331665755,0.00520870927721262,0.004007430747151375
0024,PRight,3,0,0.11506891995668411,0.02772004967555404,0.02064813993871212,0.016629707459360363,0.01400053046643735,0.012244031019508819,0.008039691485464575,0.005113557726144792,0.0029659781139343977
0024,PRight,3,1,0.05127555876970291,0.021251661200076342,0.018124275021255017,0.01611121209338308,0.014341407343745232,0.013064726861193768,0.008306140638887887,0.004443086124956612,0.0031893098494037986
0024,PRight,3,2,0.027115967124700546,0.018191519770771266,0.015967123061418537,0.014653490027412773,0.01374820597469807,0.012734401831403369,0.009074354078620697,0.00434516603127122,0.003279348253272474
0024,PRight,3,3,0.018420444801449776,0.015904801674187185,0.01450163047760725,0.013526133336126804,0.012734171263873578,0.012081858981400725,0.009142061788588764,0.004426415078341961,0.003325785859487951
0029,PRight,1,0,0.5492587089538574,0.10069573603570466,0.06667865052819252,0.052015568353235744,0.04234839051961902,0.03626533560454839,0.020718772523105153,0.011627464741468434,0.005648667924106121
0029,PRight,1,1,0.2378540188074112,0.09936673119664195,0.0711437439918518,0.0524896982312203,0.03968108028173447,0.0337223671376704,0.022151258029043677,0.010821570083498962,0.0060499911196529865
0029,PRight,1,2,0.14173094928264618,0.09470747113227844,0.07166902586817746,0.05295404154807332,0.03981464207172394,0.03307907022535789,0.022470197081565862,0.011582229658961314,0.00609987904317677
0029,PRight,1,3,0.11587803065776825,0.08777214154601097,0.07014211788773538,0.05235393781214954,0.04082730963826181,0.033435159735381574,0.022182671725749975,0.012903010100126285,0.006091975839808583
0029,PRight,2,0,0.5070482492446899,0.07350375354290009,0.05080480679869652,0.04031569361686708,0.03344363793730737,0.028123456519097055,0.01620992366224529,0.008738839626312257,0.0040373653173446655
0029,PRight,2,1,0.19674110412597656,0.07591946743428708,0.052162379249930384,0.03683979697525503,0.02980389431118966,0.026445317827165093,0.017506464943289758,0.008497789502143865,0.004372978350147605
0029,PRight,2,2,0.12537410855293274,0.0746723534911871,0.05290469564497472,0.03803906813263897,0.02920728281140328,0.025080375745892426,0.017879422754049305,0.00954355783760548,0.004497294081375003
0029,PRight,2,3,0.09525009989738464,0.06906995162367822,0.05191386565566064,0.03818937078118328,0.029761001393198972,0.024642528872936924,0.017600371688604358,0.010218934528529657,0.004511673701927066
0029,PRight,3,0,0.4328111410140991,0.06000315591692924,0.04525452673435212,0.034510415568947794,0.028094802051782608,0.023553691059350932,0.013616952858865284,0.007046013139188291,0.003320116549730301
0029,PRight,3,1,0.1654852032661438,0.06582232892513276,0.04486588902771475,0.03209868583828211,0.025579211786389357,0.022774030175060005,0.014908810332417496,0.007009688392281535,0.0035297838039696217
0029,PRight,3,2,0.11391257494688034,0.06356968656182292,0.04476643100380898,0.032439860105514536,0.025033903047442456,0.021817534230649447,0.015368712507188322,0.007999040745198732,0.0036291283322498202
0029,PRight,3,3,0.0869324803352356,0.05901507567614317,0.043723063096404086,0.03193770941346887,0.02528736203908922,0.021049048844724888,0.015363350603729495,0.00897103622555733,0.0036694244481623173
0034,PRight,1,0,0.3212202787399292,0.07209655292332173,0.05025718361139299,0.040013434067368514,0.033870530277490624,0.029175823274999787,0.017222994379699232,0.010131747461855412,0.004961009137332439
0034,PRight,1,1,0.13065309822559357,0.06174575425684452,0.04335824340581894,0.035624232590198514,0.03163781955838203,0.0288165976293385,0.019947106763720513,0.00932598002254963,0.005259944591671228
0034,PRight,1,2,0.10514918714761734,0.05427216276526454,0.040053392499685286,0.03437043841928244,0.029767930805683143,0.027614145446568716,0.020640790648758418,0.010499071329832079,0.005383837269619107
0034,PRight,1,3,0.08404524624347687,0.04957565914839509,0.039889699071645746,0.033719367720186716,0.030867016837000848,0.02717453250661485,0.019914403930306437,0.011242467723786832,0.00541163282468915
0034,PRight,2,0,0.19049574434757233,0.05463226728141309,0.03978586927056314,0.03244054902344943,0.02721598520874979,0.023335508350282894,0.013580711092799904,0.007714928593486549,0.0037920594913884997
0034,PRight,2,1,0.1068476140499115,0.044700453653931625,0.03385391086339951,0.028344826754182578,0.025203529819846155,0.023305809404700985,0.015954668819904337,0.0071915814653038986,0.0040131425485014915
0034,PRight,2,2,0.08194715529680252,0.0381671778857708,0.02973640967160464,0.026087811514735226,0.02384088180959225,0.02237591072916981,0.01685221940279007,0.008257506415247924,0.0040887880604714155
0034,PRight,2,3,0.06485317647457123,0.03583658497780562,0.027679682187736036,0.025297758728265764,0.023189584165811544,0.021709204651415324,0.01663100272417069,0.009324690699577334,0.004135133698582649
0034,PRight,3,0,0.19049574434757233,0.04727458871901037,0.03493572384119034,0.027791723981499677,0.023055924549698834,0.019886581879109102,0.011804142594337465,0.0062640869989991224,0.0031601600348949432
0034,PRight,3,1,0.10237178206443787,0.03791094973683357,0.027910282984375954,0.02409198172390461,0.021955487504601478,0.020075872167944885,0.0141092403791845,0.005961668957024817,0.0033143776236101985
0034,PRight,3,2,0.07527466863393784,0.03300346717238426,0.025257478393614294,0.0223228750936687,0.020437725931406022,0.01933488352224229,0.014692890457808978,0.006899879965931184,0.003370600170455873
0034,PRight,3,3,0.05794189125299454,0.030475970506668094,0.023666860647499566,0.02147406591102481,0.02012163303792477,0.018795822001993638,0.014423989877104767,0.007942928001284601,0.003424526541493833
0039,PRight,1,0,0.2211233526468277,0.05418812569230796,0.040000876784324645,0.03202727269381285,0.026566393822431564,0.02237622002139687,0.014946017786860473,0.009876387007534506,0.0049718867521733046
0039,PRight,1,1,0.16979025304317474,0.038755724951624874,0.03261061631143094,0.028839326724410065,0.025903907939791682,0.023518777731806013,0.016094616241753106,0.008315263688564306,0.005421394016593695
0039,PRight,1,2,0.12638072669506073,0.032985000088810924,0.02815404165536165,0.025970228891819717,0.024105647057294847,0.02261823806911707,0.01749453563243151,0.008081621490418911,0.005609193118289113
0039,PRight,1,3,0.09708273410797119,0.030968366656452417,0.026068571582436563,0.024011102449148895,0.022840342521667483,0.02190168723464012,0.017990257032215597,0.008436952158808714,0.0056480064522475
0039,PRight,2,0,0.1316671073436737,0.045151748284697535,0.03338986970484257,0.025109725464135417,0.020759308934211733,0.018148800637573,0.011993978824466484,0.007196672074496754,0.003748236456885934
0039,PRight,2,1,0.10566005855798721,0.03254271764308214,0.026805179491639138,0.023646373394876723,0.020925746262073518,0.018875707127153862,0.013123158831149341,0.006373478658497333,0.00404892978258431
0039,PRight,2,2,0.081614188849926,0.026404946725815535,0.023383537717163564,0.021545824259519578,0.020021714270114906,0.018682742025703192,0.014126153569668532,0.00613586595281959,0.004153228597715497
0039,PRight,2,3,0.06223032996058464,0.024033432137221103,0.021634423881769182,0.01997285706922412,0.018808271437883377,0.01796383513137698,0.014571338891983032,0.00634318226948381,0.004201686475425959
0039,PRight,3,0,0.11129184812307358,0.038307094499468806,0.026942914687097096,0.021110330652445556,0.017877376526594168,0.015855805017054036,0.010552859026938682,0.00586776500567794,0.0031136260367929935
0039,PRight,3,1,0.07175808399915695,0.028052178360521794,0.023024379014968874,0.019974071420729166,0.017938489839434624,0.016499551758170125,0.011465404834598304,0.005221485160291197,0.003313220920972526
0039,PRight,3,2,0.05142481252551079,0.023118260614573963,0.020283176675438882,0.018596495836973193,0.017253047898411752,0.0161633905954659,0.012050454411655668,0.005032350029796363,0.0034045145148411393
0039,PRight,3,3,0.03937331214547157,0.021092088948935273,0.018898742496967318,0.017470517326146368,0.0163363903015852,0.01556676039472221,0.012390988226979975,0.005194226186722531,0.0034446666250005364
0044,PRight,1,0,0.6173452138900757,0.12990956857800487,0.09080236434936526,0.07004497200250626,0.058361199945211426,0.049727481603622434,0.029450140148401277,0.013252316229045397,0.005029306514188647
0044,PRight,1,1,0.2528793513774872,0.10809988513588908,0.08432660192251208,0.07156344160437586,0.0605227154493332,0.05155908465385426,0.03066276237368584,0.015487704426050197,0.005369753111153841
0044,PRight,1,2,0.14464640617370605,0.09568033650517464,0.07864848464727403,0.06741060696542263,0.059888253808021576,0.053744334354996676,0.031473307311534894,0.01754224821925164,0.0054148349445313215
0044,PRight,1,3,0.11144449561834335,0.08588955342769623,0.07414535254240036,0.06562230452895165,0.05873970612883568,0.05363266076892611,0.032636119052767774,0.018548772484064138,0.005430554272606969
0044,PRight,2,0,0.5417508482933044,0.09957628361880783,0.06513702794909479,0.05030146468430758,0.04102634012699127,0.0356123516336083,0.020898322016000746,0.009851589240133771,0.0038482079980894923
0044,PRight,2,1,0.20365065336227417,0.07712079204618931,0.058916632682085045,0.04938248220831156,0.041801557987928395,0.03747281655669211,0.022829503007233142,0.011682070046663297,0.004077258286997676
0044,PRight,2,2,0.11806386709213257,0.06783397376537324,0.052984075844287874,0.045629300735890874,0.0408044619858265,0.037056942470371716,0.024021181464195258,0.013518307916820061,0.004156529670581222
0044,PRight,2,3,0.09525028616189957,0.06304751053452493,0.05058925583958626,0.04307257939130068,0.03913141518831254,0.03594603650271892,0.02441304121166469,0.014211171865463258,0.004186725942417979
0044,PRight,3,0,0.4658018946647644,0.07937250144779687,0.050607487112283724,0.03879498403519393,0.033654572218656545,0.02976623838767408,0.017034638673067093,0.008450397849082957,0.003227166016586125
0044,PRight,3,1,0.17984478175640106,0.06746320813894277,0.04920168958604336,0.03864742998033763,0.03329552292823792,0.029368360340595222,0.018888802640140062,0.009658808633685113,0.0033433764474466443
0044,PRight,3,2,0.10751983523368835,0.06091124042868615,0.04540867030620575,0.037153320685029044,0.032550709694623946,0.02902386886999011,0.01948748864233494,0.011268298700451852,0.003427731222473085
0044,PRight,3,3,0.08684844523668289,0.05571013476699591,0.044290986955165874,0.03644413962960244,0.03133069306612015,0.027991773933172183,0.019606683962047105,0.01201723273843527,0.0034606963163241744
0049,PRight,1,0,0.11907695233821869,0.04081442151218653,0.030491947382688525,0.025531059745699178,0.021636612191796308,0.019456307031214214,0.013723073806613686,0.009455292671918875,0.0050409710966050625
0049,PRight,1,1,0.06041833385825157,0.02941624987870456,0.025826342292129996,0.023288155775517225,0.02131224758923054,0.01974528534337878,0.013374915812164549,0.008086793683469297,0.005553044378757477
0049,PRight,1,2,0.03186289966106415,0.02407587740570307,0.022407757453620433,0.021233681831508876,0.020176278799772265,0.01920329183340071,0.014457232318818573,0.007520992681384087,0.005670861573889852
0049,PRight,1,3,0.024185271933674812,0.02159453097730875,0.020368380136787892,0.019574187733232978,0.0189189263433218,0.018296658806502816,0.014963659364730122,0.007474364433437592,0.005726427072659135
0049,PRight,2,0,0.1146618127822876,0.035860260836780074,0.02647130273282528,0.0209710824303329,0.01785833135247231,0.015857555717229837,0.010647685825824744,0.006984433718025686,0.0038012266159057617
0049,PRight,2,1,0.05837733671069145,0.025570366308093073,0.02211518418043852,0.019878914263099436,0.017909381166100503,0.01646148823201656,0.0106067449785769,0.006209685746580363,0.0041059814393520355
0049,PRight,2,2,0.02837277576327324,0.021141665913164617,0.019210980273783207,0.018038511164486407,0.016833479553461077,0.01602011080831289,0.011679439805448062,0.005815129168331626,0.0042077244725078344
0049,PRight,2,3,0.02131979912519455,0.018687364235520365,0.017301269806921482,0.016479416638612746,0.015809410214424134,0.015242516435682758,0.012169933505356317,0.005781258456408983,0.004244765033945441
0049,PRight,3,0,0.1146618127822876,0.029922632891684772,0.0217109003290534,0.018143749274313458,0.015531286932528022,0.013865550188347694,0.00910463556647301,0.005675269011408094,0.0031422529136762023
0049,PRight,3,1,0.055826444178819656,0.022184166591614485,0.019228411354124546,0.017197904586791997,0.01564291633665562,0.014095660112798204,0.00932644745334983,0.005101743806153539,0.0033707674592733383
0049,PRight,3,2,0.02671685628592968,0.01864756276831031,0.016991596333682538,0.01564683211967349,0.014708702750504022,0.01386547880247235,0.009977007936686284,0.004858779720962048,0.0034460456809028983
0049,PRight,3,3,0.01925360970199108,0.01661148751154542,0.015143328309059144,0.014370380192995073,0.01377066668123007,0.01315629128366708,0.010399832576513293,0.004817607998847963,0.003480111248791218
0054,PRight,1,0,0.5484448671340942,0.1326537257432938,0.08926039472222333,0.06796424917876721,0.055754550397396095,0.04724282976239917,0.029844075813889512,0.015411498956382276,0.005528886104002595
0054,PRight,1,1,0.3894675672054291,0.110427253395319,0.07767792850732808,0.06254970893263818,0.05300444841384889,0.045990789681672986,0.031686813384294514,0.017560965195298216,0.005991588579490781
0054,PRight,1,2,0.22289112210273743,0.09091399252414704,0.07576908439397811,0.06059579025954009,0.05125118955969811,0.04653964638710021,0.03160189017653467,0.020020506903529182,0.006108403438702226
0054,PRight,1,3,0.13879252970218658,0.07896099351346493,0.06920676767826081,0.060092999786138544,0.052131789177656186,0.04521809536963698,0.032125196605920794,0.021266733482480052,0.006192262750118971
0054,PRight,2,0,0.39991331100463867,0.09610752105712894,0.0609612512588501,0.04689737576991321,0.03943716675043108,0.03364113084971902,0.021562578342854997,0.010946420952677742,0.004146774997934699
0054,PRight,2,1,0.28039801120758057,0.08445428989827633,0.058148131296038755,0.04473218679428102,0.037605014443397526,0.03334331009536981,0.022788296639919284,0.012494914233684545,0.004439141834154725
0054,PRight,2,2,0.15115982294082642,0.07108067259192467,0.05771841406822205,0.04639244109392167,0.038039117455482496,0.03369954600930213,0.022745146602392196,0.014037663489580157,0.004601761698722839
0054,PRight,2,3,0.09589874744415283,0.062144600301980976,0.05425764322280884,0.0467681073024869,0.039332409352064154,0.03330666497349738,0.022490479610860356,0.015004504844546322,0.004672311013564467
0054,PRight,3,0,0.38920629024505615,0.07715920515358449,0.047005765438079834,0.03695176023989917,0.03175706043839455,0.02824602779000997,0.01767823938280344,0.008758514747023601,0.003377339104190469
0054,PRight,3,1,0.17813315987586975,0.06862072631716733,0.044530087262392055,0.03453567564487458,0.03004470810294153,0.027134201861917964,0.01877082958817482,0.009959195367991926,0.00359889748506248
0054,PRight,3,2,0.09841322153806686,0.059051844663918024,0.046857447326183334,0.03782898698002102,0.03108183011412621,0.02680523749440895,0.018529490195214764,0.011256084963679315,0.0037342653376981616
0054,PRight,3,3,0.06326687335968018,0.05205509264022113,0.04506245061755181,0.038314479254186164,0.03156567931175233,0.026818099152296732,0.018244910612702375,0.012014955095946793,0.003803564701229334
0059,PRight,1,0,0.3170173764228821,0.05415940694510939,0.0398858689516783,0.032847197987139254,0.027952653318643578,0.024966827407479276,0.016549369320273406,0.010916326940059664,0.005439832108095288
0059,PRight,1,1,0.1406884342432022,0.038961972184479235,0.03172317706048489,0.028188324682414535,0.0259574244171381,0.023954863939434273,0.017563341371715075,0.010080206952989107,0.005890868371352553
0059,PRight,1,2,0.07734251767396927,0.03261566352099181,0.027682345807552338,0.025339559372514486,0.02380141966044903,0.022644455637782803,0.018474666774272917,0.011232034303247946,0.005934016313403845
0059,PRight,1,3,0.05702183395624161,0.02972889319062233,0.025774406231939793,0.023713609352707873,0.02260103404521942,0.021921870484948154,0.01849546991288662,0.012052533589303506,0.005967107368633151
0059,PRight,2,0,0.3170173764228821,0.040479175969958314,0.029617121517658235,0.02465147394686939,0.021109204441308985,0.018862455338239655,0.012904306687414647,0.007985317520797255,0.003981498070061207
0059,PRight,2,1,0.12918400764465332,0.02990709032863379,0.02429508585482836,0.021781926155090333,0.01994926877319813,0.018385068885982007,0.013283790834248067,0.007617721799761058,0.004269131226465106
0059,PRight,2,2,0.06615740805864334,0.02498238608241082,0.02131061289459467,0.019570861458778382,0.018432155176997186,0.0175887278281152,0.013923645485192539,0.008139333501458174,0.004364663036540151
0059,PRight,2,3,0.04691999405622482,0.02314204880967737,0.019748697616159917,0.018257003091275693,0.017566121965646747,0.01695455564185976,0.01411440186202527,0.00892932638525963,0.004398257005959749
0059,PRight,3,0,0.21958093345165253,0.03448159161955119,0.0254055105149746,0.020994880329817545,0.017810365110635763,0.0157654752023518,0.010664452333003283,0.006488775834441185,0.0032896624179556966
0059,PRight,3,1,0.1044095978140831,0.026189631167799238,0.020866414271295076,0.018358410466462388,0.01654591739177704,0.015316824289038746,0.011319421604275707,0.0063583628274500375,0.0034709532046690583
0059,PRight,3,2,0.052018869668245316,0.022154886089265347,0.018560609444975857,0.016816260889172555,0.01563818097114563,0.014780938997864713,0.011830160021781921,0.006718385592103013,0.0035384577931836247
0059,PRight,3,3,0.03626008331775665,0.020415206979960205,0.017271635234355927,0.015593148386105897,0.014975785575807095,0.01430421769618988,0.011944217886775734,0.0074046893045306246,0.003571696230210364
0064,PRight,1,0,0.20602285861968994,0.05924962799996138,0.044273165613412886,0.03559460997581484,0.030223109424114228,0.02652015220373865,0.017316145077347755,0.011265467107295993,0.00569297163747251
0064,PRight,1,1,0.09543630480766296,0.04356976877897978,0.035441179275512706,0.031357750855386265,0.027933265417814258,0.025620697718113598,0.018221567384898666,0.01023639924824238,0.006095340242609382
0064,PRight,1,2,0.06240205466747284,0.03603835575282574,0.030050523281097412,0.02773525102064015,0.025454838126897812,0.024028067570179692,0.018972692452371126,0.011089552938938142,0.006168913561850786
0064,PRight,1,3,0.05335349589586258,0.03251797493547201,0.028267081193625927,0.02594103377312422,0.024177923426032068,0.022893346101045608,0.018697557225823405,0.011811463907361036,0.0061758095398545265
0064,PRight,2,0,0.1749373823404312,0.04769333139061928,0.034110752567648894,0.02755729086697102,0.0235948158800602,0.020419136993587016,0.01314657172188163,0.00796378329396248,0.004133383044973016
0064,PRight,2,1,0.07925640046596527,0.0351090319082141,0.028233477883040918,0.024502421393990524,0.021932400912046443,0.020159974787384263,0.013926248531788588,0.007578131370246412,0.004407255677506328
0064,PRight,2,2,0.05342580005526543,0.028365812078118325,0.024108107574284075,0.02187884094193578,0.020238097235560422,0.01901189414784311,0.014764855057001118,0.008068574592471123,0.004518086323514581
0064,PRight,2,3,0.0457242988049984,0.025367908291518693,0.02218477137386799,0.020443853605538607,0.01913896575570107,0.018212018534541127,0.014515998214483265,0.008693027123808875,0.004548494471237063
0064,PRight,3,0,0.1749373823404312,0.040696773454546926,0.030270432382822048,0.024352218452841044,0.020277492329478265,0.01735057840123772,0.011033233720809228,0.0063307606615126185,0.0033417700324207544
0064,PRight,3,1,0.07456302642822266,0.030694023314863445,0.02423227827996016,0.02111368607729674,0.019075313732028008,0.017393496446311458,0.011806564498692766,0.006219024863094093,0.0035460160579532385
0064,PRight,3,2,0.05243249982595444,0.024372668135911227,0.02092282395809889,0.019053147658705718,0.017562599927186968,0.016414174903184173,0.012609671801328663,0.006472580041736365,0.003649495542049408
0064,PRight,3,3,0.04401523992419243,0.0221579678170383,0.019232934303581715,0.017796472255140545,0.016590197160840037,0.015779881365597246,0.012233056221157312,0.0070216125808656256,0.0036914622178301215
0069,PRight,1,0,0.2662941813468933,0.08511427409946919,0.06695439755916596,0.05515842683613301,0.047160003334283836,0.041335586644709085,0.026107429713010794,0.014050718955695632,0.005516698583960533
0069,PRight,1,1,0.1410968154668808,0.07006136253476143,0.05686112850904465,0.04779872864484787,0.04292844071984291,0.03871443159878252,0.02660301849246026,0.015222219564020636,0.005930775310844183
0069,PRight,1,2,0.10171166062355042,0.060294757597148425,0.05253598347306252,0.04652638766914607,0.04152876585721971,0.03762355111539364,0.02615342047065497,0.016673835366964346,0.006008743308484554
0069,PRight,1,3,0.07834991067647934,0.05542135950177908,0.049537421092391024,0.04439768947660924,0.04085391521453857,0.03760873489081857,0.025535999424755575,0.017468167096376424,0.006007319316267967
0069,PRight,2,0,0.2662941813468933,0.0708133801817894,0.05194773599505426,0.04269808102399111,0.03669535338878632,0.031839516013860675,0.01889429874718191,0.010771719366312028,0.004095916403457522
0069,PRight,2,1,0.10766983032226562,0.05461770191788674,0.04423448339104653,0.03844771645963194,0.034216323792934426,0.03047620300203557,0.020029236748814582,0.01228260863572359,0.004359791055321693
0069,PRight,2,2,0.07940366119146347,0.04815994508564472,0.04087060272693634,0.03589957211166621,0.03222267672419549,0.029789564944803705,0.020043389126658442,0.013337844610214235,0.004481690935790539
0069,PRight,2,3,0.06149405241012573,0.04298591829836369,0.03836959637701511,0.033864323496818546,0.03122380256652834,0.02877105819061392,0.019986313953995707,0.013795992359519007,0.004529901314526796
0069,PRight,3,0,0.2662941813468933,0.06344688728451729,0.04579193100333214,0.03669026039540768,0.03070264413952829,0.02647498818114399,0.015618757344782354,0.008907283097505573,0.003384272800758481
0069,PRight,3,1,0.09827281534671783,0.049146950505673886,0.038782483264803894,0.033444122783839715,0.02949666112661363,0.02619667649269097,0.01693769115954638,0.010320931859314444,0.003538686200045049
0069,PRight,3,2,0.07025322318077087,0.04259430166333914,0.0355701643973589,0.030965940747410062,0.028076014593243603,0.025656092260032883,0.01719047892838717,0.01136709619313479,0.003620773903094232
0069,PRight,3,3,0.05347032845020294,0.038031450510025024,0.03340116627514363,0.02939522702246906,0.02681907340884209,0.024556560814380627,0.01715829484164716,0.011905776150524617,0.003679553745314479
0074,PRight,1,0,0.13819172978401184,0.0438547717779875,0.03175452411174774,0.025864572022110226,0.02239905185997487,0.02012671604752538,0.014485699683427812,0.008872263319790363,0.004690243164077401
0074,PRight,1,1,0.05922350659966469,0.03362876370549202,0.026987223811447636,0.02333882780745626,0.02100521042943001,0.01942289238795637,0.01467946069315076,0.007812568079680206,0.005075902910903096
0074,PRight,1,2,0.046188145875930786,0.02799630153924227,0.0245437091588974,0.021878176257014274,0.020184371918439865,0.018866591155529015,0.015061745978891858,0.007419732399284841,0.0051978169940412045
0074,PRight,1,3,0.039430953562259674,0.02586287133395672,0.02304404836148024,0.02116035854443908,0.019777131751179695,0.018393724132329214,0.01505813589319587,0.008004248514771469,0.0052816118113696575
0074,PRight,2,0,0.10334699600934982,0.03688761521130801,0.025793165750801577,0.020799663197249175,0.01803518295288086,0.016328874044120312,0.01143768820911647,0.006671607494354248,0.003620447823777795
0074,PRight,2,1,0.05671911686658859,0.02871518693864346,0.022061760872602462,0.018987876549363136,0.017284985035657886,0.01606736658141017,0.011666963621973996,0.006073892023414375,0.0038764235796406865
0074,PRight,2,2,0.04146847501397133,0.02430236924439669,0.020498269014060502,0.018296161871403458,0.016708422824740415,0.015828663855791077,0.011899435520172122,0.0057867666706442845,0.00398033345118165
0074,PRight,2,3,0.035182636231184006,0.022496909238398075,0.01955538418143988,0.01765402961522341,0.016333864852786064,0.015615828940644859,0.011938956566154957,0.006264754291623832,0.004025875590741634
0074,PRight,3,0,0.1020420640707016,0.03199425637722016,0.02226248659193516,0.018367853686213492,0.016036697179079056,0.01523511577397585,0.009654790163040166,0.005541319679468872,0.0030350980814546347
0074,PRight,3,1,0.054579682648181915,0.024366410225629815,0.01904760152101517,0.016818830762058496,0.01568781465291977,0.014846295956522225,0.01015432039275766,0.005113764479756356,0.003208979615010321
0074,PRight,3,2,0.0378795750439167,0.021859951205551627,0.017843126542866232,0.015995687358081347,0.015129242725670341,0.01436073514632879,0.010426555946469318,0.004934684559702882,0.0032962909899652004
0074,PRight,3,3,0.031345970928668976,0.020245804768055684,0.017244114316999914,0.015622368426993489,0.014951562620699407,0.013982855202630155,0.010393050685524943,0.005272821895778182,0.003334886860102415
0079,PRight,1,0,0.41774123907089233,0.15038911879062655,0.10835618257522583,0.08255381427705291,0.0645870789885521,0.051388753205537686,0.025293028913438355,0.013137242756783962,0.0053843718487769365
0079,PRight,1,1,0.26656264066696167,0.13306656286120414,0.11030011624097825,0.09140969395637516,0.07237560868263246,0.05426158085465384,0.024123074486851706,0.013836320117115978,0.005662495736032724
0079,PRight,1,2,0.16947153210639954,0.11942775040864947,0.10524863883852958,0.09373716108500961,0.07732043087482454,0.061775982938706835,0.023101931996643555,0.01467719487845898,0.005683175520971417
0079,PRight,1,3,0.1402369886636734,0.11301186040043831,0.10112343475222589,0.09028838612139226,0.07805314391851428,0.06220941748470053,0.02273454088717699,0.015150995552539827,0.005709087243303657
0079,PRight,2,0,0.33248353004455566,0.11299870908260352,0.08058333098888404,0.06405884496867657,0.05028213798999795,0.04177010245621187,0.018592816404998307,0.0097517054527998,0.004094118718057871
0079,PRight,2,1,0.19409939646720886,0.1035243033617735,0.08592682570219042,0.06999439686536789,0.052916931807994845,0.04056070968508702,0.01825772896409036,0.010436932370066654,0.004271920537576079
0079,PRight,2,2,0.1574828028678894,0.09410784848034381,0.08494965299963952,0.07130723066627982,0.05659089148044587,0.043671581149101156,0.01732640061527491,0.011398583650588993,0.00429334701038897
0079,PRight,2,3,0.12249540537595749,0.08978214368224144,0.08118698984384538,0.06927355192601681,0.05763873323798185,0.044749346375465314,0.017087234929203988,0.011871146038174631,0.00431262725032866
0079,PRight,3,0,0.31262728571891785,0.09403053455054762,0.06876227319240576,0.052783886827528485,0.042483446151018164,0.033499166369438095,0.014879915025085217,0.007904298044741154,0.003393178340047598
0079,PRight,3,1,0.18884672224521637,0.08728557869791985,0.07495702639222147,0.05773395445197822,0.04472283795475962,0.03213417083024965,0.014705298375338323,0.008324301242828371,0.0035123879788443446
0079,PRight,3,2,0.15185311436653137,0.08018737852573396,0.07185609072446825,0.060083232372999194,0.04704691305756569,0.034703459963202454,0.014293912239372734,0.009156814217567446,0.003528310568071902
0079,PRight,3,3,0.11416061967611313,0.07596720680594445,0.0692606620490551,0.05906366281211381,0.04776490688323977,0.03565453197807062,0.014103459380567078,0.009601431526243692,0.003552993177436292
0084,PRight,1,0,0.7967510223388672,0.24950455337762842,0.14899387955665588,0.09954774558544159,0.07196019917726519,0.05396746303886122,0.026504608802497408,0.014687698334455492,0.0060533450450748205
0084,PRight,1,1,0.5407543182373047,0.21417675420641902,0.1374315223097802,0.10057266920804984,0.07827452778816231,0.06404524780809868,0.029223116487264677,0.015212003514170649,0.006535027641803026
0084,PRight,1,2,0.3080447316169739,0.1830004942417145,0.12548034548759465,0.09883599258959297,0.08266895741224292,0.06860624738037585,0.036049272865057005,0.01617432571947576,0.006565216928720474
0084,PRight,1,3,0.23582929372787476,0.15212201103568077,0.11372887015342713,0.09316274091601373,0.0796144038438797,0.07042862512171266,0.04012389145791534,0.016980895772576346,0.006560190813615918
0084,PRight,2,0,0.6675339937210083,0.20119087174534797,0.10749408602714539,0.06782286733388902,0.04839614301919938,0.037693719752132884,0.01949005872011185,0.011085364036262035,0.004426096100360155
0084,PRight,2,1,0.36839354038238525,0.16025660231709488,0.10558990001678469,0.07702716685831547,0.0572597020864487,0.04560513999313089,0.020995823293924337,0.012324586324393753,0.004704897524788976
0084,PRight,2,2,0.24635103344917297,0.1304620739817621,0.09458188593387606,0.0767416334152222,0.06200181290507317,0.05216036178171634,0.02418473977595568,0.013759778998792174,0.0047935559414327145
0084,PRight,2,3,0.1859046071767807,0.1115507708489895,0.0843082904815674,0.06950004182755948,0.06004594504833223,0.053285322338342454,0.028503530099987996,0.014312668703496458,0.004825156880542636
0084,PRight,3,0,0.6478731632232666,0.14887179538607598,0.07963802456855781,0.05216525502502918,0.03675807699561128,0.029348239302635193,0.0157153706997633,0.008842101320624352,0.003620198927819729
0084,PRight,3,1,0.3102377951145172,0.1166926842927933,0.08449532061815264,0.05874891187995673,0.046022931039333366,0.03510020002722736,0.01700252927839756,0.010206168889999402,0.0038011197466403246
0084,PRight,3,2,0.217069610953331,0.0969005832821131,0.07159072801470757,0.05924816817045212,0.04996505305171016,0.04141485225409266,0.018795663490891467,0.011562096513807778,0.00388950202614069
0084,PRight,3,3,0.1569966822862625,0.0857076532393694,0.06460775882005691,0.05282338187098503,0.04654496774077416,0.041819988004863244,0.02199654132127766,0.012274793907999995,0.003926417091861367
0089,PRight,1,0,0.1496942639350891,0.039970582798123364,0.030573326572775845,0.02624934632331134,0.023605768531560906,0.02118436330929397,0.014755334705114368,0.010421885177493095,0.005186393158510327
0089,PRight,1,1,0.07784533500671387,0.027951001934707165,0.024245086163282394,0.022277345210313798,0.02056447021663189,0.019320229720324256,0.014917246159166102,0.009722664207220079,0.005674207350239158
0089,PRight,1,2,0.039073873311281204,0.023676520735025408,0.021686982363462448,0.020178719460964206,0.01928626909852028,0.01844756063073873,0.015226269606500874,0.010427674837410453,0.005789220565930009
0089,PRight,1,3,0.02556791342794895,0.021409020982682707,0.02019573487341404,0.01914280861616135,0.018406381756067278,0.017746856808662413,0.015201579313725233,0.011052926070988189,0.005803209729492664
0089,PRight,2,0,0.1496942639350891,0.03274666246026755,0.024716220162808906,0.021083280444145203,0.01845344975590706,0.01685053342953324,0.01178347822278738,0.007673813775181772,0.003890312626026571
0089,PRight,2,1,0.0749957412481308,0.022839410435408356,0.02016559567302466,0.01819874668493867,0.016790958195924757,0.015623261174187057,0.011998915672302246,0.0074708991684019595,0.004196435213088989
0089,PRight,2,2,0.035587187856435776,0.019998946357518435,0.01775522019714117,0.01663565108552575,0.015805504471063617,0.015044910414144396,0.012218809220939875,0.008175089769065383,0.004286462673917413
0089,PRight,2,3,0.021245723590254784,0.017993997875601055,0.016502904035151006,0.015538555951789023,0.014980960637331009,0.014420718466863032,0.012251298874616625,0.008708148449659354,0.004317866871133447
0089,PRight,3,0,0.1496942639350891,0.02893373988568783,0.021507825404405597,0.0183498477190733,0.016381712257862092,0.01464417525567113,0.01056629354134202,0.006286704540252689,0.0032324763014912605
0089,PRight,3,1,0.07496193051338196,0.021003641113638886,0.018020260855555536,0.016180873513221745,0.014874036051332952,0.013876267895102498,0.01065021036192775,0.00632122084498406,0.0034280414693057537
0089,PRight,3,2,0.03514854237437248,0.018568037804216148,0.01609600279480219,0.014837568979710341,0.013991740122437478,0.013328396715223786,0.0109446469694376,0.006892630923539401,0.00348915858194232
0089,PRight,3,3,0.020552560687065125,0.016488970443606376,0.015025113597512246,0.013960958011448386,0.013233533389866353,0.012749808002263307,0.011056164000183345,0.007344490941613914,0.003532084869220853
0094,PRight,1,0,0.6242437362670898,0.1308201628923417,0.07035415977239609,0.05213240332901478,0.04356275871396065,0.03772125765681267,0.023113252595067024,0.013689223863184453,0.005935098975896835
0094,PRight,1,1,0.4285358786582947,0.11007863625884058,0.06957287147641182,0.051683676056563856,0.043068135231733334,0.037954100593924484,0.02360244989395142,0.014479839988052847,0.006380679318681359
0094,PRight,1,2,0.27938756346702576,0.09396224439144135,0.07126008898019792,0.05493327591568232,0.043587213009595886,0.03746728971600532,0.0248529551550746,0.015244278311729432,0.006353514501824975
0094,PRight,1,3,0.20009486377239227,0.0832247854024172,0.06753917291760446,0.05526307035237553,0.045479813218116824,0.03918361198157065,0.02541893534362316,0.015505295991897585,0.006316948449239135
0094,PRight,2,0,0.6242437362670898,0.07433493271470074,0.046764489561319365,0.03742687702178956,0.031308119595050816,0.026630716864019598,0.01726356390863657,0.01091094501316548,0.004294598009437323
0094,PRight,2,1,0.3955591022968292,0.07106070823967457,0.043694809153676045,0.03552037872374059,0.029909030124545103,0.026511124614626163,0.01762902345508337,0.011692640744149685,0.004630315117537975
0094,PRight,2,2,0.26281002163887024,0.0638509709388018,0.047679516375064894,0.03416637293994427,0.029141900688409807,0.02637266321107744,0.017774914950132375,0.012458865158259875,0.00470630987547338
0094,PRight,2,3,0.1861737221479416,0.060224238745868235,0.04573094047605993,0.03588049296289686,0.029519561156630517,0.025635171495377973,0.01809487398713828,0.012796396575868134,0.004734629299491644
0094,PRight,3,0,0.6242437362670898,0.059015167728066496,0.03694782860577108,0.03063199296593666,0.025255219340324406,0.02246096506714819,0.014330860786139968,0.009123619273304955,0.003520991769619286
0094,PRight,3,1,0.39480069279670715,0.05306829094886781,0.0337571569532156,0.027603482715785506,0.023919082507491113,0.021540648117661473,0.015079193562269212,0.009868410229682927,0.0037083978531882167
0094,PRight,3,2,0.2598664462566376,0.053652926199138196,0.03614174775779248,0.02643290599808098,0.023314018547534943,0.021046230383217325,0.015100053884088995,0.01067636068910361,0.003813912975601852
0094,PRight,3,3,0.17993387579917908,0.051692476496100426,0.03739230118691922,0.027695019803941276,0.02280512392520905,0.02041391050443052,0.015134561248123646,0.01098395474255085,0.003855436691083014
0099,PRight,1,0,0.3123190104961395,0.05924992669373751,0.04488369405269624,0.03723976694047451,0.03214674234390259,0.028666201233863802,0.0187372662127018,0.0118599109351635,0.005853978451341391
0099,PRight,1,1,0.13716469705104828,0.04269846506416798,0.035454114377498624,0.031080964896827937,0.027959558516740802,0.025822645705193256,0.019455671869218354,0.01225492712110281,0.0061121482867747545
0099,PRight,1,2,0.07454617321491241,0.036570482440292845,0.030021867714822296,0.02696980940178037,0.024897890239953997,0.023731309641152613,0.019239947758615022,0.013890925236046316,0.006078384816646576
0099,PRight,1,3,0.05429866537451744,0.033509928472340106,0.027517606504261497,0.025081161558628086,0.023750995770096785,0.02255715550854802,0.01899908874183893,0.014564130455255512,0.0060552910435944796
0099,PRight,2,0,0.29147034883499146,0.04507838010787964,0.0332810914516449,0.027697641141712668,0.023669635951519014,0.021078542061150063,0.01403474286198616,0.008930679038167,0.004228021716699004
0099,PRight,2,1,0.11145682632923126,0.033499023206532,0.027194882333278658,0.023432668950408696,0.02127875685691834,0.019546292256563895,0.014578888006508351,0.009232457354664802,0.004455580376088619
0099,PRight,2,2,0.06001138687133789,0.028698092475533486,0.023880331292748455,0.021114572416990995,0.019268079549074172,0.017887565772980448,0.014645860157907012,0.010262005589902406,0.00450714910402894
0099,PRight,2,3,0.043040499091148376,0.025584010146558287,0.022196864411234855,0.019949908256530764,0.018237590715289118,0.01703253202140331,0.014277978427708149,0.010857293196022511,0.004505583317950368
0099,PRight,3,0,0.22891603410243988,0.0383074850961566,0.02854748331010342,0.02346691383048893,0.02026077933609487,0.018021446187049085,0.011668517440557484,0.007422709371894604,0.0034854148980230093
0099,PRight,3,1,0.08641542494297028,0.02861670881509782,0.022921272367239,0.019871564749628316,0.01808513052761555,0.01679199170321226,0.012283587735146284,0.007795383594930173,0.003647768055088818
0099,PRight,3,2,0.0534927099943161,0.02491411853581667,0.02062137164175511,0.017881126105785374,0.016351108476519587,0.015535137243568876,0.0124514089897275,0.008510365895926953,0.003685510717332363
0099,PRight,3,3,0.036089878529310226,0.022295683324337005,0.01892949588596821,0.016805538609623912,0.015335859730839731,0.01459545134566724,0.012166475038975477,0.009042351506650453,0.0037034337874501944
0104,PRight,1,0,0.2225496619939804,0.044836670383811,0.03405945010483266,0.028772400449961426,0.025169846192002302,0.022429421544075012,0.015424458868801597,0.010430202074348931,0.005165080307051539
0104,PRight,1,1,0.13639701902866364,0.03354444418102505,0.02713870339095593,0.02430611073970795,0.022169107571244243,0.02049337476491928,0.01554461615160108,0.010264252685010439,0.005570146720856428
0104,PRight,1,2,0.06507495045661926,0.028634509891271594,0.023983338810503484,0.02180176233872772,0.020421035885810852,0.019423212017863987,0.015564908366650348,0.011304029636085035,0.00563425337895751
0104,PRight,1,3,0.03970996290445328,0.026605598833411938,0.02283394496887923,0.02059835944324732,0.01918433986604214,0.018516112305223938,0.015374173875898125,0.011838518641889102,0.005643378011882305
0104,PRight,2,0,0.202240988612175,0.03539845269173385,0.028358911126852036,0.023728597462177283,0.02028350137174131,0.018120052013546165,0.012203245703130963,0.007956415228545666,0.003905499237589538
0104,PRight,2,1,0.1185898408293724,0.028000511042773724,0.022576575130224232,0.020096427872776993,0.018404317125678065,0.01696856757625936,0.012347925268113616,0.008168435096740728,0.004180994350463152
0104,PRight,2,2,0.05520104244351387,0.02438460696488619,0.01972112972289324,0.018071039840579034,0.016935684084892273,0.016075289249420154,0.012738639023154974,0.009044841304421436,0.004237470682710409
0104,PRight,2,3,0.033400945365428925,0.022580511551350355,0.018563063479959965,0.01668966930359602,0.01586372509598732,0.01526430300436914,0.012598484475165607,0.009566784091293815,0.004273846745491028
0104,PRight,3,0,0.18037980794906616,0.0323875029757619,0.02482172202318907,0.02073199782520533,0.017837695628404624,0.015989174880087362,0.010918239317834378,0.0066332763060927445,0.0032775336876511574
0104,PRight,3,1,0.09299898892641068,0.025148387830704454,0.02013331461697817,0.017918556723743678,0.016452483013272286,0.015070452820509669,0.010946772061288357,0.007003648206591608,0.003437387407757342
0104,PRight,3,2,0.04576974734663963,0.02184594329446555,0.017861568331718446,0.016278630271553997,0.015161327347159395,0.01427563391625881,0.011315942090004683,0.007722807489335538,0.0034916717559099197
0104,PRight,3,3,0.02889924868941307,0.020301446691155436,0.016531656421720983,0.015102755865082146,0.014239670149981978,0.013564595207571972,0.011209217738360169,0.00812398623675108,0.0035363438073545694
0109,PRight,1,0,0.37583574652671814,0.07477481663227081,0.05797886736690998,0.047905816957354554,0.040200857371091844,0.034890164248645286,0.02182181365787983,0.013196977600455285,0.00609361007809639
0109,PRight,1,1,0.1392657607793808,0.05958031076937915,0.04824270494282247,0.04237678337842226,0.037301604300737395,0.03365393187850712,0.021296576783061027,0.013730436563491832,0.006413331953808665
0109,PRight,1,2,0.084503673017025,0.05345616266131401,0.04412050783634186,0.038975854180753236,0.03518928065896034,0.032027597725391384,0.02127269506454468,0.014536901377141481,0.006378523074090481
0109,PRight,1,3,0.06640185415744781,0.04926348380744457,0.042835815101861956,0.03765177369117737,0.03397083923220635,0.030706878565251724,0.021484957821667195,0.014831318147480491,0.006333386991173029
0109,PRight,2,0,0.344667911529541,0.0604607230052352,0.04663716278970242,0.036636606454849265,0.030831631720066106,0.02684601955115795,0.016759498789906502,0.010451867617666732,0.00441938079893589
0109,PRight,2,1,0.12993355095386505,0.04744698461145163,0.03942199029028417,0.03378875464200974,0.029423651993274694,0.02566698435693977,0.016833234205842023,0.010866238921880725,0.004716488067060709
0109,PRight,2,2,0.07145077735185623,0.043238157369196416,0.03486228920519352,0.030323074795305736,0.027671392634510995,0.025152530614286614,0.01656693778932095,0.011360018514096737,0.00477019022218883
0109,PRight,2,3,0.05594286322593689,0.03937052574008704,0.03371209554374219,0.02961871583014727,0.02616391561925413,0.02334658298641442,0.016432932205498227,0.011779257096350195,0.004764014855027199
0109,PRight,3,0,0.3313520550727844,0.05592694718390704,0.03970478586852551,0.0312576899677515,0.025796385034918788,0.02268533613532781,0.014383724890649326,0.00884333997964859,0.003668036311864853
0109,PRight,3,1,0.12564042210578918,0.042159671373665344,0.03389787875115872,0.029084953535348183,0.025006588250398646,0.021989488415420037,0.014768541790544988,0.009470455721020706,0.0038266092306002975
0109,PRight,3,2,0.06695841997861862,0.038339659422636035,0.030235295407474057,0.026333904508501295,0.023726670816540722,0.021456912532448757,0.014727470558136703,0.010142292082309724,0.0038906907429918647
0109,PRight,3,3,0.05027821660041809,0.034704695343971255,0.02919743500649929,0.025558916479349138,0.022516558244824417,0.020126404240727418,0.014526301622390748,0.010437375307083132,0.003901463933289051
0114,PRight,1,0,0.18177750706672668,0.04723091967403889,0.035079872459173204,0.028753926344215877,0.025702437832951553,0.022627337649464604,0.015575590264052159,0.010865929536521437,0.005333787761628628
0114,PRight,1,1,0.10775522887706757,0.03478737138211728,0.02787864603102208,0.024364275392144922,0.022379621118307116,0.0207131091505289,0.015637975931167603,0.010678887367248537,0.005809967638924718
0114,PRight,1,2,0.06938536465167999,0.02932730644941331,0.024826867319643516,0.022540072426199913,0.02080324806272984,0.01966029861941932,0.015869394689798356,0.011715204268693926,0.005893689347431064
0114,PRight,1,3,0.05222506821155548,0.026318698246032005,0.023031374700367452,0.02128445154055953,0.019643495529890063,0.01884969761595128,0.015756402723491193,0.012432141415774822,0.005917717004194856
0114,PRight,2,0,0.18177750706672668,0.03929712284356356,0.02932942233979703,0.024110339116305113,0.020464800223708172,0.018346684984862784,0.012927543651312599,0.00824216529726982,0.003977881511673331
0114,PRight,2,1,0.09583116322755814,0.029548505637794736,0.023348430581390862,0.020498657785356044,0.0185045138001442,0.016988896485418074,0.013077747914940121,0.00833688210695982,0.004272757098078728
0114,PRight,2,2,0.06188400834798813,0.024820496328175068,0.020537080988287926,0.018617189694195985,0.017361474707722663,0.01639057686552404,0.013339913077652456,0.009217226877808578,0.004358725156635046
0114,PRight,2,3,0.04477304592728615,0.022336411736905575,0.018814629912376403,0.01731626378372312,0.016360699683427814,0.015682355035096403,0.01334939915686846,0.009888695925474174,0.004404750186949968
0114,PRight,3,0,0.18177750706672668,0.03560287337750197,0.025858826823532587,0.02093898940831423,0.018138602152466776,0.01611602958291767,0.011687178164720535,0.00682295141741634,0.0033485718304291368
0114,PRight,3,1,0.09372047334909439,0.026950669214129457,0.020731074213981633,0.01805561885237694,0.01639236815273762,0.015213480126112696,0.011899103876203304,0.007137882709503175,0.0035061546368524432
0114,PRight,3,2,0.059474945068359375,0.02225299060344697,0.018602360747754575,0.016705010831356053,0.015539288334548476,0.014609182765707367,0.012219041958451273,0.007766166329383854,0.003574871807359159
0114,PRight,3,3,0.042672183364629745,0.019945526309311394,0.017055741399526595,0.015710549745708707,0.014735700115561487,0.01409193756990134,0.012005097419023513,0.008296973817050461,0.003604098572395742
0119,PRight,1,0,0.21255716681480408,0.05133958924561739,0.0392073804885149,0.03332479268312454,0.02906767271459104,0.026284232549369315,0.017968383803963667,0.011922626756131649,0.005970811937004328
0119,PRight,1,1,0.09604065865278244,0.040956335291266445,0.0319146092236042,0.027793206069618465,0.025067152827978136,0.02313212575390931,0.01804556418210268,0.011950976215302958,0.006317084189504385
0119,PRight,1,2,0.05289328843355179,0.0346868271008134,0.02862344514578581,0.025539758391678335,0.023925098776817328,0.022683241218328456,0.017786652036011222,0.012965614534914495,0.006285422947257757
0119,PRight,1,3,0.04210130125284195,0.03095483819022775,0.026594094224274164,0.02435559948906303,0.023156700283288957,0.021927669923752537,0.01771179009228945,0.013490495271980762,0.006239093141630292
0119,PRight,2,0,0.12414122372865677,0.040291946046054364,0.03098418552428484,0.026069110762327912,0.022787941917777072,0.02026595389470457,0.014094071183353664,0.009141292050480851,0.004306176910176873
0119,PRight,2,1,0.0697774589061737,0.030546915456652644,0.02495876859873534,0.021967875510454177,0.020025702044367794,0.01880774470046162,0.014246196020394564,0.009485793858766564,0.004547834396362305
0119,PRight,2,2,0.03933873400092125,0.025824970770627263,0.021506850048899653,0.020128864496946335,0.018891890048980713,0.017697899043560023,0.01452973010018468,0.010064942575991158,0.004579023225232959
0119,PRight,2,3,0.02884540893137455,0.023257766980677844,0.020360560491681102,0.018931565508246425,0.01780345916748047,0.016844171285629272,0.014435721375048168,0.010601155646145345,0.004571406403556466
0119,PRight,3,0,0.09911645948886871,0.03449939206242562,0.02662256330251694,0.02225644744932653,0.01919866785407067,0.017218443471938336,0.011864750646054755,0.007543711457401514,0.003525576670654118
0119,PRight,3,1,0.04788094013929367,0.026399299055337905,0.021268978118896487,0.018984188418835403,0.017685430794954302,0.016601300518959743,0.012238186784088612,0.007984685711562634,0.0036843419075012207
0119,PRight,3,2,0.031194420531392097,0.021876126714050773,0.018953716829419136,0.017411436699330807,0.01621504232287407,0.015329418750479815,0.012531630974262962,0.008456518128514293,0.0036990923108533025
0119,PRight,3,3,0.02500142902135849,0.019608140699565412,0.01781157657504082,0.01636327957734466,0.015216340422630311,0.014508311031386252,0.012380693014711142,0.009011452831327918,0.0037299332907423377
0124,PRight,1,0,0.45095473527908325,0.0791228211671114,0.05802918627858163,0.04797347269952297,0.04146738618612294,0.03729660585522646,0.02334798686206343,0.01352817043662072,0.005677754757925868
0124,PRight,1,1,0.15231308341026306,0.0645776118338108,0.05070018954575063,0.04288436602801085,0.037908232212066656,0.034395772591233234,0.02398182451725008,0.014500734210014347,0.005890646018087864
0124,PRight,1,2,0.08918054401874542,0.059610003866255284,0.048651205226779015,0.041145246326923374,0.036557545512914666,0.03262280505150557,0.024046957679092908,0.015209451876580717,0.005876255454495549
0124,PRight,1,3,0.07309677451848984,0.055951279662549515,0.046640625447034845,0.039947040155529995,0.034443198889493945,0.03106297161430118,0.023938566818833353,0.015420141443610199,0.005877353949472308
0124,PRight,2,0,0.23979294300079346,0.06470519624650481,0.045843755826354034,0.03752223826944828,0.032041932195425046,0.027660523168742637,0.017754639871418478,0.010448994673788549,0.0042632888071238995
0124,PRight,2,1,0.12676694989204407,0.0491157690808177,0.039068698137998584,0.03298991743475199,0.029492961913347247,0.026466058846563095,0.018196812830865383,0.011387963220477105,0.004438258707523346
0124,PRight,2,2,0.0778815895318985,0.045443677790462975,0.03689875788986683,0.030674500241875652,0.026980147138237955,0.02486567581072448,0.0180209206417203,0.012351007387042048,0.004492230247706175
0124,PRight,2,3,0.06128093600273132,0.04311127528548241,0.03465939939022064,0.029546801671385767,0.0251078674197197,0.023218051344156256,0.018013825267553334,0.012483493797481062,0.004487114027142525
0124,PRight,3,0,0.23979294300079346,0.05562567487359048,0.0391877354681492,0.03264038637280464,0.02713925994932658,0.023527760803699487,0.015301629900932312,0.008992310240864755,0.0035072104074060917
0124,PRight,3,1,0.12635882198810577,0.043285894319415104,0.03394628614187241,0.028965886682271957,0.025147920921444893,0.02270921040326355,0.015729941055178644,0.009934392012655736,0.003623364376835525
0124,PRight,3,2,0.07386774569749832,0.040242709666490566,0.031544639766216284,0.026307908408343794,0.023558971062302602,0.021315934788435697,0.015618985239416362,0.010662313923239708,0.0036505669122561812
0124,PRight,3,3,0.05590960755944252,0.03683979228138924,0.03006172399967909,0.025216145925223858,0.021606286242604255,0.01987004391849041,0.015402213297784333,0.010940557904541494,0.0036739358911290765
0129,PRight,1,0,0.09504422545433044,0.03950560186058284,0.03143583104014398,0.027312206272035847,0.023889419361948973,0.021725879143923484,0.016182034462690356,0.010769279859960078,0.0053892608266323805
0129,PRight,1,1,0.04329976439476013,0.02785575656220317,0.024424661025404932,0.022547275219112643,0.02107121177017689,0.019987360294908274,0.01614179164171219,0.010274191014468671,0.005783261731266975
0129,PRight,1,2,0.030830640345811844,0.023697193283587693,0.021619406677782536,0.02026740863919258,0.019334442988038065,0.018681763298809526,0.016149016655981542,0.011058634892106057,0.005845272447913885
0129,PRight,1,3,0.02579122595489025,0.022230589110404254,0.02028593797236681,0.01901688437908888,0.018273156434297565,0.01769732721149921,0.015913700684905052,0.011728364042937756,0.005831245565786958
0129,PRight,2,0,0.09504422545433044,0.03438397996127606,0.02660451039671899,0.022471190709620715,0.019850067794322968,0.017802016809582703,0.013604797609150423,0.008036253228783614,0.004010103177279234
0129,PRight,2,1,0.04060540348291397,0.02414681253954768,0.020942277312278747,0.019116083029657602,0.017944337129592897,0.016917303856462233,0.013483352679759267,0.008036637492477895,0.004285309696570039
0129,PRight,2,2,0.027416877448558807,0.021115906275808814,0.018787265345454218,0.017231656759977343,0.016533987149596214,0.01597314421087503,0.013430040888488294,0.008668937534093863,0.004349105060100555
0129,PRight,2,3,0.024152172729372978,0.019147761519998314,0.017530399076640606,0.016549000311642886,0.016071915328502655,0.015635068528354164,0.013101699016988278,0.00916715804487467,0.004362050676718354
0129,PRight,3,0,0.0912972018122673,0.030811192635446797,0.023326211981475355,0.019850067794322968,0.01766513369977475,0.0162043665535748,0.011718238703906536,0.006719148345291621,0.003336267778649926
0129,PRight,3,1,0.040494099259376526,0.02230822427198291,0.018976137414574625,0.01747121796011925,0.016313817352056503,0.015522388601675626,0.011766899190843108,0.006862538121640682,0.0034976834431290627
0129,PRight,3,2,0.026343239471316338,0.019619049262255432,0.017428659163415433,0.016032353658229113,0.0153672444075346,0.01481332099065184,0.011821556650102143,0.007377434894442559,0.0035410267300903797
0129,PRight,3,3,0.02286713570356369,0.017727577593177557,0.016216004453599452,0.015548866353929044,0.015045195370912551,0.014276504050940275,0.011566536501050002,0.007844578102231027,0.003558829426765442
0134,PRight,1,0,0.12764465808868408,0.044028700254857556,0.03517619960010055,0.030584888737648728,0.02740098685026169,0.024891912005841732,0.01723064836114646,0.011582277342677125,0.006043915171176195
0134,PRight,1,1,0.05500590056180954,0.03245269425213337,0.028286655545234685,0.025541414041072134,0.023809165358543397,0.022172596305608736,0.01702779419720173,0.011193154007196431,0.0064067651983350515
0134,PRight,1,2,0.03664420545101166,0.027835653293877844,0.02514406807720661,0.023189404029399157,0.02181993164122105,0.020762146357446908,0.01689671371132136,0.011891909129917628,0.006429959088563919
0134,PRight,1,3,0.02989977039396763,0.02573589388281107,0.023638642914593222,0.021997980251908304,0.02069141760468483,0.019703357201069593,0.01667337510734797,0.012541475519537928,0.006446911720559001
0134,PRight,2,0,0.12629418075084686,0.03560072008520365,0.02853458043187857,0.024656738154590137,0.021655150428414354,0.019378129765391328,0.01314515573903919,0.008884790167212489,0.00428086519241333
0134,PRight,2,1,0.046572040766477585,0.026576723158359527,0.02299431949853897,0.02063824679702521,0.01884930402040482,0.017738154903054228,0.013209567312151197,0.008944108150899412,0.004551305901259184
0134,PRight,2,2,0.02869250997900963,0.022684821039438252,0.020181042514741423,0.018698012791574,0.01741167888045311,0.016450484655797463,0.013363584689795972,0.009391682781279088,0.004626301117241383
0134,PRight,2,3,0.025447238236665726,0.02056561715900898,0.018666259087622167,0.01743995385244489,0.016594251319766048,0.015726177673786878,0.01331634894013405,0.009875299409031868,0.004635710967704654
0134,PRight,3,0,0.09413935989141464,0.03123974945396185,0.024763616509735586,0.020743124093860393,0.018420565128326422,0.016411538328975437,0.011140866205096248,0.007176665775477886,0.003510860726237297
0134,PRight,3,1,0.041012004017829895,0.022929256409406667,0.01987632989883423,0.01792584650218487,0.016570113226771356,0.015263293171301484,0.011249542608857155,0.007539885398000479,0.0036758386995643377
0134,PRight,3,2,0.026330728083848953,0.019700624961405996,0.017515255920588974,0.016332065127789976,0.015154807195067406,0.014370723301544786,0.01152078919112683,0.007825391925871374,0.0037257723743095994
0134,PRight,3,3,0.023417968302965164,0.017857704795897007,0.016096492297947407,0.01523854235187173,0.014475659653544427,0.013819803250953553,0.011591970920562744,0.008238323777914057,0.0037605243269354105
0139,PRight,1,0,0.36294594407081604,0.08493853852152827,0.06010447770357132,0.04689470812678339,0.04122895911335946,0.03607648648321622,0.02370911613106729,0.01458547003567219,0.006023207912221551
0139,PRight,1,1,0.1466251164674759,0.07450591728091242,0.055522180646657954,0.04558067698031666,0.03934003546833993,0.03421141505241393,0.023472071252763273,0.01541455462574959,0.006371841533109546
0139,PRight,1,2,0.09130391478538513,0.06400368943810462,0.05154309988021851,0.04582483019679787,0.039646262079477336,0.03326997589319943,0.02295383531600237,0.01618173383176327,0.0063915252685546875
0139,PRight,1,3,0.07512131333351135,0.05829643771052361,0.04867689274251462,0.043931334801018254,0.0381903824210167,0.03276372831314801,0.022984133101999763,0.01643737740814687,0.0064353179186582565
0139,PRight,2,0,0.36294594407081604,0.0658298958837986,0.04533824279904366,0.03595935650169851,0.030803096666932112,0.027353193797171108,0.01841146834194661,0.011669507995247843,0.004462935030460358
0139,PRight,2,1,0.14058981835842133,0.056970308162271985,0.04293175742030145,0.03476982317864897,0.029046884775161756,0.025306289270520133,0.018317416869103924,0.012525388412177565,0.0046941074542701244
0139,PRight,2,2,0.08398435264825821,0.049400686845183374,0.040746427699923524,0.03466773480176927,0.02895284414291382,0.02556682741269466,0.01749597229063511,0.013365574181079866,0.0047941976226866245
0139,PRight,2,3,0.061389707028865814,0.04479123428463936,0.03784234613180161,0.03319043576717377,0.02846063606441022,0.025371639523655173,0.016848304867744447,0.013707562536001208,0.004851033445447683
0139,PRight,3,0,0.3588365912437439,0.05342873863875866,0.03697787031531334,0.03078350350260735,0.026855583414435405,0.023494253400713188,0.01544338651001454,0.00982140451669694,0.003720009932294488
0139,PRight,3,1,0.13817188143730164,0.047153415903449056,0.03663942947983742,0.02973608311265708,0.024685421064496043,0.021561417542397945,0.01579810902476311,0.010667559318244459,0.0038532353937625885
0139,PRight,3,2,0.08145472407341003,0.041005970351398,0.03452000744640828,0.028994952291250247,0.02419975221157075,0.02178449053317308,0.015258467011153702,0.011507765762507916,0.003925747005268931
0139,PRight,3,3,0.05840886011719704,0.036776540763676174,0.032115747779607774,0.027866163048893222,0.02385060854256154,0.021599682234227653,0.014843913447111846,0.011841333471238613,0.0039933836087584496
0144,PRight,1,0,0.10604673624038696,0.03850116081535816,0.031176036261022094,0.027137412056326877,0.024150511696934704,0.021733219642192065,0.015153003856539726,0.01041958723217249,0.00511346640996635
0144,PRight,1,1,0.05625029280781746,0.028129525277763606,0.024638028815388683,0.02249031251296401,0.02084158532321453,0.019527209177613254,0.015486589167267084,0.010180437564849867,0.0054529530461877584
0144,PRight,1,2,0.03487091138958931,0.02408360300585628,0.0217821204662323,0.020251906253397466,0.019194167703390122,0.01845109928399324,0.015606241859495641,0.010954651422798636,0.0055337760131806135
0144,PRight,1,3,0.026625018566846848,0.02266819652169943,0.020134810581803324,0.01892872529104352,0.018196054175496103,0.017734228447079656,0.015379470773041248,0.011626997590065018,0.005549875786527991
0144,PRight,2,0,0.10111628472805023,0.03280162233859302,0.02611963048577309,0.02260242534801364,0.01983264744281769,0.017909972276538563,0.012787595856934788,0.00794834550470114,0.0038998754462227225
0144,PRight,2,1,0.055599961429834366,0.024069164823740722,0.020954421758651736,0.019049256294965747,0.0177036177366972,0.01678539179265499,0.013166430220007904,0.00789101142436267,0.004123760387301445
0144,PRight,2,2,0.033988937735557556,0.021001906972378494,0.018578417599201206,0.017149008922278886,0.016371368244290353,0.015774343442171813,0.013419698923826218,0.008625168539583691,0.004179009469226003
0144,PRight,2,3,0.02240617386996746,0.01921506267040968,0.017134046554565432,0.016118161473423244,0.015559796392917635,0.01507091135717928,0.013309592101722957,0.009133326075971128,0.004208467900753021
0144,PRight,3,0,0.09392545372247696,0.02937502199783922,0.023568560592830183,0.02012576460838318,0.01790607452392579,0.016053478140383954,0.011654536891728648,0.006578051391988999,0.003267698921263218
0144,PRight,3,1,0.047511741518974304,0.02150344826281071,0.018939902596175676,0.017294018696993593,0.016204662024974822,0.015278762299567455,0.012070509139448404,0.0066982906311750445,0.0034035025164484978
0144,PRight,3,2,0.030055955052375793,0.01866504332050681,0.016882976144552232,0.01580848939716816,0.015089126490056516,0.014480652520433067,0.012225578259676696,0.007338332571089268,0.003461686777882278
0144,PRight,3,3,0.0207888875156641,0.01697679154574871,0.015593719873577357,0.014917987100780012,0.014285138361155986,0.013808806706219907,0.012198308017104864,0.007874758169054986,0.003485608845949173
0149,PRight,1,0,0.2068256288766861,0.0443823390826583,0.03309946097433567,0.028625414445996294,0.02553424797952175,0.023231598362326574,0.015560807287693025,0.010122152604162694,0.004856996005401015
0149,PRight,1,1,0.09187580645084381,0.03549924924969674,0.028063237294554715,0.024600798301398757,0.022419144362211228,0.02086898768320677,0.01579026598483325,0.01046006195247174,0.005212692078202963
0149,PRight,1,2,0.05792847275733948,0.030162955373525622,0.02628168895840645,0.02361904304474592,0.021636927053332332,0.020014537684619423,0.01585507988929749,0.011476613953709608,0.005276814568787813
0149,PRight,1,3,0.0428050234913826,0.026975736785680056,0.02429802402853966,0.022621414903551344,0.021442616730928423,0.02016105027869343,0.01572907827794552,0.012081597559154033,0.005296838702633977
0149,PRight,2,0,0.15383759140968323,0.03593454848974943,0.02824411235749722,0.024169144574552777,0.021101801767945294,0.018933075852692126,0.012559176329523325,0.007671171613037587,0.0037794075906276703
0149,PRight,2,1,0.08747518062591553,0.027464115917682653,0.022643810398876668,0.020444031208753585,0.018671197965741158,0.017457517329603427,0.01310202367603779,0.007997299358248715,0.00401404919102788
0149,PRight,2,2,0.0479804165661335,0.023966328185051684,0.020821474827826023,0.018872075118124488,0.017375444546341906,0.016384608019143335,0.013210016861557962,0.00890132691711188,0.0040640453808009624
0149,PRight,2,3,0.03306036442518234,0.021755863912403587,0.019807715676724912,0.018306255489587787,0.016791023761034012,0.01558643882162869,0.013175589311867962,0.009569006226956845,0.004094271222129464
0149,PRight,3,0,0.15383759140968323,0.03132320556789637,0.025505343452095985,0.021254055779427298,0.01864730425179005,0.016594545822590512,0.011359288357198238,0.006574856210500004,0.0031888773664832115
0149,PRight,3,1,0.0833645835518837,0.023770864121615897,0.019989046454429626,0.018054541982710365,0.01677723675966263,0.015651490073651058,0.011854698229581122,0.006777208298444749,0.003337499685585499
0149,PRight,3,2,0.042416032403707504,0.020845180265605452,0.01819338966161013,0.01650324903428555,0.015498007573187351,0.014678296865895385,0.011952159833163029,0.007561811618506917,0.0033736249897629023
0149,PRight,3,3,0.02829030714929104,0.019324073251336813,0.017224836573004724,0.015827894732356074,0.01472012147307396,0.014049841370433563,0.011861554998904468,0.008197114989161494,0.0033894487423822284
0154,PRight,1,0,0.5862013697624207,0.19347952723503123,0.13090386629104617,0.08486663766205316,0.061217986047267914,0.0494083814322947,0.026906790956854835,0.015324373915791526,0.006657380610704422
0154,PRight,1,1,0.4272421896457672,0.17426452040672302,0.12286538258194925,0.09364317141473294,0.07130302697420125,0.055830269679427086,0.02505276240408423,0.015758540853857996,0.007029002765193582
0154,PRight,1,2,0.30566489696502686,0.1664788717031479,0.1109610649943352,0.08953932993113994,0.07266376674175264,0.06198713667690745,0.025516949221491822,0.016208394244313255,0.006938909646123648
0154,PRight,1,3,0.24185310304164886,0.15148162081837654,0.10044454663991931,0.08538396283984184,0.07557820081710817,0.06235654782503838,0.028562403656542317,0.01648772582411766,0.00692316610366106
0154,PRight,2,0,0.5192542672157288,0.14096790134906773,0.09068335995078093,0.059949280731379985,0.04490460902452473,0.036528136208653264,0.020990136824548245,0.011941318586468708,0.004712750902399421
0154,PRight,2,1,0.28585848212242126,0.12101677931845192,0.09143387943506243,0.06791658237576485,0.05233476981520653,0.04043585211038587,0.020010031759738943,0.012816170230507854,0.004973584553226829
0154,PRight,2,2,0.1787613183259964,0.1082210421562195,0.08413942217826843,0.06688909560441973,0.05496784508228302,0.046217529103159766,0.019675959460437303,0.013371989503502846,0.005020905518904328
0154,PRight,2,3,0.13665810227394104,0.09589964650571348,0.07616043269634247,0.06593545027077198,0.056280792802572296,0.04459284991025914,0.021302060410380377,0.01378715503960848,0.005051320651546121
0154,PRight,3,0,0.5088229775428772,0.10659508392214784,0.06767757043242457,0.04704059019684793,0.036177501976490035,0.03094566790387027,0.018178134970366962,0.010546068847179426,0.0038566006114706397
0154,PRight,3,1,0.20625297725200653,0.0939497694373131,0.06986361175775528,0.05377992186695339,0.041778573989868215,0.03270204477012145,0.017661562189459804,0.01137322410941124,0.004023220157250762
0154,PRight,3,2,0.11652947962284088,0.07994250446557999,0.06773557275533676,0.054791004545986656,0.04524782434105875,0.03652251698076715,0.01736946050077679,0.011921363323926926,0.004090240690857172
0154,PRight,3,3,0.08798159658908844,0.07071214161813259,0.06219792194664479,0.05421386685222388,0.04548677876591683,0.03598184492439028,0.018004452064633372,0.012349326908588412,0.004107518354430795
0159,PRight,1,0,0.08624124526977539,0.0372179125994444,0.030762998200953025,0.027118809800595046,0.024615933522582057,0.0224282450042665,0.016880729235708714,0.011353798955678942,0.00540547352284193
0159,PRight,1,1,0.04673515632748604,0.02673155274242163,0.024083746224641808,0.022225232608616353,0.02091609492897988,0.01984115894883871,0.016640015877783305,0.011618462391197681,0.005720679648220539
0159,PRight,1,2,0.030048292130231857,0.02353447562083602,0.021611366234719754,0.0202438959851861,0.019337456747889517,0.018572081718593834,0.01634340565651655,0.012360620684921745,0.005806132219731808
0159,PRight,1,3,0.02476038783788681,0.021958711594343188,0.02026595503091812,0.019207796212285758,0.01839381329715252,0.017684379685670135,0.015867539495229722,0.01284217014908791,0.0058153977151960135
0159,PRight,2,0,0.0799468606710434,0.032434532083570965,0.026771938465535643,0.02330850599333644,0.020790584385395057,0.019010930042713866,0.014922820497304208,0.008742554113268852,0.004028729163110256
0159,PRight,2,1,0.03955288976430893,0.023159478548914196,0.020766654759645464,0.01935554349794984,0.01821096897125244,0.017406143620610236,0.014661669358611107,0.009215329214930536,0.004277941305190325
0159,PRight,2,2,0.02601056545972824,0.020593580268323423,0.018598471060395243,0.01738730773329735,0.016793570145964623,0.01637245053425431,0.014105078857392074,0.009999429993331439,0.004344643792137504
0159,PRight,2,3,0.023147758096456528,0.018901084028184415,0.01742456793785095,0.016701479107141495,0.01614790052175522,0.01565617499873041,0.01356829172000289,0.010548213683068769,0.004386473912745714
0159,PRight,3,0,0.0799468606710434,0.029628156833350662,0.02454638782888651,0.021249747946858407,0.01900076523423195,0.0172712326981127,0.013290521688759329,0.007330296188592914,0.003386105760000646
0159,PRight,3,1,0.03658624738454819,0.021636347807943827,0.019418213553726676,0.018040317595005035,0.01699639789760113,0.016379543486982576,0.013195409066975116,0.00793693754822016,0.003512333263643086
0159,PRight,3,2,0.025131510570645332,0.019171040188521147,0.017304185964167117,0.016519178356975316,0.015932502523064614,0.015380412060767401,0.012795319128781558,0.008782367408275607,0.003560250159353018
0159,PRight,3,3,0.022288693115115166,0.01744396544992924,0.01638068664819002,0.01572874130681157,0.015138819590210918,0.014524783473461865,0.012327847070991995,0.00929616987705231,0.0036106668412685394
0164,PRight,1,0,0.2321140319108963,0.046083809696137915,0.03532254703342916,0.030922319851815705,0.027719848528504384,0.02533121071755883,0.01773596089333296,0.011125090532004837,0.005261678714305162
0164,PRight,1,1,0.12018242478370667,0.033702456951141366,0.02869068443775177,0.025913899522274735,0.023931734040379526,0.022571654338389625,0.017949428409337997,0.012020517699420457,0.005503044463694096
0164,PRight,1,2,0.056326091289520264,0.029292936343699696,0.02580216091126204,0.02390122639015317,0.022557478472590452,0.02130054328590631,0.01760721635073424,0.013202157802879817,0.005526433931663632
0164,PRight,1,3,0.042738255113363266,0.02702661328017712,0.02435319818556309,0.02259117349982262,0.021470760852098467,0.020625135023146862,0.017296158894896507,0.013752958737313747,0.005540637532249093
0164,PRight,2,0,0.10955148935317993,0.038176324442029,0.030084204114973544,0.02589132148772479,0.02269600123167038,0.020776095427572673,0.014525634329766035,0.00872699096798897,0.00403154781088233
0164,PRight,2,1,0.04858839139342308,0.027160847801715137,0.023641456961631776,0.021785462610423568,0.020404009595513344,0.019063145760446782,0.015118930675089366,0.009495358541607863,0.004201996373012662
0164,PRight,2,2,0.03345642611384392,0.023147822767496114,0.021001477949321272,0.019668172858655457,0.018504586070775986,0.01770112849771976,0.01496066926047206,0.010480247624218477,0.004225564422085881
0164,PRight,2,3,0.02619687281548977,0.021210101488977673,0.019668117985129362,0.01851330075412989,0.017635262310504916,0.016950470767915244,0.014653937984257938,0.011163566634058953,0.004241115879267454
0164,PRight,3,0,0.10955148935317993,0.031930253282189375,0.02624277066439391,0.02246221793815494,0.02034587107598782,0.018457891326397635,0.012759746052324774,0.007581574376672507,0.0033688631374388933
0164,PRight,3,1,0.04395052045583725,0.024185806009918452,0.02108507078140974,0.019426006712019446,0.017946088165044786,0.016934595629572856,0.013310607988387348,0.008256287500262263,0.003447647439315915
0164,PRight,3,2,0.02623325027525425,0.020843683928251266,0.018842044919729233,0.017454555649310352,0.016537883654236793,0.01574822226539254,0.013326063659042122,0.009017765708267697,0.0034779378911480308
0164,PRight,3,3,0.021678714081645012,0.018896341137588025,0.017496620491147044,0.01633188957348466,0.015511998534202577,0.015007081488147356,0.013079599384218455,0.009564403071999551,0.0034942799247801304
0169,PRight,1,0,0.30636295676231384,0.06956754699349403,0.05159308589994908,0.04402446378022433,0.03847532272338868,0.034921761602163315,0.02371401581913234,0.015399002842605114,0.006280142348259687
0169,PRight,1,1,0.10289805382490158,0.05621913313865662,0.04556554220616818,0.03892743203788996,0.035010817348957064,0.03243179246783256,0.022889862582087517,0.016260797157883655,0.006373827578499913
0169,PRight,1,2,0.06940862536430359,0.04898892138153315,0.040915816724300384,0.03670070670545101,0.03358267545700077,0.030641219764947825,0.022750078141689303,0.016653063520789147,0.006266356911510229
0169,PRight,1,3,0.059030018746852875,0.04476349081844092,0.03867050066590309,0.03439693503081799,0.031863509565591815,0.02974286545068022,0.02313475329428912,0.01664216630160809,0.006238155532628298
0169,PRight,2,0,0.17185187339782715,0.05434128638356925,0.041804310753941566,0.03569454941898586,0.03133413463830948,0.02806874997913834,0.01908257231116295,0.012459874898195267,0.004652064060792327
0169,PRight,2,1,0.07811042666435242,0.04285897571593523,0.035672940388321875,0.031140035875141622,0.028248271867632874,0.025650251284241646,0.018863706849515438,0.013666584528982654,0.004695243434980512
0169,PRight,2,2,0.053119558840990067,0.03668998442590237,0.03175372235476972,0.028551951590925457,0.02633245564997197,0.024155271053314165,0.018218586593866354,0.014160247147083284,0.004711203509941697
0169,PRight,2,3,0.044899359345436096,0.033296539857983594,0.029331543557345872,0.026770248971879483,0.02481298223137856,0.022931518033146858,0.01816291753202677,0.014292791299521925,0.004728124942630529
0169,PRight,3,0,0.17185187339782715,0.046886499375104904,0.036424193531274796,0.03167920354753734,0.02771836891770363,0.024992577359080254,0.016764480620622635,0.010790839977562434,0.0038737149443477392
0169,PRight,3,1,0.07666951417922974,0.03719465374946594,0.030687680132687092,0.027560271043330434,0.02456676922738553,0.022408958617597816,0.01681589931249619,0.01198981199413538,0.0038774957647547126
0169,PRight,3,2,0.049673598259687424,0.03199322946369648,0.027705982886254792,0.025038388650864375,0.022936964929103854,0.021315450500696886,0.01623165234923363,0.01266364306211472,0.0039125115144997835
0169,PRight,3,3,0.04008293151855469,0.02877303307875991,0.025346395149827006,0.023316477928310635,0.021568527072668084,0.020327487215399728,0.01595118101686239,0.012795381434261802,0.003917127847671509
0174,PRight,1,0,0.17296607792377472,0.04302056077867747,0.03578672476112843,0.03159812431782485,0.028463906571269036,0.026083509344607576,0.018851748667657386,0.012965169735252857,0.005651357118040323
0174,PRight,1,1,0.08961353451013565,0.03287387289106847,0.028169323652982716,0.025587989892810584,0.023995387107133868,0.022787859849631765,0.018660678155720235,0.013665669411420823,0.005920580122619867
0174,PRight,1,2,0.04719120264053345,0.02857956202700734,0.025727552585303785,0.023853096719831234,0.02251490354537964,0.021478681359440078,0.018139550276100636,0.014433276839554313,0.006016135914251208
0174,PRight,1,3,0.03228450194001198,0.026083179991692306,0.02423950806260109,0.022934344597160816,0.02170124500989914,0.020706921443343157,0.01799981985241175,0.014704399555921555,0.006019034888595343
0174,PRight,2,0,0.17296607792377472,0.038478308878839025,0.03120169408619404,0.0272183757647872,0.02458119489252568,0.022141868993639936,0.01596842184662819,0.010417042486369613,0.0041816565208137035
0174,PRight,2,1,0.08325590193271637,0.02855851037427783,0.024552693367004396,0.022189856059849265,0.02092625118792058,0.019899499230086794,0.016044206917285923,0.011331848986446864,0.00442752568051219
0174,PRight,2,2,0.04367618262767792,0.02499174289405346,0.02238888330757618,0.020718458779156207,0.019227855205535892,0.018421812448650578,0.015654956176877025,0.01224363297224045,0.0044870146084576845
0174,PRight,2,3,0.027954423800110817,0.022454935517162086,0.021102605871856216,0.01990866238251329,0.018594882637262347,0.017566340137273047,0.01523442352190614,0.012648712657392026,0.004520975053310394
0174,PRight,3,0,0.17296607792377472,0.03438376184552908,0.028386145569384097,0.025153446421027185,0.022108652740716946,0.020254557020962197,0.014698254223912957,0.009035097248852254,0.0034816613188013434
0174,PRight,3,1,0.07810765504837036,0.026299937758594755,0.022306871339678767,0.020382917560637,0.01925927370786667,0.018300372269004585,0.01478953193873167,0.010012803971767428,0.003606548300012946
0174,PRight,3,2,0.04051954299211502,0.022895042113959794,0.02054606795310974,0.01896699078381062,0.017633696272969245,0.01685330476611852,0.01445798333734274,0.010941270366311076,0.0036523824092000723
0174,PRight,3,3,0.02591242454946041,0.02081854294985533,0.019259954839944842,0.018143900465220214,0.016942205280065535,0.016120948269963263,0.014079437218606472,0.011403993889689447,0.0036890699993819
0179,PRight,1,0,0.20322372019290924,0.050176891237497336,0.03918164901435376,0.03355454538017512,0.02997357420623303,0.027285200078040334,0.019660726934671406,0.013432233035564423,0.006035867612808943
0179,PRight,1,1,0.1042400449514389,0.0396100552752614,0.031586800888180736,0.02740594694390893,0.024854453057050706,0.02349068820476532,0.01912414003163576,0.014037194661796093,0.00628988491371274
0179,PRight,1,2,0.07123496383428574,0.03506325215101243,0.028949312567710876,0.025635552406311036,0.023518498316407205,0.022191937919706098,0.018241802416741847,0.01476259995251894,0.006276141619309783
0179,PRight,1,3,0.054535601288080215,0.03214693583548069,0.026593083664774895,0.024631883911788464,0.023056830167770385,0.021822485793381925,0.01764368135482073,0.014874002151191237,0.006276651984080672
0179,PRight,2,0,0.1616411656141281,0.04377242080867291,0.03288513742387295,0.028193980641663084,0.025497053265571598,0.02324313148856158,0.01667505539953709,0.010791963338851929,0.004407273605465889
0179,PRight,2,1,0.10122662782669067,0.03387403815984726,0.026617123186588293,0.02339986378327013,0.02142362147569657,0.02023760741576552,0.016478906944394113,0.011697878316044808,0.004597655963152647
0179,PRight,2,2,0.06437967717647552,0.02923443879932166,0.024103898108005527,0.021908440552651884,0.020095568373799326,0.018701817840337746,0.01568948514759541,0.012460611946880818,0.004667329369112849
0179,PRight,2,3,0.0473800003528595,0.026255887895822533,0.02253168571740389,0.020998502727597953,0.019684934169054032,0.018484407570213076,0.015007955208420753,0.012755724415183073,0.00465793302282691
0179,PRight,3,0,0.1616411656141281,0.03838639732450247,0.029546668380498894,0.02562374919652939,0.023032347708940505,0.021036583930253983,0.014988274686038503,0.009424696303904063,0.003604898927733302
0179,PRight,3,1,0.10112639516592026,0.02945913309231401,0.024184605032205587,0.02123211391270161,0.01959373287856579,0.01855236180126666,0.014958150312304498,0.0104164881631732,0.003744774730876088
0179,PRight,3,2,0.06343209743499756,0.02631822900846601,0.02202717885375023,0.019909800272434955,0.018156769946217538,0.01707881921902296,0.014368738047778606,0.01101629547774792,0.003807019558735192
0179,PRight,3,3,0.04525367543101311,0.023380440864712006,0.020616987608373168,0.019174993112683298,0.017818120643496516,0.01659643407911061,0.013923724275082351,0.011299260519444942,0.003836745279841125
0184,PRight,1,0,0.550192654132843,0.1098598887771368,0.0713334070146084,0.057757519595325,0.0483702524006367,0.04259024541825051,0.02750461548566821,0.016359299421310425,0.007139238063246012
0184,PRight,1,1,0.2653702199459076,0.0947560415416956,0.07138031378388406,0.05822616118937732,0.049262683987617496,0.041612263210117795,0.026081497967243197,0.017791379243135466,0.007194658275693655
0184,PRight,1,2,0.16779747605323792,0.08170986853539944,0.0679274980723858,0.05989086769521237,0.05341378614306454,0.04558458030223841,0.025600397400558,0.01782313659787178,0.007079135626554489
0184,PRight,1,3,0.1169637143611908,0.07017266228795052,0.06374284371733666,0.05961942937225104,0.05455003663897516,0.047307603619992644,0.026224334724247473,0.017541759461164475,0.007090468192473054
0184,PRight,2,0,0.515062689781189,0.0784454319626093,0.05087024077773095,0.041408721804618846,0.03616954535245896,0.03263095263391731,0.021322695538401604,0.012896699644625198,0.005132067948579788
0184,PRight,2,1,0.16943886876106262,0.07046018689870835,0.04873394154012203,0.0411492220312357,0.03464170947670937,0.02967342911288137,0.020345070213079453,0.014312312565743923,0.005227884743362665
0184,PRight,2,2,0.10707754641771317,0.0627298901230097,0.04948693439364435,0.04298257090151312,0.0364354918897152,0.030417593475431194,0.019617958739399914,0.014555875211954119,0.005214262753725052
0184,PRight,2,3,0.07573820650577545,0.05468125350773335,0.04707977429032327,0.04258171528577805,0.037637954503297835,0.031992682255804525,0.019763960503041748,0.014578177034854893,0.005201855208724737
0184,PRight,3,0,0.470174640417099,0.06522831842303278,0.042111476063728344,0.0350622059032321,0.031036371365189552,0.02764117447659372,0.01818890869617462,0.011249750107526784,0.004190345527604222
0184,PRight,3,1,0.15646789968013763,0.059411409236490735,0.04154238052666191,0.0339746755361557,0.02865028850734235,0.02482615159824488,0.017616771534085276,0.012444425001740462,0.004230625461786985
0184,PRight,3,2,0.08805960416793823,0.053509256504476084,0.04172629535198212,0.03694820985198021,0.031261776238679914,0.025058728549629407,0.01682764831930399,0.012809422053396703,0.004261769587174058
0184,PRight,3,3,0.0650983527302742,0.04686025526374579,0.04051453083753586,0.03640598192811013,0.03205871045589448,0.026481134258210658,0.016594965942204006,0.01295661795884371,0.004239558009430766
0189,PRight,1,0,0.3206668198108673,0.0535042379796505,0.04151674784719945,0.03516742940992118,0.031034607067704202,0.028292603418230998,0.019899643398821363,0.01367073953151703,0.006576254265382886
0189,PRight,1,1,0.13003872334957123,0.04074027318507433,0.03274732790887356,0.028783814739435913,0.026219934299588212,0.0246532850898802,0.019528557732701304,0.013977190107107164,0.006827981444075704
0189,PRight,1,2,0.07582472264766693,0.035745339244604116,0.029365678057074556,0.026226682513952257,0.02428532019257546,0.022918075416237096,0.019009904563426973,0.014530901983380322,0.006791566731408238
0189,PRight,1,3,0.052705928683280945,0.03196759086102247,0.027057857587933543,0.02457702696323395,0.02309857524931431,0.02200815146788954,0.018488287180662154,0.01481128688901663,0.006774942157790065
0189,PRight,2,0,0.252909392118454,0.04262124519795181,0.03334105342626572,0.028782040625810627,0.025579978749156008,0.023266425915062425,0.01621211543679238,0.01088444609194994,0.004565517418086529
0189,PRight,2,1,0.0846756175160408,0.031178327649831777,0.025977062582969668,0.023360433783382182,0.02180070117115975,0.020545569993555526,0.016275457292795188,0.011506765708327295,0.004799977410584688
0189,PRight,2,2,0.049081478267908096,0.02622347488999367,0.023102857135236268,0.020881651844829322,0.0197067828476429,0.01886192364618182,0.01585927400738001,0.01216248515993357,0.004874480655416846
0189,PRight,2,3,0.03588993102312088,0.02332108195871115,0.021243928112089635,0.01963849648833275,0.018604543060064316,0.017874494101852174,0.01518789678812027,0.012416003085672858,0.004897860577329993
0189,PRight,3,0,0.18909980356693268,0.03635425891727209,0.029465091824531556,0.02544370578601958,0.02265089936554432,0.02048353711143134,0.014196570031344894,0.009166304022073754,0.0037632398307323456
0189,PRight,3,1,0.07452210038900375,0.02644270019605756,0.02224887702614069,0.020563868358731273,0.01924636945128441,0.0181928627192974,0.014451330527663233,0.01015085764229298,0.00387785816565156
0189,PRight,3,2,0.03872537985444069,0.02263505207374692,0.019764940179884435,0.01838724695146084,0.017437339574098588,0.016715198196470726,0.01417752010747791,0.010696650855243206,0.003928762627765536
0189,PRight,3,3,0.027200784534215927,0.02038514444604516,0.01837039776146412,0.017109660990536214,0.016230984926223754,0.01570399487391114,0.013681749161332846,0.010913316719233991,0.003953293897211552
0194,PRight,1,0,0.1527642458677292,0.04247431881725788,0.03410376109182836,0.02963054537773133,0.0269861251115799,0.025009085703641173,0.018423497118055826,0.013128764741122729,0.0060005763079971075
0194,PRight,1,1,0.07332358509302139,0.029783013351261618,0.025809297598898412,0.023894106820225715,0.02254375770688057,0.021470439247786997,0.017756156809628013,0.013232051022350795,0.006429534405469894
0194,PRight,1,2,0.04097229242324829,0.02589084183797241,0.023048551119863987,0.021448635291308166,0.02062688797712326,0.01995012648403644,0.017190055735409267,0.013811534829437734,0.006474322872236371
0194,PRight,1,3,0.03350210189819336,0.02361178081482649,0.02162193540483713,0.020461152363568547,0.019634946584701538,0.018996633030474178,0.016843236796557904,0.013984007202088833,0.006439922144636512
0194,PRight,2,0,0.1527642458677292,0.03527682919055224,0.028936317190527916,0.025951274801045667,0.02344775214791298,0.02131572514772415,0.01533806324005127,0.01028765682131052,0.004332728451117873
0194,PRight,2,1,0.0646091178059578,0.025437540598213678,0.02213094130158425,0.020696151833981276,0.019490830302238464,0.01853767018765211,0.015140048600733286,0.010807682573795326,0.0046598464250564575
0194,PRight,2,2,0.03521133214235306,0.02247861096635461,0.019906799979507925,0.018553103525191548,0.017585060372948647,0.016875594668090327,0.014835060853511101,0.01137867867946625,0.00471762428060174
0194,PRight,2,3,0.02831679955124855,0.02068837132304907,0.018603162951767446,0.017397913578897715,0.016715937033295634,0.016103492118418217,0.014567891694605352,0.011650149151682856,0.004759977106004953
0194,PRight,3,0,0.11508849263191223,0.03134503640234471,0.02679865892976523,0.023780086878687143,0.021139512956142435,0.01912785656750201,0.014079593122005463,0.008589372970163822,0.0035656460095196962
0194,PRight,3,1,0.06344582885503769,0.023033373635262252,0.020269118174910547,0.018751974850893024,0.017721261084079745,0.016786517295986396,0.013914602249860764,0.009484491683542729,0.003741334890946746
0194,PRight,3,2,0.03280553221702576,0.020429431814700368,0.01803497102111578,0.016849097590893508,0.016019673347473146,0.015387287177145477,0.013584642391651872,0.010045157186687005,0.003849770757369697
0194,PRight,3,3,0.024829141795635223,0.018670048862695694,0.016813717409968378,0.01580932253971696,0.01518126640468836,0.014736764319241044,0.013338303938508034,0.01035621240735054,0.003889470943249762
0199,PRight,1,0,0.1403803676366806,0.047781026959419284,0.038106267228722575,0.031981957741081715,0.02879824884235859,0.026276386994868475,0.017939843051135544,0.01150807607918978,0.005515244789421558
0199,PRight,1,1,0.06504134088754654,0.034777210578322414,0.029915310591459274,0.027160712741315367,0.0252616997808218,0.02340887309983372,0.018505095317959793,0.012204629182815552,0.005661940900608897
0199,PRight,1,2,0.04112134501338005,0.029023203663527966,0.026582257822155952,0.0249687572196126,0.023541016206145293,0.022521641384810203,0.01817787885665894,0.01329442467540503,0.005627308506518602
0199,PRight,1,3,0.032661955803632736,0.026154269427061082,0.024685698151588442,0.023578297141939403,0.022689794674515727,0.02176782488822937,0.017834819667041306,0.013807001523673538,0.005569844041019678
0199,PRight,2,0,0.10306001454591751,0.03821772709488869,0.030994718186557302,0.02741456985473633,0.024346393272280692,0.021672167629003522,0.014848829060792924,0.009106342680752277,0.004175340523943305
0199,PRight,2,1,0.050485577434301376,0.028717361856251955,0.024813580848276617,0.022383892387151733,0.020829917043447495,0.019560516253113714,0.015646431408822537,0.009980801306664944,0.00428833719342947
0199,PRight,2,2,0.030325382947921753,0.02408034086227417,0.021837036535143857,0.020569935124367476,0.019511494040489196,0.018632079754024745,0.015425784140825271,0.011040628515183927,0.004273120081052184
0199,PRight,2,3,0.02459619753062725,0.021887243445962667,0.02043617941439152,0.019308823775500063,0.01835626788437367,0.017714522406458853,0.015139481704682115,0.011480798758566382,0.004272032296285033
0199,PRight,3,0,0.10306001454591751,0.034697049632668495,0.028310975879430773,0.02451454488560558,0.021680563762784006,0.019385588914155944,0.013453557994216681,0.00801616720855236,0.0034844394540414214
0199,PRight,3,1,0.050264302641153336,0.025697312820702797,0.02254306066781283,0.020421876683831216,0.018796904832124716,0.017699601128697392,0.014083624631166466,0.00887645334005356,0.003531842725351453
0199,PRight,3,2,0.026512550190091133,0.021715456936508417,0.019805535413324835,0.01856465067714453,0.017553486227989197,0.016846894565969703,0.013943878002464771,0.009683845192193986,0.0035370917757973075
0199,PRight,3,3,0.02206047996878624,0.019497585091739895,0.01848869483917952,0.017401651944965124,0.01660464644432068,0.015923685580492015,0.013788124453276396,0.01015981249511242,0.003553851740434766
0204,PRight,1,0,0.5369209051132202,0.1871747151017189,0.12074845492839816,0.09775242157280449,0.08160688370466233,0.07161397263407687,0.043390908092260365,0.022793933004140877,0.007565960520878434
0204,PRight,1,1,0.34373167157173157,0.13787939667701724,0.10902168661355974,0.09141793824732306,0.08012697100639346,0.07136407271027563,0.04667703732848168,0.024800183996558197,0.007716754451394081
0204,PRight,1,2,0.269919216632843,0.12160924740135672,0.09681146562099457,0.08650206834077838,0.07826010495424272,0.07203503400087351,0.04855559542775157,0.02668236903846264,0.007624723250046372
0204,PRight,1,3,0.20657256245613098,0.10921158231794835,0.08946092352271082,0.08044831342995168,0.07547948181629181,0.07112593390047543,0.04905703105032447,0.02788394652307037,0.007803566521033645
0204,PRight,2,0,0.4872828722000122,0.14304968744516394,0.09127541512250911,0.07023781627416611,0.05696482241153718,0.04851466231048092,0.031196223571896553,0.016959580779075625,0.005361851071938872
0204,PRight,2,1,0.3038148581981659,0.10870444767177107,0.08249308511614802,0.06943660952150825,0.058851922303438185,0.05250242389738556,0.03240477591753006,0.018658431991934808,0.005472949938848615
0204,PRight,2,2,0.2298639863729477,0.0863843908160925,0.07288803577423096,0.06456660665571691,0.058394432365894325,0.053297105804085684,0.03448587618768216,0.01957306936383248,0.005440287292003632
0204,PRight,2,3,0.16627345979213715,0.07615260489284993,0.06619855627417565,0.06114892389625311,0.057537311613559745,0.05346975810825822,0.035734555497765545,0.020228446274995808,0.005477151600643992
0204,PRight,3,0,0.4715111553668976,0.11920744083821777,0.07444911107420923,0.05615735020488501,0.04517564326524735,0.03955908492207526,0.025711712427437312,0.014066213183104992,0.004352255025878549
0204,PRight,3,1,0.29649287462234497,0.0927143243700266,0.0689325711131096,0.0577670843154192,0.049602379500866,0.04257903546094892,0.02645632904022932,0.015764981135725987,0.004451578017324209
0204,PRight,3,2,0.21266381442546844,0.07279418021440506,0.06052809044718743,0.053012542687356494,0.04821766555309297,0.04433811251074074,0.028122406452894214,0.01659439280629158,0.004414186114445329
0204,PRight,3,3,0.14773695170879364,0.06376948148012164,0.05502220682799817,0.05087627671658993,0.047583802342414855,0.044032370112836346,0.028863582760095607,0.01721706613898278,0.004506049212068319
0209,PRight,1,0,0.11999937146902084,0.043757018186152,0.034346239492297176,0.029880633410066366,0.026488097980618477,0.02432711953297255,0.018213260918855667,0.012673642672598366,0.005718327825888991
0209,PRight,1,1,0.07486297935247421,0.030405455771833657,0.026468811742961406,0.02422472061589361,0.022673522979021074,0.021471112966537472,0.017892352305352688,0.012957317195832742,0.006107780849561095
0209,PRight,1,2,0.04971494898200035,0.02644905412569642,0.023747977800667286,0.022098697554320097,0.020978587567806246,0.020047800056636318,0.017474394477903842,0.013328914903104309,0.006157310446724296
0209,PRight,1,3,0.03848479688167572,0.024997880849987268,0.022811996117234234,0.020918190851807596,0.019879316911101345,0.01905868537724016,0.017048772983253004,0.01348162423819304,0.006136206677183509
0209,PRight,2,0,0.11999937146902084,0.036955467537045504,0.0298747668042779,0.02537396302446723,0.02271935380995274,0.0206343175843358,0.016168002597987653,0.009819040633738042,0.004239800851792097
0209,PRight,2,1,0.061581458896398544,0.025718208216130734,0.022610485665500165,0.02067533617839217,0.019497709646821022,0.01850597523152828,0.015726053901016713,0.01045574657619,0.004474506480619311
0209,PRight,2,2,0.03710092231631279,0.022652425263077022,0.020460630059242254,0.01897011484950781,0.018021082207560542,0.017547924909740685,0.015150772500783206,0.010870777815580372,0.0045579406432807446
0209,PRight,2,3,0.030045410618185997,0.02147333409637213,0.01953061692416668,0.01805665608495474,0.017481942400336264,0.0168377798050642,0.014603103231638671,0.011146250553429127,0.004619951592758298
0209,PRight,3,0,0.11999937146902084,0.03276769515126945,0.02640752706676722,0.022808036487549543,0.020635288804769517,0.018354180175811016,0.014565981179475785,0.008383503742516042,0.00351326004602015
0209,PRight,3,1,0.06152786314487457,0.023133150432258852,0.02017047081142664,0.0188889029994607,0.01790272943675518,0.017335838917642826,0.014122782647609715,0.009128121100366121,0.0036561351735144854
0209,PRight,3,2,0.03529601916670799,0.020640533473342663,0.01863003246486187,0.017577164843678477,0.017014461308717733,0.016408336907625193,0.013659406173974277,0.009486969746649266,0.0037387049524113536
0209,PRight,3,3,0.02722366712987423,0.019577585570514207,0.017764254361391067,0.017057679314166307,0.016294257491827013,0.015601779473945478,0.013170069362968207,0.009786831773817542,0.003823072533123195
0214,PRight,1,0,0.3684227764606476,0.0469325675070286,0.03502420909702779,0.030037120860069995,0.026898616254329686,0.02438927534967659,0.017289625667035586,0.012100471369922164,0.0057422027457505465
0214,PRight,1,1,0.19006285071372986,0.03777355164289476,0.02748033829033375,0.024644625410437587,0.02282634936273098,0.021281455550342786,0.01708963103592396,0.012520374916493894,0.005994620267301798
0214,PRight,1,2,0.09131455421447754,0.03727613959461451,0.02591759197413922,0.023058674782514575,0.02095424100756646,0.019567131903022526,0.016495503857731818,0.013018244132399565,0.00602895044721663
0214,PRight,1,3,0.05892733111977577,0.036566314175724986,0.026873871088027964,0.022256648913025857,0.01991635456681252,0.018426144588738674,0.01583943944424391,0.013158754259347916,0.006050497991964221
0214,PRight,2,0,0.26131606101989746,0.04057212881743908,0.030033248215913775,0.025783967413008216,0.022679988294839862,0.020633519999682867,0.014496653340756893,0.009607351198792458,0.004289035685360432
0214,PRight,2,1,0.12246812880039215,0.03027339465916157,0.023196930065751076,0.02108185539022088,0.0195354874432087,0.01830373993143439,0.014642017520964149,0.010309149883687498,0.00449147867038846
0214,PRight,2,2,0.06696054339408875,0.02953007616102696,0.021650080308318137,0.01967355914413929,0.01781282715499401,0.01668323753401637,0.01420760322362185,0.010832063294947148,0.004532875493168831
0214,PRight,2,3,0.05030856654047966,0.028704031463712455,0.02108219429850579,0.018865480162203314,0.01666387438774109,0.015692801307886833,0.01361334351822734,0.011065439879894258,0.004580799024552107
0214,PRight,3,0,0.2133990377187729,0.03428661111742258,0.027231004051864148,0.022975120693445206,0.0207554253935814,0.018558927066624157,0.01307843318209053,0.008278775401413443,0.00356875779107213
0214,PRight,3,1,0.11826064437627792,0.02661733750253916,0.02112165495753289,0.018868473339825872,0.017529660612344743,0.01654980024322866,0.013128002546727658,0.009129124134778982,0.003698822110891342
0214,PRight,3,2,0.06303025782108307,0.024883270617574456,0.019877127297222616,0.017627933733165263,0.016156336441636086,0.015300864353775971,0.012776477541774512,0.009588016010820872,0.003731325501576066
0214,PRight,3,3,0.04668872803449631,0.024621004592627296,0.019115980081260205,0.017061797548085452,0.015128454677760604,0.014350484218448397,0.01234384486451745,0.0098286222666502,0.003774439333938062
0219,PRight,1,0,0.7592584490776062,0.13995449215173722,0.09953798621892931,0.06976571321487435,0.051249601095914865,0.042067507654428335,0.024849770776927484,0.015099706128239632,0.007172662299126387
0219,PRight,1,1,0.5836110711097717,0.12451501473784447,0.09274579405784607,0.07069835394620898,0.05459900513291362,0.042985240742564164,0.02303473930805922,0.015464311465621005,0.007473036181181669
0219,PRight,1,2,0.3272874355316162,0.10998154737055303,0.08623577073216439,0.07162554532289507,0.057290742546319974,0.04600331354886288,0.024270774051547057,0.015797535702586185,0.00759179936721921
0219,PRight,1,3,0.20424333214759827,0.1011151970922947,0.08546874105930329,0.07043783582746983,0.05730159491300585,0.04579002484679216,0.025850111432373528,0.015877256169915203,0.007806628476828337
0219,PRight,2,0,0.6681690812110901,0.10454950131475926,0.06308694571256639,0.044982953220605915,0.03600839659571649,0.030604532733559585,0.019320258498191842,0.01200444381684065,0.005159921711310744
0219,PRight,2,1,0.42861422896385193,0.09271410122513772,0.06524004608392717,0.04522619962692269,0.034026443213224414,0.028079540375620108,0.018151515349745753,0.012675495445728309,0.0053931912407279015
0219,PRight,2,2,0.24114000797271729,0.0873285672068596,0.06419776588678362,0.05015470404177906,0.03615108653903008,0.02709281127899883,0.01759773418307305,0.013048216514289382,0.005483253393322229
0219,PRight,2,3,0.15384872257709503,0.07921106971800329,0.06267600089311601,0.04975352600216867,0.03831761851906779,0.028982212580740352,0.01791940573602915,0.013127530366182331,0.005594785325229168
0219,PRight,3,0,0.4815230667591095,0.081645427942276,0.04775754719972611,0.03580762792378664,0.029650337472558026,0.02581174839287995,0.016577776707708842,0.010314919427037245,0.004181712167337537
0219,PRight,3,1,0.2802164852619171,0.07686457410454756,0.04896209865808488,0.033009535707533365,0.02600563019514084,0.022396725695580235,0.015995081700384616,0.011279412545263776,0.004325171001255512
0219,PRight,3,2,0.16859175264835358,0.07503080219030381,0.051170508340001114,0.03895895030349496,0.025027157813310646,0.02101739747449755,0.015306828729808333,0.011574761010706426,0.004442904843017459
0219,PRight,3,3,0.11771257221698761,0.0670270648598671,0.05129544056952,0.03863725483417512,0.02814650453627112,0.021028020326048093,0.014883481897413736,0.011622005887329588,0.00450348062440753
0224,PRight,1,0,0.3595309853553772,0.08600336879491806,0.060474466159939774,0.04691995501518253,0.03876980841159822,0.03463092241436243,0.02334593143314124,0.015418465994298459,0.007300482131540775
0224,PRight,1,1,0.1555071771144867,0.0735649011284113,0.05477507792413239,0.04272927783429623,0.03625777140259743,0.031973141059279425,0.021927022933959962,0.015696382150053985,0.0074938356410712
0224,PRight,1,2,0.0979701578617096,0.06127034656703473,0.05090705826878548,0.043775135129690175,0.03636493325233461,0.03108460567891597,0.02180813029408455,0.015662106126546862,0.007733756909146905
0224,PRight,1,3,0.07768514007329941,0.05305332314223052,0.04619012549519539,0.04085819933563473,0.03681157186627388,0.03206142503768205,0.022267540544271474,0.015578687191009527,0.008041605819016695
0224,PRight,2,0,0.26532962918281555,0.06600098215043546,0.04403185166418553,0.035107466056942954,0.02988937266170979,0.026707099191844448,0.018648564070463187,0.011685265414416793,0.005161551292985678
0224,PRight,2,1,0.11336589604616165,0.05531192876398564,0.03809062540531161,0.03073096824809909,0.026262708157300967,0.023358911275863647,0.01771894693374634,0.012512966059148315,0.005302749341353774
0224,PRight,2,2,0.0775163471698761,0.04503973532468081,0.03669804684817791,0.030513960737735085,0.02571893930435181,0.023298306576907627,0.016931595467031005,0.012745348922908309,0.005387891549617052
0224,PRight,2,3,0.06003500893712044,0.039185404554009436,0.03345670007169247,0.02927084589377046,0.02642775908112526,0.023149005696177477,0.017001743055880075,0.01264313906431199,0.005570975597947836
0224,PRight,3,0,0.26532962918281555,0.05543351445347072,0.03721455529332162,0.029482278805226098,0.02504425384104252,0.022493089269846674,0.01583085767924786,0.009823439083993439,0.004149692365899682
0224,PRight,3,1,0.09728351980447769,0.04563321933150292,0.0318453798443079,0.025681670550256972,0.02211010277271271,0.019974371604621396,0.015241995453834537,0.010725378617644311,0.004267199896275997
0224,PRight,3,2,0.06324489414691925,0.03850728694349528,0.029977474324405198,0.024314977023750555,0.021487218216061595,0.019812152441590986,0.014832114428281784,0.010990848019719128,0.004330825060606003
0224,PRight,3,3,0.04693201929330826,0.032476833648979665,0.027400145679712298,0.023639507498592144,0.021295100226998334,0.01965003618970512,0.014635345805436373,0.011019328236579907,0.004407562781125307
0229,PRight,1,0,0.1098211258649826,0.04186836142092945,0.03275887727737428,0.028545431941747666,0.025904374495148662,0.023930241633206596,0.018567315302789232,0.011991595290601273,0.00556986453011632
0229,PRight,1,1,0.05726084113121033,0.029507741779088974,0.02602241147309542,0.023692685700953012,0.02195437297224999,0.020841220207512366,0.017717575281858446,0.012643217667937289,0.005861403653398156
0229,PRight,1,2,0.03840120881795883,0.025392190143466,0.023201891630887986,0.021486782971769577,0.020293427854776384,0.019564664829522363,0.01664314270019531,0.01312621328979731,0.005862570600584149
0229,PRight,1,3,0.03115861304104328,0.023036885913461445,0.02153068192303181,0.02031662316992879,0.019518661350011828,0.01880564028397202,0.01589151341468096,0.013183248601853851,0.005811622831970453
0229,PRight,2,0,0.09347064048051834,0.03676757171750069,0.028726793639361873,0.024995896480977543,0.022751869186758998,0.020966653060168025,0.01601247303187847,0.009619310498237612,0.004251014906913042
0229,PRight,2,1,0.043351978063583374,0.025357642266899346,0.02227076806128025,0.020502971764653922,0.019599948003888132,0.018906581960618493,0.015489882044494153,0.010404864139854914,0.00449479091912508
0229,PRight,2,2,0.03190327063202858,0.021663666144013407,0.020103232227265837,0.01926730114966631,0.018340277373790743,0.0174997073598206,0.014408234134316446,0.010958650894463065,0.00452708057127893
0229,PRight,2,3,0.02650182507932186,0.019959983844310046,0.019092854894697666,0.018230648823082448,0.017460806816816332,0.016574792657047508,0.013677786197513343,0.011124464310705663,0.0045087512116879225
0229,PRight,3,0,0.09347064048051834,0.03353217922151089,0.026392853669822216,0.02319280240684748,0.02093945071101189,0.019331838283687824,0.014355215523391968,0.008386239595711236,0.003570649423636496
0229,PRight,3,1,0.04111115261912346,0.023415232207626105,0.020380364134907725,0.0191391914896667,0.018082674369215967,0.017296205926686525,0.013833752367645507,0.009349964186549192,0.003694097278639674
0229,PRight,3,2,0.030025316402316093,0.020098589118570088,0.018945337943732737,0.017903935927897692,0.016915519684553147,0.016035394277423617,0.013066218886524442,0.009781276620924474,0.003740691114217043
0229,PRight,3,3,0.024552185088396072,0.019054929111152887,0.017885851934552194,0.016877240110188724,0.015893657580018043,0.015108321793377389,0.01238227067515254,0.009961467422544957,0.0037535339361056685
0234,PRight,1,0,0.11945187300443649,0.04286338608711958,0.03434197217226029,0.029718556609004736,0.02675057925283909,0.024492358602583374,0.018840540200471878,0.012826491147279745,0.006029405631124973
0234,PRight,1,1,0.05077274516224861,0.030062928460538388,0.026162788867950443,0.024077108912169937,0.022541971132159232,0.021331522613763806,0.018042833730578425,0.013003572262823582,0.006355571793392301
0234,PRight,1,2,0.03831437602639198,0.025909052826464177,0.023384247869253163,0.021569083947688347,0.020360084548592568,0.01968382876366374,0.017082110047340397,0.013443464227020741,0.006358999526128173
0234,PRight,1,3,0.03354579210281372,0.024284155294299125,0.021757051199674606,0.020324690844863654,0.019516525492072105,0.018896953295916317,0.01634401362389326,0.01345646604895592,0.0062810147646814585
0234,PRight,2,0,0.08004220575094223,0.03642900303006172,0.029711743071675303,0.025664928536862155,0.022913801819086078,0.021035651676356792,0.016447175294160843,0.010175483860075473,0.004545595496892929
0234,PRight,2,1,0.04842175170779228,0.026222218070179226,0.02219910923391581,0.020456333328038454,0.01945587679743767,0.01881801364943385,0.015679144673049452,0.01079710200428963,0.004768004873767495
0234,PRight,2,2,0.03464847058057785,0.02258623313158751,0.020110255591571334,0.019097783919423822,0.018169172629714014,0.017276934161782262,0.014576461352407933,0.011206866241991522,0.004770414903759956
0234,PRight,2,3,0.02946837618947029,0.020771806221455337,0.01926785010844469,0.018238191660493615,0.017288355529308325,0.016424081753939373,0.013822975102812052,0.011296998150646694,0.004747019847854972
0234,PRight,3,0,0.08004220575094223,0.03273377850651742,0.026620708964765084,0.023093228861689567,0.020895238593220716,0.019266348332166672,0.014833725802600384,0.008769846521317959,0.0037454761331900954
0234,PRight,3,1,0.04766765981912613,0.023749768324196344,0.02031098797917366,0.01912648517638445,0.018199236690998082,0.017337687220424412,0.013978558871895079,0.009545995295047762,0.0038916633930057287
0234,PRight,3,2,0.03101293183863163,0.020790803972631697,0.019151560179889202,0.017904150709509854,0.01683635838329792,0.01592930182814597,0.013177345972508192,0.009859705530107022,0.003923925571143627
0234,PRight,3,3,0.027209145948290825,0.01940048171207309,0.018136918507516385,0.016989607941359283,0.015968534126877786,0.01497196550481021,0.012513988185673954,0.01001043487340212,0.003938612062484026
0239,PRight,1,0,0.15331637859344482,0.0461204743012786,0.03621108286082745,0.03189897790551187,0.029007395803928384,0.02633184632286428,0.018541030213236814,0.012637734040617944,0.005686020478606224
0239,PRight,1,1,0.06244316324591637,0.03325969096273184,0.02864451576024294,0.02580595821142197,0.023974065557122233,0.022411445621401068,0.0180687977001071,0.013521539978682998,0.0060092678759247065
0239,PRight,1,2,0.043883249163627625,0.027993414029479028,0.025220896564424042,0.02340910494327545,0.022073137536644936,0.021076559368520976,0.017457029409706594,0.013803707994520666,0.0060805329121649265
0239,PRight,1,3,0.0344337522983551,0.025255988631397486,0.02325517199933529,0.022143387831747536,0.021179214715957642,0.020329559780657286,0.016792896203696728,0.013893875293433666,0.006067417794838548
0239,PRight,2,0,0.09604226797819138,0.03675656452775002,0.030486595891416075,0.026776697374880316,0.024172970429062843,0.022090238332748407,0.015529383625835183,0.010030846856534489,0.0043237702921032906
0239,PRight,2,1,0.05006314069032669,0.0267454169690609,0.023590687140822412,0.0213798636943102,0.01987809918820858,0.018781836796551942,0.015168836712837227,0.011076364293694498,0.004540676716715097
0239,PRight,2,2,0.03043448179960251,0.022649337369948626,0.020528661310672762,0.019121354389935733,0.018107758983969692,0.017270031943917265,0.014650867599993945,0.011444118991494187,0.0046186004765331745
0239,PRight,2,3,0.023671597242355347,0.020405045170336963,0.019007733762264254,0.01802369372919202,0.01724284462630749,0.016459591314196574,0.014160968828946352,0.011567768454551697,0.004616934107616544
0239,PRight,3,0,0.0847356840968132,0.0326262004300952,0.027097786292433746,0.023798117954283955,0.021363279670476916,0.019239477161318057,0.01387048326432705,0.008509232103824618,0.0036125266924500465
0239,PRight,3,1,0.03674947842955589,0.023948276657611133,0.021091965883970262,0.01910462185740471,0.017627133876085284,0.01663114409893751,0.013605205621570353,0.009569245949387552,0.0037450192030519247
0239,PRight,3,2,0.024710219353437424,0.020088968817144632,0.01815600097179413,0.01692439155653119,0.016005637422204018,0.015224614273756742,0.013174909632653,0.009958093613386156,0.0037926320219412446
0239,PRight,3,3,0.020955542102456093,0.01801245430484414,0.016818433478474618,0.01570006350055337,0.014869228750467303,0.014345374004915349,0.012669211626052857,0.010129367746412756,0.0038125355495139956
0244,PRight,1,0,0.521723210811615,0.09682233430445195,0.06539619088172913,0.05354525923728945,0.045492150634527224,0.03964215293526647,0.02591580729931593,0.01573950834572316,0.006450053071603179
0244,PRight,1,1,0.21192222833633423,0.08219756372272968,0.06158811211585999,0.04993156168609857,0.04260089129209519,0.037564638257026495,0.024586101807653908,0.01703165173530579,0.0068649668246507645
0244,PRight,1,2,0.1218150183558464,0.0749811787158251,0.056110450327396394,0.04739316780120135,0.040558107644319566,0.03554067742079482,0.024354847334325327,0.01727094277739525,0.007130128098651767
0244,PRight,1,3,0.10291572660207748,0.06711885266005993,0.053035215064883234,0.04479788731783629,0.03885165333747864,0.033732653781771565,0.02428724244236946,0.01718837134540082,0.007545357337221503
0244,PRight,2,0,0.4810333549976349,0.07002086192369461,0.04932212106883526,0.040264297276735306,0.03477493420243267,0.03084426512941717,0.020430684462189676,0.012868959829211239,0.004877181025221944
0244,PRight,2,1,0.189408078789711,0.0616907009109855,0.044714606553316126,0.03587670370936394,0.030558280050754554,0.026786058302968707,0.019498929753899576,0.014115134812891486,0.0050733936950564384
0244,PRight,2,2,0.10355005413293839,0.056095041632652304,0.04137438476085663,0.03506100993603469,0.028557378202676804,0.024563727527856818,0.01850151959806681,0.014339075423777105,0.005230635171756148
0244,PRight,2,3,0.08804817497730255,0.05146191269159318,0.03951948381960392,0.033194270841777326,0.028104891553521163,0.02319801496341824,0.018082987330853943,0.01416348870843649,0.005465720314532518
0244,PRight,3,0,0.4457245171070099,0.058929653242230415,0.041084247753024106,0.03459207858890295,0.029811129495501517,0.026502928882837284,0.01736010313034058,0.010999981872737414,0.004055074416100979
0244,PRight,3,1,0.15678445994853973,0.053639781922101976,0.03632998362183571,0.030083552524447447,0.025851741284132004,0.02298483736813066,0.017044213786721232,0.012248010374605657,0.004169064341112971
0244,PRight,3,2,0.09881211072206497,0.046656991131603744,0.034796049520373344,0.028803687207400806,0.02365659914910794,0.021000723913311942,0.01607366129755974,0.012557305395603182,0.004346274305135012
0244,PRight,3,3,0.08342329412698746,0.04403842762112619,0.03339893579483033,0.02787271592766047,0.023211179301142703,0.01972082322463391,0.015320257656276228,0.012424729950726035,0.004498843802139163
0249,PRight,1,0,0.27404293417930603,0.06809345386922364,0.049058398827910424,0.0405236502364278,0.03580869153141976,0.031909894198179245,0.022265529818832876,0.014885964244604111,0.006350259995087981
0249,PRight,1,1,0.10794438421726227,0.056871368102729324,0.04368994243443013,0.036390780434012414,0.0321761716902256,0.029113062378019094,0.02124184686690569,0.015960129722952843,0.006667251233011484
0249,PRight,1,2,0.0700066089630127,0.04982994016259909,0.041174223423004155,0.03627639856189489,0.03207394748926163,0.028477049618959412,0.02078926973044872,0.015977483987808228,0.006697834236547351
0249,PRight,1,3,0.05491252988576889,0.04557568669319153,0.03971986189484596,0.036034803204238415,0.0312800332903862,0.027823434118181462,0.02065798845142126,0.015589053183794024,0.00671845767647028
0249,PRight,2,0,0.27404293417930603,0.05275912586599589,0.03831251583993437,0.03197634276002646,0.028402800932526603,0.025393260549753882,0.018924616463482383,0.011998701840639114,0.004764764104038477
0249,PRight,2,1,0.09215328842401505,0.04395307280123236,0.03280413813889027,0.027600537613034253,0.024863331764936457,0.022749319020658725,0.01816049106419087,0.013125625252723695,0.005034032976254821
0249,PRight,2,2,0.06321416050195694,0.03935430120676756,0.032063183933496484,0.0272653533704579,0.02388720557093621,0.021552834287285775,0.017359354346990586,0.013203340955078607,0.005095493281260133
0249,PRight,2,3,0.048152320086956024,0.03607095390558243,0.031574283316731455,0.02770665282383562,0.023192302733659763,0.02089715395122766,0.01691405586898327,0.012966422922909261,0.0051221344619989395
0249,PRight,3,0,0.27404293417930603,0.04693118575960399,0.03320444121956827,0.02832502525299788,0.02484100796282292,0.022873215749859798,0.016941871494054794,0.010516817122697841,0.004006007919088006
0249,PRight,3,1,0.08463934808969498,0.038692365624010565,0.029374359659850625,0.024773800354450953,0.022227991968393333,0.020465221349149916,0.016404188051819802,0.01151189338415862,0.004173103254288435
0249,PRight,3,2,0.0569177009165287,0.03553768429905177,0.02871304716914894,0.024226512014865878,0.021407769694924354,0.01983396280556917,0.01572213862091303,0.011563110537827027,0.004230237100273371
0249,PRight,3,3,0.04329223185777664,0.03261463880538941,0.028507201597094536,0.024374602213501947,0.020405323803424837,0.019209944922477004,0.015053813904523863,0.011444308236241341,0.0042565506882965565
0254,PRight,1,0,0.258721262216568,0.07071177497506141,0.052795540019869816,0.04404206465929748,0.0379210177063942,0.03372848499566313,0.022644742019474508,0.014252689667046072,0.006382117746397853
0254,PRight,1,1,0.12283123284578323,0.060914048105478284,0.046752369403839124,0.03854066953063012,0.03311011612415314,0.029698895290493958,0.021271545067429547,0.015136846154928215,0.006744320271536708
0254,PRight,1,2,0.08479997515678406,0.05530123572796584,0.044886903166770936,0.03624651204794646,0.032125026434659955,0.028771426249295424,0.020537505298852933,0.015157106332480913,0.0068373046815395355
0254,PRight,1,3,0.07074717432260513,0.05090569917112589,0.043568152114748966,0.035922376401722446,0.03125791460275651,0.02840101160109039,0.02041254844516516,0.014919974841177465,0.006893635028973222
0254,PRight,2,0,0.17643257975578308,0.055932659469544885,0.04207575760781765,0.035018171817064285,0.031043569520115867,0.02780525274574753,0.018664160557091237,0.011180505715310577,0.00477351900190115
0254,PRight,2,1,0.07917499542236328,0.04846986494958402,0.03569957986474038,0.029289162680506707,0.025981194525957107,0.02341987462714314,0.017830613814294342,0.012445882707834244,0.004988215398043394
0254,PRight,2,2,0.06481051445007324,0.043130840733647355,0.03349860981106758,0.027062137983739385,0.02424099355936051,0.022471651341766114,0.01697068810462952,0.012622812390327457,0.0050689042545855045
0254,PRight,2,3,0.05511654540896416,0.03911742229014635,0.03315021336078644,0.026850644350051904,0.023146588504314426,0.02137484662234783,0.016497302986681468,0.012467420101165772,0.005139896646142006
0254,PRight,3,0,0.13903020322322845,0.0482953691855073,0.034796093404293064,0.029832458924502144,0.02659536436200142,0.023809139244258384,0.016520947590470327,0.009750913456082352,0.004002343630418181
0254,PRight,3,1,0.06560155004262924,0.04156958792358637,0.030454918369650853,0.02493389951065184,0.022124451324343687,0.020456341002136467,0.01577136162668467,0.010981143638491632,0.004091896582394838
0254,PRight,3,2,0.05703030154109001,0.03676317892968655,0.028552840650081637,0.023197721950709824,0.02075996831059456,0.019315059483051292,0.014905440714210273,0.011109509132802488,0.004182379459962249
0254,PRight,3,3,0.0478779673576355,0.03384356118738652,0.02843670781701803,0.022822411637753254,0.01991066738963127,0.01840812880545854,0.014271896146237851,0.011056479066610338,0.0042352015152573586
0259,PRight,1,0,0.13205090165138245,0.044586703591048715,0.035976735278964056,0.031538586579263214,0.02870690681040287,0.026204834599047894,0.01998691260814667,0.014533579908311372,0.006796297617256641
0259,PRight,1,1,0.06243550404906273,0.03083514701575041,0.02663309503346682,0.024671105183660984,0.023341803848743445,0.022171818278729903,0.01917956378310919,0.014768435806036002,0.007246924098581076
0259,PRight,1,2,0.038798365741968155,0.02613986877724529,0.02362055964767933,0.0221517326682806,0.02114870958030224,0.020525747537612906,0.018486062437295916,0.0150366397574544,0.0072237178683280945
0259,PRight,1,3,0.03040260076522827,0.023712168876081706,0.021783321909606457,0.020884785670787095,0.020235477983951568,0.019677852001041173,0.017920621484518052,0.01514339316636324,0.0071416194550693035
0259,PRight,2,0,0.11926355957984924,0.038022327795624734,0.030576800592243682,0.026668290458619594,0.024128698334097864,0.022094828449189644,0.017280757986009136,0.011315491981804373,0.0048488883767277
0259,PRight,2,1,0.047540757805109024,0.025521158631891014,0.02274187318980694,0.021169181987643244,0.020213566645979883,0.019347181823104617,0.016651423647999763,0.01199455950409174,0.005211540497839451
0259,PRight,2,2,0.029178934171795845,0.022169070821255445,0.020168570503592494,0.019220709409564735,0.018527930304408073,0.017919871211051937,0.01591174118220806,0.01236168444156647,0.005194108001887798
0259,PRight,2,3,0.02326929196715355,0.02014122813940048,0.01897549979388714,0.018275125529617072,0.01768738515675068,0.01712151020765303,0.015147190820425751,0.012543061189353468,0.005156984785571694
0259,PRight,3,0,0.11926355957984924,0.03346064925193787,0.027307603731751444,0.02386665768921377,0.02149360664188862,0.019943374767899504,0.015717998147010803,0.009782366827130318,0.004018484614789486
0259,PRight,3,1,0.04657888039946556,0.02324543919414282,0.0207096878439188,0.019353710357099773,0.018580259382724763,0.01793913440778851,0.015046191867440942,0.010528058372437954,0.004245046293362975
0259,PRight,3,2,0.0274619422852993,0.02005765277892351,0.018755877688527108,0.017859547622501852,0.017104328870773317,0.016505363583564754,0.014387791883200409,0.01093237940222025,0.00425120978616178
0259,PRight,3,3,0.02180391550064087,0.018828895669430495,0.017632727697491645,0.01679426716640592,0.016231075376272202,0.015692497510462998,0.013649179041385651,0.011086173728108408,0.004235267639160156
0264,PRight,1,0,0.13265834748744965,0.040877840816974646,0.03414432317018509,0.030035773813724527,0.027318801209330563,0.025259505119174717,0.018760604970157156,0.013591050170362,0.006530495127663016
0264,PRight,1,1,0.05716346204280853,0.02925203338265419,0.025650656670331957,0.023890938628464937,0.022567052319645883,0.021501006931066487,0.017822412960231307,0.01374057997018099,0.006980864331126213
0264,PRight,1,2,0.03980162739753723,0.025099666584283115,0.022829757295548918,0.021403529085218906,0.020405330508947373,0.01959473555907607,0.017040624655783175,0.014061279222369194,0.006996856536716223
0264,PRight,1,3,0.03072883002460003,0.022872802317142487,0.021372536458075048,0.020197038780897857,0.019286939576268196,0.018515949137508852,0.016448600403964522,0.014112449251115333,0.006951475748792291
0264,PRight,2,0,0.11395654827356339,0.03623609647154808,0.029966897070407866,0.026197149828076364,0.02343295641243458,0.02168660406023261,0.01589504797011614,0.010746530815958985,0.004722978919744492
0264,PRight,2,1,0.05445549264550209,0.025553897451609377,0.022422397397458556,0.020858284626156093,0.019629472345113756,0.018742626812309024,0.015399685315787795,0.011307551153004174,0.005057603353634477
0264,PRight,2,2,0.030405905097723007,0.02183364359661937,0.020007299520075322,0.018644092064350845,0.017643674090504647,0.01686206804588437,0.014849066082388167,0.011799487844109538,0.0050971172749996185
0264,PRight,2,3,0.022892864421010017,0.01972719540819526,0.018415693789720536,0.017308969553560018,0.016482218801975253,0.015930039435625053,0.014345036353915932,0.011964614130556588,0.005080335540696979
0264,PRight,3,0,0.11119580268859863,0.03307021334767342,0.027340542562305937,0.023689972441643482,0.021421721801161767,0.019481845758855327,0.014613561891019346,0.009297963604331019,0.00389083509799093
0264,PRight,3,1,0.047700975090265274,0.023186817523092033,0.020448453426361084,0.018958060629665853,0.018156199380755425,0.017160413414239867,0.014219691697508096,0.010202404297888282,0.004111227812245488
0264,PRight,3,2,0.026020817458629608,0.019895007591694595,0.01818055156618357,0.0170209651440382,0.016149631515145303,0.01560560413636267,0.013645089510828259,0.01059673819690943,0.00416441191919148
0264,PRight,3,3,0.020787185057997704,0.01791817193850875,0.016776802130043508,0.01587835256010294,0.015194367654621602,0.014717432577162973,0.013131417892873289,0.010743522085249424,0.0041470881551504135
0269,PRight,1,0,0.13267478346824646,0.04593734368681908,0.03698535077273846,0.03245754074305297,0.029415479004383092,0.026851072814315535,0.01916895490139724,0.012741177901625636,0.0060835175681859255
0269,PRight,1,1,0.06143872067332268,0.033226902782917025,0.028362193740904335,0.02578394485637546,0.024096867069602013,0.02285725213587282,0.01867057755589485,0.013289817050099373,0.0063552819192409515
0269,PRight,1,2,0.041057128459215164,0.02892099972814322,0.025604022294282915,0.023329611402004957,0.02193542070686818,0.020816340111196038,0.01782258190214634,0.013739185035228734,0.006354382028803229
0269,PRight,1,3,0.03413639962673187,0.02603546550497413,0.023655354455113412,0.022252238243818286,0.020988111048936844,0.019936546310782424,0.01716757081449032,0.013845147937536243,0.006313097896054387
0269,PRight,2,0,0.11071973294019699,0.0383398612216115,0.03158128716051579,0.02787039838731289,0.024681120812892917,0.02257253853604197,0.015918156132102013,0.010221972316503526,0.004443898564204574
0269,PRight,2,1,0.04483267292380333,0.026105676833540203,0.02334814012050629,0.021673308219760656,0.020442563369870187,0.019413383956998573,0.01587443668395281,0.01120856795459986,0.004714250564575195
0269,PRight,2,2,0.030887512490153313,0.02288501540198922,0.020616053864359857,0.0192634172923863,0.018369611129164697,0.017635809443891044,0.015097898896783602,0.011640151962637901,0.004760999698191881
0269,PRight,2,3,0.02519577369093895,0.02082964088767767,0.01917658686637879,0.018025016263127327,0.0172232311218977,0.016534985322505233,0.014443982671946288,0.011728710681200029,0.004722354933619499
0269,PRight,3,0,0.09363043308258057,0.03374893255531789,0.027913241237401965,0.024553614892065527,0.02224088087677956,0.020192428492009612,0.014112419914454222,0.00899785980582238,0.003713764832355082
0269,PRight,3,1,0.03607362508773804,0.02355327744036913,0.02096281759440899,0.01942996853962541,0.01833176396787167,0.017433279752731314,0.014170945808291436,0.009942120313644411,0.003837524796836078
0269,PRight,3,2,0.026263805106282234,0.020410038735717534,0.018472270853817464,0.01737540850415826,0.016473021805286408,0.01576638678088784,0.01356537314131856,0.010305097326636314,0.00387699156999588
0269,PRight,3,3,0.021876052021980286,0.01852368986234069,0.017076471112668516,0.016086738258600235,0.015406650118529798,0.014802873833104963,0.012938874959945678,0.010391906090080739,0.003881767624989152
0274,PRight,1,0,0.23292410373687744,0.054701251238584526,0.040738142207264905,0.03468748908489943,0.031018732190132153,0.028318337351083748,0.0202439958229661,0.01405257955193521,0.006199642550200224
0274,PRight,1,1,0.16582730412483215,0.04078895501792432,0.033328228518366816,0.029371269084513194,0.02673617191612721,0.024655499216169108,0.01954021118581296,0.014780691824853448,0.0066714545246213675
0274,PRight,1,2,0.09014151990413666,0.03477281145751476,0.031079444997012616,0.028145102430135016,0.025878053531050684,0.02405946003273129,0.019011536613106728,0.014685434661805632,0.0067179519683122635
0274,PRight,1,3,0.05465912073850632,0.03131529849022627,0.028816829398274426,0.027170151341706514,0.02512345425784588,0.0233553459867835,0.018297968991100793,0.01471896674484015,0.006726677995175123
0274,PRight,2,0,0.1465834528207779,0.04211998999118805,0.033340375944972044,0.029124531093984857,0.026594172269105914,0.024047653935849633,0.017099864780902866,0.011676506884396077,0.0046190195716917515
0274,PRight,2,1,0.09640579670667648,0.03034910185262562,0.026182221882045272,0.0232401891797781,0.021749682351946832,0.02056923257187008,0.0168182160705328,0.012748690322041513,0.004940931452438235
0274,PRight,2,2,0.053953491151332855,0.025757456943392754,0.02320992968976498,0.021470277663320304,0.020317328944802284,0.01933444365859031,0.016394977457821373,0.01273146197199822,0.004996306961402297
0274,PRight,2,3,0.03365626931190491,0.022700543403625487,0.02142308484762907,0.020535411965101957,0.01959651052951813,0.01880984306335449,0.01577319037169219,0.012757230177521705,0.005033408524468541
0274,PRight,3,0,0.12226821482181549,0.03639845844358206,0.029862158037722117,0.02647836778312922,0.023683943897485734,0.021796862222254215,0.01558360839262605,0.01030087098479271,0.0038681216537952423
0274,PRight,3,1,0.06882612407207489,0.025945219285786154,0.022883942499756813,0.020872016027569777,0.019527550116181375,0.018615766707807777,0.01551022008061409,0.011440256051719189,0.004053516546264291
0274,PRight,3,2,0.03789837658405304,0.021919142454862595,0.020222837813198568,0.018947130236774683,0.01798482902348042,0.01710528079420328,0.015030869469046594,0.01159069649875164,0.004143670666962862
0274,PRight,3,3,0.024677062407135963,0.019706895984709264,0.01856110569089651,0.017778786346316338,0.01704687036573887,0.016445806343108417,0.014489166717976332,0.01157321445643902,0.004170143976807594
0279,PRight,1,0,0.3695952892303467,0.06676649302244186,0.048730397969484335,0.04092567723244429,0.0355349737405777,0.032318756356835364,0.023804422281682502,0.016042230278253557,0.007795272395014763
0279,PRight,1,1,0.17106893658638,0.05492366444319488,0.04182511217892171,0.03515823144465685,0.031005651801824578,0.028102500457316635,0.021871709078550343,0.016451610997319226,0.008132630493491888
0279,PRight,1,2,0.10129617899656296,0.052758643031120316,0.039814129844307905,0.03218151722103358,0.029164804965257644,0.027192798350006337,0.02118730060756207,0.01625715605914593,0.008348776958882809
0279,PRight,1,3,0.07815009355545044,0.05137215301394464,0.03847679704427721,0.02987570427358151,0.027808459848165514,0.026515721064060877,0.0210656626150012,0.015876710042357446,0.008866234682500362
0279,PRight,2,0,0.3613017797470093,0.05436904363334179,0.04033658102154732,0.03361494418233633,0.029950041770935076,0.027578886318951844,0.01985441409051419,0.013350560888648035,0.005469448398798704
0279,PRight,2,1,0.15241684019565582,0.04264949921518566,0.0333406350761652,0.02813462270423772,0.025052426680922512,0.023078634496778248,0.018434995785355568,0.013966431096196177,0.0058929696679115295
0279,PRight,2,2,0.08651720732450485,0.044242896996438505,0.030416388250887404,0.025201556123793125,0.023181044980883598,0.021627832017838935,0.01746830120682717,0.014103448390960697,0.006047311471775174
0279,PRight,2,3,0.0654459297657013,0.04265342175960542,0.030688179694116118,0.023321903757750992,0.022003061920404434,0.02104037273675203,0.017184647545218472,0.013884412311017518,0.006396997021511197
0279,PRight,3,0,0.30667975544929504,0.04679618995636702,0.03535286501049997,0.03032683121040464,0.027055502235889435,0.024557951465249042,0.01758709214627743,0.011777447536587715,0.004495183238759637
0279,PRight,3,1,0.13197627663612366,0.03700706228613854,0.028574033193290233,0.024965053107589483,0.022464434877038003,0.020610439497977494,0.016783959232270718,0.012650796398520472,0.004778213100507855
0279,PRight,3,2,0.07487206906080246,0.03849364519119264,0.02614426836371424,0.02244392426684499,0.02043800160288811,0.019196275901049366,0.01581395957618952,0.012894723750650887,0.004932912299409509
0279,PRight,3,3,0.05684313923120499,0.0369468091800809,0.026034418642520908,0.02071516314521432,0.019485281556844713,0.01852075196802615,0.015396640822291377,0.012702443264424804,0.005037987604737282
0284,PRight,1,0,0.2817397713661194,0.057459221668541435,0.04546702191233635,0.03903189718723298,0.0348093256354332,0.03172870874404907,0.022882387042045593,0.01594989672303201,0.006817966466769576
0284,PRight,1,1,0.12269236147403717,0.0438896968215704,0.03652269519865513,0.03227519296109677,0.029642427861690523,0.02756749726831913,0.02143405713140965,0.01667578853666783,0.00734169571660459
0284,PRight,1,2,0.07432857155799866,0.038351287320256236,0.03265283465385437,0.02963796915486455,0.027653765305876734,0.02604383341968057,0.02068338878452778,0.016408419609069826,0.007454465143382549
0284,PRight,1,3,0.05652172490954399,0.03512721557170153,0.0307531663030386,0.028139997236430653,0.02641040623188019,0.02498727859929203,0.020440187864005567,0.015924013406038287,0.007758336840197444
0284,PRight,2,0,0.2792470157146454,0.04619698591530324,0.03713282980024815,0.03210112892091275,0.028869814202189453,0.026619904860854138,0.01962410490959883,0.013181911781430244,0.004941408522427082
0284,PRight,2,1,0.10741757601499557,0.03526240106672049,0.029008522480726245,0.025909906513988973,0.023859928548336032,0.02236661575734613,0.018709934875369073,0.014057600311934954,0.005330091807991266
0284,PRight,2,2,0.06167031079530716,0.030208829157054425,0.026032930687069897,0.023499153163284065,0.021984029188752176,0.02085782578215002,0.01797121055424214,0.013975224085152154,0.005485314643010497
0284,PRight,2,3,0.04555143788456917,0.027461548019200567,0.02427314061671496,0.022260700017213822,0.020808541476726533,0.019925871491432167,0.017586510628461838,0.01367563046514988,0.005653879838064313
0284,PRight,3,0,0.22041261196136475,0.04051659155637027,0.03240108236670494,0.028417459614574914,0.025940303876996054,0.023648600094020332,0.018005865812301645,0.011611604504287247,0.004099400248378515
0284,PRight,3,1,0.0971163883805275,0.030188330132514242,0.025538966469466687,0.022697872091084724,0.021199047490954404,0.020073089934885494,0.017080873250961304,0.01258983686566353,0.004363197833299637
0284,PRight,3,2,0.05560573935508728,0.026112512927502395,0.02278054147958756,0.020688833463937052,0.01961828626692295,0.01888914331793785,0.016214139945805076,0.012583903595805168,0.0045127421617507935
0284,PRight,3,3,0.03972262516617775,0.02373616505414248,0.02112469356507063,0.019559604041278364,0.01880227766931057,0.01811154782772063,0.015762374363839628,0.012311992794275283,0.004630803130567074
0289,PRight,1,0,0.42553994059562683,0.06258584596216679,0.046222233548760414,0.039183856099843976,0.03502948328852656,0.03188465833663939,0.02267019283026459,0.015072458237409594,0.007077401503920555
0289,PRight,1,1,0.3617222309112549,0.05273552183061842,0.03941076636314392,0.0331100381910801,0.028383726254105575,0.02592363422736525,0.020705254375934613,0.01568742170929909,0.007408332312479615
0289,PRight,1,2,0.22901137173175812,0.05385996110737324,0.03742402978241444,0.031680984422564513,0.027702285721898083,0.024823949392884966,0.019386955350637437,0.01553111467510462,0.0073879805859178305
0289,PRight,1,3,0.15621401369571686,0.054555119723081594,0.03808042176067832,0.029247976876795298,0.026600189954042435,0.02481401711702343,0.018980753235518937,0.01515599172562361,0.007559028686955571
0289,PRight,2,0,0.42553994059562683,0.04956026181578637,0.03872517995536328,0.03312744200229647,0.02969141460955144,0.027234751079231484,0.019635009020566953,0.0127136642113328,0.005111294332891703
0289,PRight,2,1,0.35916534066200256,0.040015642754733564,0.03174784697592258,0.026925050746649512,0.024166259244084363,0.022300113458186385,0.018053239025175572,0.013510656915605077,0.005486557725816965
0289,PRight,2,2,0.2185896784067154,0.03786566894501448,0.028299717754125597,0.02534274270758033,0.023016922026872638,0.02107109380885958,0.016828233376145363,0.013588500022888191,0.005557713331654668
0289,PRight,2,3,0.14245620369911194,0.03810087941586971,0.028077455572783946,0.024099899437278513,0.02199324294924736,0.020461148209869853,0.016290010884404186,0.013306346908211707,0.0056386233773082495
0289,PRight,3,0,0.42553994059562683,0.04454643826931716,0.03432621993124485,0.02959900241345167,0.026805486157536508,0.02466653482988474,0.017677414417266845,0.011471426114439968,0.004245113581418991
0289,PRight,3,1,0.3590366542339325,0.03485520072281361,0.027576386854052545,0.02395386282354594,0.021546113044023516,0.020062241889536366,0.01651199627667666,0.012127953208982948,0.004499573726207018
0289,PRight,3,2,0.2149716168642044,0.03259126335382463,0.0250381276383996,0.022262013349682093,0.02051948808133602,0.018900788389146325,0.01543930182233453,0.012334186583757402,0.004599376814439893
0289,PRight,3,3,0.13580648601055145,0.03383297909051181,0.024473475851118566,0.021439325902611016,0.019705418795347217,0.018072888255119313,0.014840122777968645,0.012184916622936727,0.004687827080488205
0294,PRight,1,0,0.3525505065917969,0.045685347951948646,0.03682204604148866,0.032706361524760724,0.02996823236346245,0.027751057501882306,0.021049117669463158,0.014345775730907917,0.007030540378764272
0294,PRight,1,1,0.17259131371974945,0.03273513983935119,0.027656515389680864,0.025720701199024924,0.02426411658525467,0.02305665733292699,0.01943198200315237,0.01481076199561358,0.007369122467935085
0294,PRight,1,2,0.08022766560316086,0.0283048096857965,0.024747383892536164,0.022993559427559377,0.021826837584376337,0.020974279846996065,0.018423151411116123,0.014821433834731581,0.007417577784508467
0294,PRight,1,3,0.05066254734992981,0.02605081334710121,0.023342608883976938,0.021736858896911147,0.020708736553788187,0.020127398520708082,0.01779934410005808,0.014611013978719714,0.007433651713654399
0294,PRight,2,0,0.3525505065917969,0.0401550629362464,0.03242814064025879,0.02912922406569124,0.02659768603742123,0.024545030575245572,0.017892574891448028,0.01219994928687811,0.005138656124472618
0294,PRight,2,1,0.1600579172372818,0.028182859197258953,0.024320206865668298,0.022377263847738506,0.02134312838315964,0.020226659625768653,0.017026021517813208,0.0129392309114337,0.005454064812511206
0294,PRight,2,2,0.0730915442109108,0.02406399816274643,0.021698177829384803,0.01997798854485154,0.018861758634448052,0.018191217351704835,0.01606764644384385,0.012964849732816221,0.005482547916471958
0294,PRight,2,3,0.04515382647514343,0.02235506752505899,0.019961458891630174,0.01875006375834346,0.017979322820901873,0.017412033490836615,0.015395199693739415,0.012880811467766762,0.005516937933862209
0294,PRight,3,0,0.3121247887611389,0.03654583625495434,0.029821752384305,0.026777212284505372,0.024441531524062157,0.022437055595219135,0.016271313652396206,0.010908780060708537,0.004209952894598246
0294,PRight,3,1,0.1492260992527008,0.02590138407424093,0.022489200569689286,0.02068692909553647,0.019508437886834148,0.018620193563401673,0.015572376456111672,0.01183301042765379,0.004482026910409331
0294,PRight,3,2,0.06969481706619263,0.022225695196539167,0.01984914414584637,0.01824560292065144,0.017327842712402345,0.016757420450448982,0.014765651524066926,0.011886288411915307,0.004553985316306353
0294,PRight,3,3,0.042923521250486374,0.02066512010991574,0.01825579594820738,0.01712845258414746,0.016481290385127068,0.01590959317982197,0.014089934900403023,0.011813891492784024,0.004577546380460262
0299,PRight,1,0,0.14135225117206573,0.04396373584866524,0.03631743140518666,0.03231580913066864,0.02927427917718888,0.026935469917953012,0.02025965843349696,0.014350741356611255,0.0069277784787118435
0299,PRight,1,1,0.07093551754951477,0.02991173774003983,0.026477679498493674,0.024561222419142725,0.02309792935848236,0.022115672100335333,0.018955906666815292,0.014902838878333578,0.007232611533254385
0299,PRight,1,2,0.04138582572340965,0.02580456765368581,0.023015202581882478,0.021829344034194946,0.020816701576113705,0.020131248515099284,0.017774890549480914,0.014757463522255425,0.0072467022109776735
0299,PRight,1,3,0.03256924822926521,0.02401410322636366,0.02145401041954756,0.02013218954205513,0.019402032271027568,0.01892812047153711,0.017124848626554015,0.014596292562782769,0.007278041914105415
0299,PRight,2,0,0.14135225117206573,0.03813667338341475,0.032112739384174346,0.028463641367852694,0.025607093647122388,0.02341000251471995,0.017145369201898582,0.01190274879336358,0.005058988928794861
0299,PRight,2,1,0.06264951080083847,0.025627254601567985,0.022707004733383655,0.021099208947271113,0.02017844200134278,0.019413197971880427,0.016483037918806075,0.012825827300548555,0.005335000576451421
0299,PRight,2,2,0.03605083376169205,0.022009600568562746,0.01991187542676926,0.01855661790817976,0.017892116010189058,0.017351424787193537,0.015527567267417908,0.012779071740806103,0.005383320152759552
0299,PRight,2,3,0.027712637558579445,0.020134512018412355,0.01843572571873665,0.017341520003974438,0.016759879738092422,0.016285301558673377,0.014887282717972994,0.01261890698224306,0.0054470244795084
0299,PRight,3,0,0.14135225117206573,0.03476396542042494,0.029216925501823424,0.02548668246716261,0.023061850517988206,0.021250980254262666,0.015675950795412064,0.01052775327116251,0.004199120448902249
0299,PRight,3,1,0.06129312142729759,0.02383129548281431,0.020855716094374657,0.01945857867598534,0.018538193851709368,0.017720855493098497,0.015066732559353114,0.01157346609979868,0.004419353557750583
0299,PRight,3,2,0.03355385735630989,0.020294909905642273,0.018199966549873353,0.017112451344728472,0.016387362554669382,0.01586502231657505,0.014322584215551614,0.011548007652163506,0.004517292138189077
0299,PRight,3,3,0.02461344748735428,0.018531349822878837,0.01683924049139023,0.01597514880821109,0.015393892750144007,0.014984026923775668,0.013655207492411137,0.011467643640935422,0.0045566437765955925
0304,PRight,1,0,0.1297425776720047,0.04960239656269551,0.03904977560043336,0.03310618676245213,0.0297794283926487,0.02769159097224473,0.019888120703399185,0.01407323852181436,0.006613357458263636
0304,PRight,1,1,0.0831940621137619,0.03514703880995512,0.028737256526947023,0.026162130273878575,0.024275148361921316,0.023035748302936553,0.018996003083884716,0.014608979970216752,0.006815279368311167
0304,PRight,1,2,0.05239298567175865,0.03012825703248382,0.025441392846405505,0.023545534517616033,0.022286190092563635,0.021116583049297307,0.018041529878973967,0.014519767276942732,0.006989787798374891
0304,PRight,1,3,0.0418211929500103,0.027623786777257922,0.023574674688279628,0.02170550966635347,0.020657138079404832,0.019914936833083614,0.017436400800943375,0.01446188036352396,0.007264964981004596
0304,PRight,2,0,0.1297425776720047,0.041191782318055654,0.03263456448912622,0.028799898829311138,0.025694530531764032,0.0236767716705799,0.017284199781715876,0.011763715744018554,0.004920837003737688
0304,PRight,2,1,0.08166449517011642,0.02850225875154138,0.023997246213257314,0.022011454459279777,0.020779347643256188,0.019857028964906927,0.016585543006658557,0.012618792802095416,0.005142834037542343
0304,PRight,2,2,0.045995596796274185,0.024882650468498475,0.02126432202756405,0.019695194717496634,0.018653304725885392,0.017899967823177567,0.015590839739888908,0.012635337933897975,0.005281132413074374
0304,PRight,2,3,0.03570229560136795,0.023108860310167078,0.01984418123960495,0.018388909958302977,0.017484745308756832,0.016818583104759453,0.014963681530207397,0.012523489817976956,0.005477245897054672
0304,PRight,3,0,0.1297425776720047,0.03698450841009618,0.029566732682287693,0.02600978553295136,0.023558817580342298,0.02155268723145124,0.015583137050271041,0.010424849949777127,0.004131586058065295
0304,PRight,3,1,0.07900524884462357,0.0260597269050777,0.021886953115463258,0.020129571445286275,0.018937806040048598,0.01811839556321499,0.015104472916573287,0.011377102695405485,0.00428434181958437
0304,PRight,3,2,0.04306242614984512,0.02251371737569571,0.019376554153859617,0.017936990074813367,0.01695770874619484,0.016212469805032007,0.01433446928858757,0.011464310996234423,0.004487495170906186
0304,PRight,3,3,0.03017173521220684,0.020709925536066296,0.017977473102509977,0.01672557633370161,0.015869084745645523,0.015272297430783496,0.01373394262045622,0.01140252109616995,0.00460746674798429
0309,PRight,1,0,0.2316754162311554,0.0603553304821253,0.046766033545136455,0.03881799370050431,0.03431311085820199,0.031060916557908057,0.02230624854564667,0.014921491406857968,0.007133368169888854
0309,PRight,1,1,0.09151995182037354,0.045040969774127006,0.03649747870862485,0.031928686462342745,0.028672530278563507,0.026675410382449628,0.02081618551164866,0.015580823458731177,0.007400717586278915
0309,PRight,1,2,0.06113007664680481,0.03895908899605274,0.03236687123775482,0.02906518187373877,0.02679862141609192,0.025257395394146412,0.020241580717265607,0.015541148185729981,0.007628202671185136
0309,PRight,1,3,0.04348016157746315,0.03453289385885,0.02990464482456446,0.027373674195259812,0.025679387226700785,0.024424400739371774,0.020022139884531505,0.01557635646313429,0.007944585289806128
0309,PRight,2,0,0.16501665115356445,0.04874195996671916,0.037421859279274945,0.03163211788982155,0.028621135950088503,0.025912690348923198,0.0188608255237341,0.012544337101280691,0.005165680078789592
0309,PRight,2,1,0.07711414247751236,0.03517928205430508,0.02962522465735674,0.02582990501075984,0.023620941713452342,0.02207279214635491,0.017727356031537064,0.013312115706503395,0.005430157762020826
0309,PRight,2,2,0.047665562480688095,0.030357437934726478,0.025623828656971454,0.023534234482795,0.022050648480653762,0.02086849538609382,0.01704715508967639,0.013278410583734516,0.005551626440137625
0309,PRight,2,3,0.035601552575826645,0.026441133711487055,0.023721112310886385,0.022071734573692083,0.020943058133125306,0.01997532062232494,0.016578538157045842,0.01323818899691105,0.005725172581151128
0309,PRight,3,0,0.1284903585910797,0.04195154141634704,0.03230128802359104,0.02809069434180856,0.0251785633713007,0.02335916236042975,0.016635762527585037,0.010836145281791687,0.004200613591820002
0309,PRight,3,1,0.06426354497671127,0.03027683148160577,0.025514872819185262,0.022887671217322353,0.021106371060013774,0.019829920772463074,0.01575079839676619,0.011791604384779934,0.00442497874610126
0309,PRight,3,2,0.04109938070178032,0.025293189175426962,0.02210063915699721,0.020734026376158,0.019408102482557296,0.018417755980044585,0.015232595801353457,0.011902690120041373,0.0045381952077150345
0309,PRight,3,3,0.030963396653532982,0.02226557793095708,0.020327408239245417,0.019351497087627654,0.018453050777316096,0.017561707273125633,0.014656179305166007,0.011883585341274738,0.004657995188608766
0314,PRight,1,0,0.15173205733299255,0.057585171274840835,0.045180545449256905,0.03819058138877154,0.034179864972829835,0.031041515711694955,0.022316379658877852,0.014910315908491619,0.006669034715741873
0314,PRight,1,1,0.09067952632904053,0.04211415763944387,0.034732545837759976,0.03061637878417969,0.02799327783286572,0.0262161954306066,0.02080448213964701,0.015777204558253287,0.007189767202362418
0314,PRight,1,2,0.05840834602713585,0.03537462275475264,0.03058715771883726,0.027792984992265714,0.025676996037364015,0.024191577360033963,0.019774039648473265,0.0156401701271534,0.007518176455050707
0314,PRight,1,3,0.041374508291482925,0.0318205500394106,0.027536801025271417,0.025779574103653433,0.02443223536014557,0.02345906114205718,0.019255838356912136,0.015497136674821381,0.00830790912732482
0314,PRight,2,0,0.13181248307228088,0.04583350360393524,0.036124477684497835,0.031130291800945998,0.02799771405756474,0.025629171356558792,0.01843125429004431,0.012401969917118552,0.00501039600931108
0314,PRight,2,1,0.06896917521953583,0.03172901175916195,0.026631821244955063,0.024128646887838848,0.022710568681359296,0.021380838565528384,0.017592933401465418,0.013270754367113115,0.00538949784822762
0314,PRight,2,2,0.045635513961315155,0.02673703610897065,0.02308808453381062,0.021446827650070194,0.020402104556560517,0.01955418400466441,0.01646423600614071,0.013236783258616927,0.005619398783892393
0314,PRight,2,3,0.03454869985580444,0.023418133426457644,0.02134773101657629,0.02008685691282153,0.019455570131540298,0.018626272957772007,0.015744329802691935,0.013105191104114058,0.006148006767034531
0314,PRight,3,0,0.12271849066019058,0.038072329126298446,0.03116306945681572,0.027235830761492254,0.02476162359118462,0.022591183613985766,0.01654635164886713,0.010966761037707334,0.004112983588129282
0314,PRight,3,1,0.052684150636196136,0.026373411230742938,0.023051245734095574,0.021405922006815677,0.019899864867329597,0.01899058129638433,0.015680366009473812,0.011898133531212806,0.004387343768030405
0314,PRight,3,2,0.035105012357234955,0.022236630972474813,0.01999661423265934,0.018839617520570756,0.01795439474284649,0.0171642081812024,0.014724394679069523,0.011861185729503633,0.0046284080017358065
0314,PRight,3,3,0.027729935944080353,0.020190350115299224,0.01841300871223211,0.01747729815542698,0.016713198646903044,0.01610091598704457,0.01404602061957121,0.011688843183219434,0.00508496374823153
0319,PRight,1,0,0.39688098430633545,0.07014958769083032,0.04879805259406571,0.04051143441349269,0.035450493842363366,0.03200299944728613,0.02266660574823618,0.015326897613704206,0.006515907356515527
0319,PRight,1,1,0.14886042475700378,0.059422606006264686,0.04711559861898423,0.03748621348291637,0.031458640098571786,0.027554399799555533,0.020828096009790898,0.01583052389323712,0.006972233299165964
0319,PRight,1,2,0.07822370529174805,0.05267240073531866,0.04377540811896325,0.03732097897678614,0.030957655608654024,0.026950093358755103,0.019430621154606344,0.01546157505363226,0.008027194067835808
0319,PRight,1,3,0.05893632397055626,0.04715498626232148,0.04136708319187165,0.03705539565533399,0.03281448289752007,0.027279389277100476,0.018870491907000544,0.015017162263393401,0.00900173420086503
0319,PRight,2,0,0.37125808000564575,0.05502086322754624,0.039597963988780974,0.03320227935910225,0.0295427279919386,0.026682785153388948,0.019136090017855167,0.012561822496354581,0.005001233192160726
0319,PRight,2,1,0.13136549293994904,0.04704583950340748,0.03573026672005654,0.028305554576218143,0.024594484120607378,0.022553491126745928,0.017861473187804226,0.01357132606208325,0.00529073434881866
0319,PRight,2,2,0.061667703092098236,0.04021148812025786,0.03420085452497006,0.02878637731075287,0.024249365925788885,0.02114550489932297,0.01662428621202707,0.013297765702009206,0.006021214183419943
0319,PRight,2,3,0.04640386998653412,0.03589118182659149,0.03182910993695259,0.02852472906932235,0.025110801681876186,0.02144225295633074,0.016038218326866627,0.012864558398723608,0.006780677940696478
0319,PRight,3,0,0.30350205302238464,0.04734737243503335,0.034017982929945,0.02960903225466609,0.02622633494436741,0.02395038036629557,0.017270286194980146,0.011238306574523467,0.004185104975476861
0319,PRight,3,1,0.11884713917970657,0.04103495597839356,0.03069243934005499,0.024629762731492526,0.022124936282634736,0.02049118960276245,0.016257463395595556,0.012130400165915491,0.004462746437638998
0319,PRight,3,2,0.05502442270517349,0.03500255141407251,0.029355609938502312,0.024440052919089794,0.020958847105503088,0.018901783321052787,0.015347607620060445,0.011981424689292915,0.004971428541466594
0319,PRight,3,3,0.04133155569434166,0.030980881880968814,0.02747964251786471,0.02431139448657632,0.021366983428597452,0.019024278409779043,0.014819758012890817,0.011660182848572736,0.005651193670928478
0324,PRight,1,0,0.21140962839126587,0.05121275190263987,0.03909925483167172,0.03371169444173575,0.030414432808756834,0.027797109168022867,0.020215401798486722,0.013502476178109646,0.006610880838707089
0324,PRight,1,1,0.08934736251831055,0.040059877261519446,0.0313169888406992,0.027208008877933027,0.02484822534024716,0.02328534405678509,0.018979550525546077,0.014514313079416754,0.0070111004170030355
0324,PRight,1,2,0.04998590797185898,0.03240140467882156,0.02772403355687857,0.02468144377693534,0.022955236062407496,0.02157060047611593,0.01794328819960356,0.014282101579010489,0.007369348080828786
0324,PRight,1,3,0.03927085921168327,0.026942754052579405,0.024050091579556468,0.022642108779400587,0.02171114951372147,0.020801204070448862,0.017298926599323753,0.014041258767247206,0.00809099804610014
0324,PRight,2,0,0.21140962839126587,0.04330784291028977,0.033546037971973426,0.028987566772848382,0.02587485693395139,0.023683125432580696,0.017131325230002405,0.010800394974648953,0.00494803860783577
0324,PRight,2,1,0.08354010432958603,0.03152500908821822,0.025593614131212243,0.022743343953043223,0.021147306710481654,0.019882937241345638,0.016507112793624403,0.012188478372991094,0.005248102592304349
0324,PRight,2,2,0.043037932366132736,0.02558574974536896,0.02235006056725979,0.020345349032431844,0.01898555621504784,0.018007913418114186,0.015488945506513127,0.012219638191163541,0.005536904791370034
0324,PRight,2,3,0.031784333288669586,0.02156737877056003,0.01985125195235014,0.01875656208023429,0.017781796455383303,0.016978798713535064,0.014740304090082645,0.01198548991233111,0.005953560117632151
0324,PRight,3,0,0.21140962839126587,0.03856667518615723,0.029861319959163673,0.025599762443453074,0.02331783555448057,0.02150014955550432,0.015380421467125416,0.009664308279752731,0.004114989656955004
0324,PRight,3,1,0.07795926928520203,0.027057294454425576,0.022786819450557234,0.020391426887363198,0.019077297970652583,0.01808399381116032,0.014952185563743114,0.01091612093150616,0.004362706560641527
0324,PRight,3,2,0.03965919092297554,0.02168154573068023,0.01967638272792101,0.017934987377375367,0.01697602801024914,0.016255625523626797,0.01399160996079445,0.010989972949028018,0.004629077389836311
0324,PRight,3,3,0.02913941815495491,0.01904011279344559,0.017515609860420226,0.016548230480402708,0.015629474297165873,0.015099213318899274,0.013215762563049795,0.010797875188291077,0.004948147106915712
0329,PRight,1,0,0.21229605376720428,0.05890954654663803,0.04570147603750229,0.03912380546331406,0.03481886968016625,0.03164939396083353,0.02253396250307561,0.01555173471570015,0.0071395509876310825
0329,PRight,1,1,0.11702731996774673,0.05085926599800587,0.03992602981626987,0.03342728111892939,0.02959796234965326,0.026650032587349413,0.02039816360920668,0.015850874781608584,0.007625820813700557
0329,PRight,1,2,0.06996399164199829,0.04820718254894018,0.039462722465395936,0.031696542724967004,0.02753530949354172,0.024659882858395567,0.01910667568445206,0.015476130880415445,0.008261316921561956
0329,PRight,1,3,0.05677221342921257,0.04696426507085562,0.038896214440464975,0.030546723138540992,0.02665188185870648,0.023675822652876367,0.01835229713469744,0.015096518024802209,0.008818342350423336
0329,PRight,2,0,0.1854727417230606,0.04752295415848494,0.03708682730793953,0.03201051257550717,0.028660196885466577,0.02619789810851215,0.018948770686984064,0.013100025616586209,0.005359224276617169
0329,PRight,2,1,0.08659075200557709,0.03955949749797583,0.030528074391186256,0.025614924095571052,0.02309931054711342,0.021478109154850225,0.01751695293933153,0.013733773306012154,0.005746025824919343
0329,PRight,2,2,0.05783849582076073,0.03591975212097168,0.02934764612466099,0.024022897612303497,0.0213072444498539,0.01977473851293323,0.016305404901504516,0.01344832368195057,0.006260168505832553
0329,PRight,2,3,0.04548326134681702,0.033650278747081756,0.027980291098356248,0.023145838771015413,0.02029252104461194,0.018944644462317223,0.015453133545815947,0.012986241839826112,0.00691132084466517
0329,PRight,3,0,0.1854727417230606,0.04198854744434359,0.03220997110009194,0.02810225842520595,0.02519058741629125,0.023272460047155566,0.016901335306465634,0.011618823558092118,0.004487962462007999
0329,PRight,3,1,0.07334470003843307,0.033244715780019765,0.026083235666155818,0.0223903419263661,0.020315456613898282,0.018980756774544714,0.015772265754640104,0.012277456186711787,0.004802873125299811
0329,PRight,3,2,0.04899393394589424,0.029711267706006766,0.024487546235322958,0.0206160549633205,0.01861308977007866,0.017541371844708904,0.014865129627287388,0.012066685408353813,0.005253851879388094
0329,PRight,3,3,0.038802895694971085,0.027130090668797492,0.022700759097933773,0.01947440903633833,0.01776226378977299,0.016724377125501604,0.014189270511269569,0.01170226912945509,0.005826905136927962
0334,PRight,1,0,0.28666430711746216,0.04496275901794435,0.03646515421569348,0.032370634637773045,0.029397098347544674,0.027246914245188207,0.02039801776409151,0.014412675239145765,0.006340873194858432
0334,PRight,1,1,0.11309453845024109,0.031950736083090306,0.027551298029720783,0.025221792049705982,0.023668373227119444,0.02238769009709358,0.01886873301118613,0.014930557273328307,0.006775954505428672
0334,PRight,1,2,0.05935978516936302,0.0285066326521337,0.024858734011650088,0.022788822185248137,0.02142254412174225,0.020351703651249407,0.017385983280837538,0.014556848071515563,0.00757747539319098
0334,PRight,1,3,0.04375525936484337,0.026548407636582852,0.02330822288990021,0.021506986487656834,0.020223552733659743,0.019177527539432047,0.01665947288274765,0.014174216426908972,0.008417075034230947
0334,PRight,2,0,0.2804580330848694,0.03845346625894308,0.032241744473576556,0.028268636651337147,0.025475363731384277,0.023652891628444188,0.01768916100263596,0.012138820998370653,0.004965282045304775
0334,PRight,2,1,0.10777723044157028,0.027286241333931687,0.023600079119205475,0.021758806258440018,0.020488792657852174,0.019620732124894843,0.016582744754850866,0.012950937263667589,0.00531619624234736
0334,PRight,2,2,0.05234333500266075,0.02381687527522445,0.02096890673041344,0.019410877116024496,0.01829263061285019,0.017564104311168192,0.015466381516307593,0.012674458511173726,0.00592636619694531
0334,PRight,2,3,0.03778955340385437,0.02196680998429656,0.01958776813000441,0.018232560791075228,0.017199056074023254,0.016514890920370815,0.01472375011071563,0.012271259538829326,0.006647423841059208
0334,PRight,3,0,0.1424657702445984,0.03509209308773279,0.02905885998159648,0.02561492657288909,0.023414324149489404,0.022010137047618613,0.016304007917642593,0.010978188738226891,0.004243187606334686
0334,PRight,3,1,0.04262787476181984,0.02465513145551086,0.021520412787795068,0.020046836975961924,0.018975545689463618,0.018114672135561668,0.015409541316330435,0.011701085045933729,0.004537941655144095
0334,PRight,3,2,0.028496893122792244,0.021599862501025205,0.01900741167366505,0.01767274010926485,0.016793594658374787,0.01615360742434859,0.014332696422934534,0.011484401114284996,0.00511310575529933
0334,PRight,3,3,0.024952521547675133,0.01963446719571948,0.017803386338055133,0.01644383626058698,0.015744793191552163,0.015315189911052584,0.013542372547090054,0.011156237684190277,0.005732416873797774
0339,PRight,1,0,0.3599027395248413,0.04561301603913307,0.038498076274991036,0.033988792449235916,0.031022417843341827,0.0287278104573488,0.0222441677004099,0.016245405375957492,0.008677673060446978
0339,PRight,1,1,0.1739404797554016,0.032595210261642936,0.02804220635443926,0.025724029280245305,0.024126906096935276,0.023034616466611615,0.01984020005911589,0.0159602377563715,0.009396601468324661
0339,PRight,1,2,0.08877667039632797,0.02855009332299233,0.02468851547688246,0.02245446374639869,0.021260143220424653,0.020448496285825964,0.018326838687062266,0.015562394075095654,0.010109337978065014
0339,PRight,1,3,0.060609590262174606,0.027292726673185826,0.022928623817861083,0.02111022559925914,0.0199715755134821,0.019233008008450257,0.017335708625614645,0.015169238485395909,0.010848158039152622
0339,PRight,2,0,0.3599027395248413,0.04058911036700011,0.03343579962849618,0.029520940966904163,0.027054123952984812,0.024723757524043318,0.019047693721950063,0.013159033842384815,0.00623401440680027
0339,PRight,2,1,0.15004435181617737,0.028535180650651457,0.02426161423325539,0.022414447385817767,0.021269081830978396,0.020298780687153333,0.017151154950261118,0.013397533632814885,0.006920109037309885
0339,PRight,2,2,0.07858706265687943,0.024267521202564247,0.02113936997950077,0.019444528054445985,0.01846480503678322,0.017874213028699154,0.015818121284246447,0.01319431401789189,0.007633053930476308
0339,PRight,2,3,0.052580833435058594,0.022761177327483898,0.02005813792347908,0.018328518625348806,0.01715171955525875,0.01649678675457835,0.015003265906125307,0.012922419421374799,0.008383238688111305
0339,PRight,3,0,0.1472472846508026,0.03650545943528414,0.030206439010798933,0.02649709278717638,0.024197670444846154,0.022444684989750385,0.017044293880462653,0.011704411730170252,0.005037290044128895
0339,PRight,3,1,0.09665988385677338,0.024596798401325944,0.0218151718005538,0.020286024361848832,0.019419847726821902,0.018538453243672846,0.015623419918119908,0.012024951353669168,0.005665346048772335
0339,PRight,3,2,0.05403770133852959,0.021278420314192772,0.018973203711211684,0.0174981820397079,0.01681339077651501,0.016312596853822466,0.014391922485083341,0.01192963104695082,0.00634706299751997
0339,PRight,3,3,0.03770878538489342,0.019705345798283817,0.017771334499120713,0.016247920263558625,0.01547139421105385,0.01506296461448073,0.013585644774138927,0.011724288761615754,0.00696143414825201
0344,PRight,1,0,0.2524494230747223,0.0433394180238247,0.036277940049767504,0.03241723716259003,0.029430233836174012,0.02747903149574995,0.020979240909218797,0.014845610968768606,0.007350529078394175
0344,PRight,1,1,0.11147622019052505,0.029538380075246097,0.026258550062775613,0.024381987024098637,0.023125974833965304,0.02202484151348471,0.01888607908040285,0.015049086324870587,0.007890660781413317
0344,PRight,1,2,0.05698990076780319,0.025378571189939976,0.02249728973954916,0.021166846957057717,0.02031350240111351,0.01969603793695568,0.017644644528627396,0.014834656007587911,0.008545692544430494
0344,PRight,1,3,0.039691224694252014,0.023395717050880196,0.02091411292552948,0.01966740095987916,0.018927622810006144,0.01850233357399702,0.016829576157033444,0.014571601524949076,0.009336098562926054
0344,PRight,2,0,0.2524494230747223,0.03898787923157215,0.031674766913056374,0.028142203893512487,0.0259231448173523,0.023744195699691748,0.01805840861052275,0.012662027776241305,0.00545526179485023
0344,PRight,2,1,0.10644488036632538,0.025823676139116288,0.022863457687199117,0.021438434049487115,0.02030458129942417,0.01948319086804986,0.016464527137577536,0.013083761557936674,0.00597942085005343
0344,PRight,2,2,0.052922237664461136,0.022232549525797368,0.01965934220701456,0.018538910765200856,0.01775551736354828,0.017200213856995095,0.015368970017880202,0.012979562766849997,0.0065871423576027155
0344,PRight,2,3,0.03660668805241585,0.020267947241663933,0.018315478824079037,0.01707636522129178,0.016445174962282184,0.01603259369730949,0.014645403437316419,0.012620728835463524,0.007289711153134704
0344,PRight,3,0,0.21404218673706055,0.03402734413743019,0.028685998320579532,0.02580839134752752,0.023521952778100968,0.02174708964303134,0.01624741666018963,0.011325131170451641,0.004559723427519202
0344,PRight,3,1,0.08639801293611526,0.02384408200159669,0.021122821979224684,0.019735479447990655,0.01871339648962021,0.017869756091386076,0.015047422051429749,0.011853193491697315,0.004999459721148014
0344,PRight,3,2,0.043011829257011414,0.020257028136402372,0.01825539570301771,0.01706322716549039,0.016415343061089518,0.015905015170574188,0.014081485383212569,0.011694031953811647,0.005532020470127463
0344,PRight,3,3,0.030896788462996483,0.0186009812168777,0.016766298115253448,0.01568352397531271,0.01519836187362671,0.014770210394635795,0.013448767177760602,0.011404338851571086,0.006174122681841254
0349,PRight,1,0,0.23193474113941193,0.06321721509099007,0.04723900437355042,0.03906779289245606,0.03429399728775025,0.030655821505933975,0.021955035440623764,0.014702380076050764,0.007177870720624924
0349,PRight,1,1,0.11187045276165009,0.05762698393315078,0.041015355661511425,0.03291911698877811,0.027593497261405,0.024689762480556904,0.0198775913566351,0.015232190117239955,0.007595246424898505
0349,PRight,1,2,0.08067142963409424,0.05106672901660204,0.04096660122275352,0.032870441898703584,0.026324566081166272,0.023059275094419712,0.018186747655272485,0.014863711781799797,0.008424038998782635
0349,PRight,1,3,0.07163398712873459,0.04989792596548798,0.03880785666406155,0.031562182232737546,0.026023076996207244,0.02266980195418,0.017150842957198622,0.014356760121881964,0.009267922025173903
0349,PRight,2,0,0.2120952606201172,0.05502982139587404,0.039209974184632304,0.03320900771766901,0.02926890641450882,0.026207871641963715,0.018867706693708904,0.012164383195340633,0.0054200279992073774
0349,PRight,2,1,0.09442220628261566,0.0460231601074338,0.033151779472827915,0.02582048565149309,0.022652498856186882,0.02098848894238472,0.017244807444512844,0.013029730133712294,0.005868846084922552
0349,PRight,2,2,0.06541233509778976,0.04082911238074303,0.0331339678168297,0.02578582474961877,0.021602007895708087,0.019070977438241227,0.015765922516584395,0.012739826366305353,0.006562864175066352
0349,PRight,2,3,0.056962430477142334,0.04013121012598276,0.03136361688375474,0.0250719309411943,0.020847067683935166,0.01879729172214864,0.014843662828207017,0.012349933199584488,0.00735846976749599
0349,PRight,3,0,0.1815788298845291,0.04505894422531128,0.03393011994659901,0.029268855433911084,0.025650869086384778,0.023270956613123416,0.016934472136199474,0.010770472697913659,0.00455027655698359
0349,PRight,3,1,0.08733370155096054,0.03678288139402867,0.0278333428129554,0.022661645282059908,0.020476594716310505,0.01918976521119475,0.015650369226932526,0.011645013280212882,0.004948016023263335
0349,PRight,3,2,0.06032385304570198,0.03403455410152675,0.027101917155087,0.021902347374707462,0.018856261149048807,0.017267030663788287,0.014416710007935762,0.01141010504215956,0.005615699337795377
0349,PRight,3,3,0.04940799996256828,0.03480357639491558,0.025297730080783374,0.02080897038802505,0.018311838358640677,0.016531206667423227,0.013575001433491708,0.011135187558829786,0.006392710143700242
0354,PRight,1,0,0.15225879848003387,0.04974023263901472,0.04026213236153127,0.035191004388034346,0.03153066799044609,0.02907677572220562,0.021958775073289888,0.014906704053282748,0.007510605035349727
0354,PRight,1,1,0.07079881429672241,0.03586629465222359,0.029815265201032167,0.02692724071443081,0.025083079636096954,0.023798709921538826,0.020078344456851485,0.015468251705169687,0.008086736779659986
0354,PRight,1,2,0.04571247100830078,0.030148962382227185,0.02604155693203211,0.024084483254700903,0.022774421721696855,0.021766531467437743,0.018701759912073616,0.015198498778045178,0.008920272812247276
0354,PRight,1,3,0.03459448739886284,0.026783848479390145,0.02425190143287182,0.022774831876158717,0.021791468411684042,0.020818491652607914,0.017942574433982374,0.014828029833734038,0.009466868825256824
0354,PRight,2,0,0.13053633272647858,0.0409301033988595,0.03345927298069,0.029299168922007086,0.026921084672212603,0.02476273188367485,0.01838874761015177,0.012188832461833958,0.005549805238842964
0354,PRight,2,1,0.06085560470819473,0.0278872930072248,0.02417914915829897,0.022357022520154715,0.021106192171573643,0.020242061465978615,0.0171308632940054,0.012966225855052473,0.006119160912930965
0354,PRight,2,2,0.037453826516866684,0.02350066594779492,0.021162076070904732,0.019939790572971107,0.019019165188074116,0.018279244843870397,0.015777610614895823,0.012726943194866181,0.006795772118493915
0354,PRight,2,3,0.028413226827979088,0.021306863874197005,0.019756113998591902,0.01882345449179411,0.018097725585103037,0.017285036761313675,0.014911482762545348,0.01246837191283703,0.007350556785240769
0354,PRight,3,0,0.11914171278476715,0.03596197199076415,0.029646141007542613,0.026759625095874075,0.0244894240796566,0.02255095215514302,0.0165460292249918,0.010810624808073044,0.004627194022759795
0354,PRight,3,1,0.045753687620162964,0.024500031806528568,0.021844341680407525,0.020270587373524905,0.019271962866187098,0.018515445478260516,0.015532314963638785,0.011556027457118036,0.005079746944829822
0354,PRight,3,2,0.02708001807332039,0.02049987917765975,0.01893034987151623,0.017927469201385975,0.01713964991271496,0.016560895368456834,0.014375797286629678,0.011440955474972725,0.005655952263623476
0354,PRight,3,3,0.021340105682611465,0.018324205465614796,0.017523138970136642,0.016858853008598088,0.016098155602812768,0.015429676882922646,0.013519315887242556,0.01127105448395014,0.006219599395990372
0359,PRight,1,0,0.1865469068288803,0.06999063216149809,0.053562594056129474,0.04446782317012549,0.038313675373792655,0.03440575506538148,0.023940471559762956,0.015366414748132232,0.006896828766912222
0359,PRight,1,1,0.12326528877019882,0.0545464388653636,0.04347438916563988,0.036053353138268,0.03179966509342194,0.028876442275941352,0.02175466436892748,0.01612514704465866,0.0075659186113625765
0359,PRight,1,2,0.09020352363586426,0.04696348022669555,0.038852536454796804,0.03341053873300553,0.029914419278502465,0.02730016103014349,0.02067935522645712,0.015754324570298194,0.008910651784390211
0359,PRight,1,3,0.06567679345607758,0.04315464019775391,0.03555283069610596,0.030474559795111426,0.028116596341133122,0.026396304275840457,0.020592260546982297,0.015415308997035027,0.009789771866053343
0359,PRight,2,0,0.1456119865179062,0.05410091411322356,0.04197213888168337,0.03506806865334511,0.03107676833868027,0.028173117525875535,0.02004985250532627,0.012474232725799084,0.0053274622187018394
0359,PRight,2,1,0.08608173578977585,0.039439041279256355,0.03212501838803293,0.027945232540369035,0.025197332203388215,0.02325724996626376,0.018360288068652156,0.01352433636784554,0.005896826973184943
0359,PRight,2,2,0.05955067276954651,0.03560276743024588,0.028553947210311903,0.02486736919730902,0.022992143630981447,0.021572703961282955,0.017064950056374078,0.013305830582976345,0.0070028824266046286
0359,PRight,2,3,0.04226946830749512,0.032192646302282815,0.0261877154186368,0.022746612206101417,0.021612432971596717,0.02070569004863499,0.01641772780567408,0.013006029464304448,0.007792941760271788
0359,PRight,3,0,0.1456119865179062,0.046332765333354474,0.03448105841875078,0.029869478885084413,0.026765855103731157,0.02449229722842574,0.017643460258841514,0.011096329241991046,0.0045189871452748775
0359,PRight,3,1,0.08180012553930283,0.03166055649518967,0.02678639028221369,0.023531798198819162,0.02163369245827198,0.02027085646986961,0.016419067047536373,0.011996019817888741,0.004976772237569094
0359,PRight,3,2,0.042260754853487015,0.028647707458585504,0.02299779947847128,0.02087863573804499,0.019577503427863123,0.01864081053063272,0.015217975713312628,0.011889016628265383,0.005982941947877407
0359,PRight,3,3,0.03468609228730202,0.025550657883286476,0.020617560297250752,0.01908362813293934,0.018262130543589595,0.017534956894814963,0.014452584274113181,0.011630630865693093,0.0066461770329624414
0364,PRight,1,0,0.23482537269592285,0.05659426432102919,0.04512265250086786,0.03940092865377665,0.034669834226369885,0.03154718931764363,0.022943134605884565,0.01564344316720963,0.007408082485198975
0364,PRight,1,1,0.08957323431968689,0.04442990221083165,0.03434919528663159,0.029765667337924247,0.027592263370752337,0.025792840775102365,0.020982213690876963,0.016264746710658074,0.008066704496741295
0364,PRight,1,2,0.057230617851018906,0.03783779568970204,0.03207876615226269,0.027765357792377474,0.025650606527924537,0.023969835042953486,0.019527699798345573,0.01575772799551487,0.009222245309501886
0364,PRight,1,3,0.044566560536623,0.03521031327545643,0.030048203319311143,0.026333578545600186,0.02432524971663952,0.023006939049810167,0.019010653719305996,0.015291976369917394,0.01013847766444087
0364,PRight,2,0,0.1939719021320343,0.047083033919334424,0.03815069250762463,0.03264913447201252,0.0288812305033207,0.02636783113703128,0.019631438143551356,0.013025710359215736,0.0056092687882483006
0364,PRight,2,1,0.07689087837934494,0.03359367787837984,0.026934028677642347,0.024269620906561613,0.022743571624159815,0.021432859823107716,0.01797631662338972,0.013861096464097502,0.006214068736881018
0364,PRight,2,2,0.046922504901885986,0.029112430419772864,0.02471226364374161,0.022184780165553097,0.02061591938138008,0.019644980225712053,0.01664352659136057,0.013491330668330194,0.007174841361120343
0364,PRight,2,3,0.03613479062914848,0.027731239553540947,0.023348069712519647,0.021073517277836802,0.019701635614037517,0.018732407502830027,0.015903439186513428,0.013118482194840908,0.008127172943204641
0364,PRight,3,0,0.18057774007320404,0.041749589852988725,0.0333517399430275,0.02864577351137996,0.025603090748190886,0.023662038333713994,0.01783642191439867,0.011913116648793222,0.004713728791102767
0364,PRight,3,1,0.07096967846155167,0.029276614859700227,0.023626208864152447,0.021514312326908116,0.020333547219634058,0.019394171610474586,0.01638300754129887,0.012554094195365916,0.005260027712211013
0364,PRight,3,2,0.040469054132699966,0.02524272145703435,0.021349196508526805,0.019413571208715442,0.01832335948944092,0.017567571438848968,0.01522484077140689,0.012373692542314534,0.006179634481668472
0364,PRight,3,3,0.033694736659526825,0.024225402325391773,0.02040035851299763,0.018607197478413585,0.017367863431572914,0.01661949437111616,0.014411029126495126,0.012046346627175809,0.0070307268761098385
0369,PRight,1,0,0.2985607385635376,0.07623405709862711,0.05458818577229977,0.04378030847758056,0.03788484409451487,0.03396329116076229,0.02414610441774131,0.016066141054034238,0.007236487930640578
0369,PRight,1,1,0.17168200016021729,0.06534519694745543,0.044435358792543414,0.03485437955707312,0.03095970779657364,0.028216531500220268,0.02214087322354317,0.016642464324831963,0.007830286864191294
0369,PRight,1,2,0.1143355518579483,0.06450515136122706,0.04227786988019947,0.0331511963158846,0.028952401205897333,0.026483126450329977,0.020877885445952437,0.01622414253652096,0.009066012687981129
0369,PRight,1,3,0.09095511585474014,0.061292753405869024,0.04313954174518586,0.03240614831447601,0.027815428301692008,0.025473740231245753,0.020631492510437967,0.015775196999311448,0.010100663173943758
0369,PRight,2,0,0.27452799677848816,0.05578623186796904,0.040602409169077876,0.034162207171320916,0.030325735583901406,0.02784296767786139,0.020314694754779348,0.013340518809854984,0.005572224035859108
0369,PRight,2,1,0.1549552083015442,0.04481135204434396,0.031394998878240585,0.02658120965585113,0.02443237438797951,0.022798746265470977,0.018719697929918767,0.013964051194489003,0.00606079469434917
0369,PRight,2,2,0.09858464449644089,0.04395844381302596,0.02836756173521281,0.02442058874294162,0.022444994822144515,0.020973928365856372,0.017305699363350868,0.013772197254002097,0.007145502604544163
0369,PRight,2,3,0.07374852895736694,0.04266275290399791,0.02910584550350907,0.022740692365914587,0.021107505634427072,0.02007915554568171,0.01671336777508259,0.01346188094466925,0.00815211795270443
0369,PRight,3,0,0.2692549228668213,0.044686895683407786,0.03427446596324444,0.02923096077516676,0.026562040075659765,0.024309785477817043,0.018174274079501635,0.01200385261327029,0.0046929833479225636
0369,PRight,3,1,0.14312753081321716,0.033845562972128394,0.025546446256339554,0.02306889666244388,0.021379785835742952,0.020231375657022,0.01676630973815918,0.01261925231665373,0.005132857710123062
0369,PRight,3,2,0.0885511264204979,0.03173528190702204,0.0224063190817833,0.020506491735577583,0.019393505305051805,0.01844348022714255,0.015648436732590202,0.012539216689765455,0.006135506555438042
0369,PRight,3,3,0.06512818485498428,0.03332485649734736,0.021769510656595235,0.019065988566726446,0.018148240447044373,0.017478591017425056,0.014807165507227183,0.012288069352507591,0.00711644534021616
0374,PRight,1,0,0.10629585385322571,0.04425604734569788,0.036973457559943204,0.03281351916491987,0.030146359503269198,0.027905516140162904,0.021394578553736218,0.014774910919368271,0.006902008084580302
0374,PRight,1,1,0.042965468019247055,0.028991826083511113,0.0264762694016099,0.02478280430659652,0.02351332262158394,0.022639100905507793,0.019492715410888196,0.015427782200276852,0.007423832314088941
0374,PRight,1,2,0.028744813054800034,0.02449448436498642,0.023037835583090784,0.02208177885040641,0.021271305307745934,0.020607123430818306,0.018091461062431334,0.015123335085809231,0.008386730216443539
0374,PRight,1,3,0.024749308824539185,0.022306763026863338,0.021387905925512315,0.020621153619140388,0.01998687967658043,0.01936708316206932,0.0173640264198184,0.014848472364246848,0.009091138374060392
0374,PRight,2,0,0.08066724240779877,0.038691248260438446,0.03205528303980828,0.02868934685364366,0.026088282614946365,0.02420021062716841,0.018683611787855627,0.01276728790253401,0.0053692900110036135
0374,PRight,2,1,0.03619719296693802,0.0247155199572444,0.022736316360533238,0.02151502786204219,0.02050791643559933,0.019854392483830446,0.01705214381217957,0.013475039042532454,0.005801182938739657
0374,PRight,2,2,0.025521887466311455,0.02080344682559371,0.01955609817057848,0.018881650790572167,0.018234004452824595,0.01779056889936327,0.015843122825026514,0.013231532461941243,0.006604658672586083
0374,PRight,2,3,0.021343369036912918,0.018967358935624363,0.018192166052758692,0.017613893933594228,0.01722827844321728,0.0167303760536015,0.015034755319356918,0.012938804924488068,0.0073193395510315895
0374,PRight,3,0,0.08066724240779877,0.03537532411515713,0.029257972911000255,0.0261192543245852,0.023899386897683145,0.022389747295528624,0.016929180920124062,0.011636938340961942,0.004541813163086772
0374,PRight,3,1,0.03479692339897156,0.022755803093314174,0.02101715721189976,0.01978124028071761,0.018912843614816665,0.01824231641367078,0.015676432102918626,0.01238138172775507,0.004939717007800937
0374,PRight,3,2,0.02443758212029934,0.01928882673382759,0.017994924448430538,0.01727414920926094,0.016727677062153817,0.01630023485049605,0.014515155274420977,0.012134575843811038,0.005660278955474496
0374,PRight,3,3,0.020397977903485298,0.01753829911351204,0.016639675199985503,0.016111315917223694,0.01563589341938496,0.015246881870552889,0.01383933741599322,0.011838230676949026,0.006394268479198217
0379,PRight,1,0,0.13214802742004395,0.04402553725987673,0.03713035546243191,0.03349036972969771,0.03078486204147339,0.028733590338379144,0.022141264379024514,0.015309465117752552,0.007472362834960222
0379,PRight,1,1,0.043394625186920166,0.029854552540928128,0.027043421119451523,0.025264577362686398,0.023867596164345757,0.0229684636928141,0.019893020018935205,0.01586647406220437,0.00801704591140151
0379,PRight,1,2,0.029853984713554382,0.024724975544959307,0.023149053975939755,0.022072656601667406,0.0212735453248024,0.02075117481872439,0.0185285871848464,0.015526629053056244,0.008924505673348904
0379,PRight,1,3,0.02494009956717491,0.022388650570064783,0.021249526701867583,0.020519267916679382,0.019939849972724914,0.019508739281445742,0.017710967361927035,0.015109280869364746,0.009663127362728119
0379,PRight,2,0,0.11118538677692413,0.03870907254517079,0.0327866967022419,0.02902841527014971,0.026960635110735896,0.024921918287873268,0.019034392759203916,0.012847515381872654,0.005616549868136644
0379,PRight,2,1,0.037222545593976974,0.024987398944795132,0.022914437241852284,0.021851783711463214,0.020979269817471505,0.02018540631979704,0.017404926009476185,0.013632833212614064,0.00612970907241106
0379,PRight,2,2,0.025357581675052643,0.020940469074994326,0.019623434357345104,0.018882630802690984,0.01833516724407673,0.017933000065386295,0.01612221393734217,0.0134063933044672,0.006921420805156231
0379,PRight,2,3,0.021602001041173935,0.018946501910686493,0.01814304042607546,0.01760743148624897,0.01717075139284134,0.016786918696016073,0.015259463526308538,0.01305168438702822,0.007703408831730485
0379,PRight,3,0,0.08624479174613953,0.035341452658176425,0.029506781920790672,0.02684827420860529,0.024633157253265384,0.022950273659080266,0.017371059022843846,0.011736164242029192,0.004706546198576689
0379,PRight,3,1,0.035646580159664154,0.022942399475723504,0.021025805249810223,0.01987844640389085,0.01915964372456074,0.018513791449367996,0.01597432792186737,0.012461548671126367,0.005173161393031478
0379,PRight,3,2,0.023608462885022163,0.019189552683383227,0.01803199749439955,0.017306746114045382,0.016871571540832523,0.016432086564600466,0.014775914233177902,0.012230122648179532,0.005873639369383454
0379,PRight,3,3,0.020698310807347298,0.017360629476606847,0.01661159723997116,0.01608798950910568,0.015664621591567993,0.015288728754967448,0.013947662990540267,0.01196286678314209,0.006710102781653404
0384,PRight,1,0,0.5613602995872498,0.05612639699131251,0.042494350001215944,0.036955711990594865,0.03340508580207826,0.03080352991819379,0.022779501788318175,0.015931176766753208,0.007607004372403026
0384,PRight,1,1,0.3194229006767273,0.04493992336094383,0.032417664006352424,0.028519739992916588,0.026582268327474595,0.024908591341227276,0.02063452247530222,0.016300139203667647,0.008014616090804338
0384,PRight,1,2,0.21978159248828888,0.054047036282718224,0.030096783861517915,0.02585004948079586,0.024117094725370408,0.02292258776724337,0.019234279170632366,0.01586100794374943,0.008862822316586971
0384,PRight,1,3,0.16897839307785034,0.05803376011550427,0.03297353483736515,0.025016540475189687,0.02299554474651814,0.02180306296795606,0.018640039302408706,0.015544238686561587,0.00959542952477932
0384,PRight,2,0,0.33876338601112366,0.048703117929399055,0.03743677482008935,0.03233618523925543,0.028903728649020195,0.02640163172036405,0.01964083593338728,0.013826453872025014,0.005709706339985132
0384,PRight,2,1,0.2578568756580353,0.035392599441111096,0.026974085122346884,0.024479792304337025,0.022750118225812913,0.0216087789274752,0.018057043664157394,0.014297614805400373,0.0061575120780617
0384,PRight,2,2,0.18246492743492126,0.04524792127311231,0.024574457444250585,0.021968046296387912,0.020575259625911713,0.019660648517310614,0.016828327253460885,0.013924783281981948,0.006917892722412944
0384,PRight,2,3,0.1230747327208519,0.04789535418152812,0.026555893905460835,0.020934764184057715,0.01958996467292309,0.018713973090052603,0.016097813285887247,0.013473202474415304,0.0076946045737713575
0384,PRight,3,0,0.32987406849861145,0.043211829476058485,0.03391646273434163,0.029268564730882643,0.026217548623681076,0.024063045065850015,0.0178252374753356,0.012531281821429733,0.00476332101970911
0384,PRight,3,1,0.25513115525245667,0.03164207078516484,0.02452622715383768,0.02205140868201852,0.0207704421132803,0.01970330523326993,0.01660260818898678,0.013021113723516468,0.005164293106645346
0384,PRight,3,2,0.17781135439872742,0.03950561542063952,0.022252947315573694,0.019942606408149006,0.01856020510196686,0.017872626241296527,0.015529827959835533,0.012724057026207448,0.005817825207486749
0384,PRight,3,3,0.11895434558391571,0.043268258348107345,0.02400057256221771,0.019038698896765717,0.01779111109673977,0.01702524172142147,0.014803996961563827,0.012245864979922774,0.006662626750767231
0389,PRight,1,0,0.11621293425559998,0.021161150727421047,0.01798918675631285,0.01621082622557879,0.014907940551638604,0.013980996189638965,0.0112427213229239,0.00860563945025206,0.00519998068921268
0389,PRight,1,1,0.04437367245554924,0.014110568743199112,0.012210476920008661,0.011394356284290552,0.01082680106163025,0.010365227423608302,0.008818723261356354,0.007454526796936989,0.00576780759729445
0389,PRight,1,2,0.026133645325899124,0.012285792911425236,0.010683479737490417,0.009983137352392079,0.009557287916541101,0.009165987558662885,0.008155490178614855,0.00716437827795744,0.005914655048400164
0389,PRight,1,3,0.01865776628255844,0.011503860270604491,0.010006377398967743,0.009433099674060941,0.00908081091940403,0.008829470304772255,0.007851664908230305,0.006984877400100231,0.005960492184385657
0389,PRight,2,0,0.11621293425559998,0.0168659938685596,0.013742641340941192,0.011938891615718605,0.010800401754677296,0.010073040565475819,0.0078106826171279,0.00602850178256631,0.0037016519345343113
0389,PRight,2,1,0.04358470067381859,0.011501103267073633,0.009640356339514256,0.00864340060390532,0.007993834167718887,0.007576797064393753,0.0063942637760192175,0.005400516092777254,0.004087706794962287
0389,PRight,2,2,0.023154476657509804,0.010581312607973814,0.008400461114943029,0.0073597904015332465,0.007011645454913378,0.006732661626301702,0.005959362722933292,0.005235368944704533,0.00422724150121212
0389,PRight,2,3,0.016060378402471542,0.010238764388486744,0.008077373169362545,0.0070837373426184055,0.006641162447631359,0.006375897605903446,0.005732946842908859,0.00512854652479291,0.004303400171920657
0389,PRight,3,0,0.0969373881816864,0.014168021809309723,0.011105907112360003,0.009662519209086895,0.00856940943747759,0.007936137588694691,0.006242753472179177,0.004817190021276475,0.0030424363212659955
0389,PRight,3,1,0.02584013156592846,0.009959841435775161,0.008191083725541833,0.007149886880069972,0.0065774044394493105,0.006167417531833045,0.005187189020216466,0.004340711887925864,0.0033013494685292244
0389,PRight,3,2,0.013533538207411766,0.009023154778406026,0.007089009555056694,0.006363328513689339,0.005949339047074319,0.005676810559816652,0.004872202640399337,0.004209635872393847,0.003400190733373165
0389,PRight,3,3,0.011121513321995735,0.008412085948511958,0.006834498029202225,0.006040641288273038,0.005662982221692802,0.005408056802116334,0.004713455121964217,0.004155250266194344,0.003439523745328188
0394,PRight,1,0,0.09812509268522263,0.020644809026271107,0.018218357712030415,0.01679739899933338,0.015536297746002674,0.014517942769452894,0.011059687659144403,0.008201573789119723,0.004758527269586921
0394,PRight,1,1,0.037759505212306976,0.01733052060008049,0.015107411872595549,0.013154840506613263,0.011586492210626602,0.010544706042855973,0.00847752681002021,0.0071097521111369135,0.005396554246544838
0394,PRight,1,2,0.02303345687687397,0.016935799941420557,0.014839978758245708,0.011701214443892246,0.010132242739200593,0.009577534953132266,0.008005134947597982,0.006791633181273939,0.005548513727262616
0394,PRight,1,3,0.01863226480782032,0.016403093077242376,0.014566480051726104,0.010991751924157144,0.009725728705525398,0.009231917420402167,0.007914160843938589,0.006686444766819477,0.005574821028858423
0394,PRight,2,0,0.09812509268522263,0.017723784726113082,0.01575483173131943,0.014100493863224983,0.012398089282214642,0.01084049958735702,0.00792965590953827,0.005835355259478093,0.0035103459376841784
0394,PRight,2,1,0.03705528378486633,0.016526466310024263,0.014116688966751098,0.010242539029568452,0.008479816727340222,0.007760706474073218,0.006307834153994919,0.00524189192801714,0.003935748245567083
0394,PRight,2,2,0.02135574072599411,0.01591482236981392,0.014085943382233382,0.009209116976708183,0.007629259563982487,0.006947735557332633,0.005848657712340357,0.005060736555606127,0.00407204357907176
0394,PRight,2,3,0.017475828528404236,0.015445403987541797,0.013437598794698715,0.009117958685383202,0.007319539934396745,0.006769638392142951,0.0057190616615116615,0.004980934411287308,0.004132655682042241
0394,PRight,3,0,0.07098188251256943,0.016857333481311798,0.014297000132501125,0.012398089282214642,0.010207159891724587,0.00880306633189318,0.0063031953293830175,0.004758838191628457,0.002926989342086017
0394,PRight,3,1,0.025407034903764725,0.015095461262390019,0.012853571977466347,0.008660540273413064,0.007229383569210768,0.006461429689079519,0.005174665478989483,0.004275336209684612,0.0032252634409815073
0394,PRight,3,2,0.017601825296878815,0.014423465542495252,0.012243393529206515,0.00788484796881677,0.0063086224347353006,0.005751705984584985,0.0048257978167384865,0.004164341930299998,0.0033282878575846553
0394,PRight,3,3,0.01711784303188324,0.014091207524761559,0.011624079756438739,0.007782784304581584,0.0060372637584805485,0.00551914379466325,0.00469934199936688,0.004078135453164577,0.00338203355204314
0399,PRight,1,0,0.14178387820720673,0.02043846080079675,0.017154448702931407,0.01522008078172803,0.014149477891623977,0.013355489075183863,0.010706714168190959,0.008160845004022123,0.00502189714461565
0399,PRight,1,1,0.04337945580482483,0.013980886749923229,0.0119447984918952,0.011002981625497342,0.010267683118581773,0.009818686498329036,0.008419881854206324,0.00713278902694583,0.005514087621122599
0399,PRight,1,2,0.02705942839384079,0.01234490622766316,0.010664506535977128,0.009853935074061156,0.009359952472150325,0.009011953277513383,0.007857307977974416,0.006801451649516821,0.005638552829623222
0399,PRight,1,3,0.01943851262331009,0.011784003432840109,0.010011436399072409,0.009373761992901564,0.009011137522757055,0.008703655377030368,0.007757467078045012,0.006679699663072825,0.005663878284394741
0399,PRight,2,0,0.14178387820720673,0.01627860898151995,0.01294208874925971,0.011252269605174661,0.010219689235091214,0.009540670551359653,0.007527392264455558,0.005812763515859843,0.003635034430772066
0399,PRight,2,1,0.04120117053389549,0.011447643572464587,0.00905428882688284,0.008113147737458349,0.0076046989113092425,0.007218701415695248,0.006163352681323887,0.005216599814593792,0.003991179401054978
0399,PRight,2,2,0.023826122283935547,0.010880289198830726,0.008217017184942966,0.007262663547880948,0.006844831611961127,0.006554066319949925,0.005716043943539262,0.0050206356681883335,0.004101465223357081
0399,PRight,2,3,0.016619505360722542,0.010411179112270475,0.008183228094130754,0.006985312141478063,0.006613409128040078,0.006312472210265696,0.005578594002872706,0.004947560746222735,0.004136596107855439
0399,PRight,3,0,0.09525278955698013,0.013529043942689898,0.010465570725500584,0.009064901629462838,0.00822396345436573,0.007628068863414226,0.00603692140430212,0.004728814586997032,0.0029929345473647118
0399,PRight,3,1,0.026835085824131966,0.009587986879050733,0.007566134836524725,0.00674801225308329,0.006218396499752999,0.005934747215360402,0.005027334578335286,0.004234021529555322,0.0032579682301729918
0399,PRight,3,2,0.01403542049229145,0.009048688914626837,0.006783699998632074,0.006029592230916024,0.00567988321185112,0.0053839233936741945,0.004682834492996336,0.004141693469136954,0.0033417660742998123
0399,PRight,3,3,0.011290683411061764,0.00838476534932852,0.006802184926345945,0.0058008296135813,0.005415612775832415,0.005147106130607422,0.004568271338939668,0.0040746513754129415,0.00337502162437886
0404,PRight,1,0,0.11127480864524841,0.02295018253847957,0.019174026288092137,0.01721238883212209,0.015871014520525938,0.014886388182640056,0.012092495057731868,0.009222777560353279,0.005141274072229862
0404,PRight,1,1,0.041548971086740494,0.016048302222043277,0.014006611295044422,0.012892082473263145,0.012146202512085438,0.011564373131841419,0.009757111966609956,0.007867862097918987,0.0057815308682620525
0404,PRight,1,2,0.024355502799153328,0.014689075089991094,0.012500667329877615,0.011633725399151446,0.011134046278893948,0.01067910031415522,0.009190100431442262,0.007577406801283362,0.005887323757633567
0404,PRight,1,3,0.017987128347158432,0.013886147746816277,0.011941139344125986,0.010921163447201253,0.010496106036007403,0.010239564720541237,0.00902220169082284,0.007504567317664623,0.005891795735806227
0404,PRight,2,0,0.11127480864524841,0.01878863386809826,0.01513807736337185,0.01355693582445383,0.012320151515305043,0.011467104218900197,0.008751174155622723,0.00629966426640749,0.0036829502787441015
0404,PRight,2,1,0.04064825922250748,0.013552650846540927,0.011396885961294175,0.01023316244594753,0.009553214274346829,0.008950413996353743,0.007045210478827358,0.005622555688023569,0.004140414763242006
0404,PRight,2,2,0.022399842739105225,0.013128979727625847,0.010795374531298882,0.009616945572197439,0.008300888426601887,0.007813974190503354,0.006463499087840319,0.00539410300552845,0.00429299590177834
0404,PRight,2,3,0.015932608395814896,0.012379937311634422,0.010635984167456628,0.009542409833520655,0.0076449258625507395,0.007234056782908734,0.006247705034911633,0.005312726367264988,0.004346775123849511
0404,PRight,3,0,0.08410622924566269,0.015912162233144046,0.013028222098946574,0.011357367038726807,0.01023752007633448,0.009444741066545243,0.006868700124323371,0.004975322633981705,0.003022796008735895
0404,PRight,3,1,0.03159405291080475,0.011918933195993306,0.00996226517483592,0.008957599867135287,0.008030728325247765,0.0072931605391204244,0.005670480336993933,0.004507076181471348,0.0033346329582855105
0404,PRight,3,2,0.019152995198965073,0.011221645269542934,0.009787708837538961,0.008583105187863113,0.006699128840118648,0.0061515380628406995,0.0051536750048398975,0.0043746686540544035,0.0034689889289438725
0404,PRight,3,3,0.013665695674717426,0.010479829022660852,0.009611681569367649,0.008186479695141316,0.006431440319865943,0.005732540600001806,0.004890885576605797,0.004294074978679421,0.0035384875955060124
0409,PRight,1,0,0.43987980484962463,0.14492277920246127,0.11023852765560152,0.08694945409894002,0.06725759893655779,0.05112087018787859,0.02089172601699829,0.01175854131579399,0.005619916599243879
0409,PRight,1,1,0.19911330938339233,0.1165738043934107,0.09702634468674662,0.08474447071552277,0.07422764450311664,0.06324750632047652,0.02020782101899386,0.009689887985587129,0.006085369503125548
0409,PRight,1,2,0.15763872861862183,0.10359998002648355,0.08669139668345453,0.07908086799085141,0.07140395760536195,0.06380167491734014,0.024462709762156035,0.009394349157810225,0.006166861159726977
0409,PRight,1,3,0.1429252326488495,0.09317467734217645,0.08200183838605882,0.07478150695562365,0.06780873507261281,0.061800738610327186,0.03041734229773284,0.00951082017272711,0.006159899290651083
0409,PRight,2,0,0.25496891140937805,0.10650274395942691,0.07823441922664644,0.058384675346314925,0.043531547486782084,0.0331141978502273,0.014618564397096634,0.00802028737962246,0.003995956387370825
0409,PRight,2,1,0.15248920023441315,0.08590970762073993,0.07212849482893946,0.06000373926013711,0.04998972311615944,0.040104736573994104,0.014701464027166369,0.006848217826336623,0.0043438642751425505
0409,PRight,2,2,0.11821215599775314,0.07667196206748486,0.06368666633963585,0.05660023476928473,0.048253278434276584,0.04187684133648872,0.016429753974080093,0.006391111947596077,0.004503703210502863
0409,PRight,2,3,0.10773339867591858,0.0699737411737442,0.057424295768141766,0.05037193845957519,0.046203689426183706,0.04159444086253642,0.019280407950282113,0.006504452228546144,0.004526649601757526
0409,PRight,3,0,0.221469447016716,0.08873636677861214,0.06359364882111551,0.042375335134565845,0.030558157339692135,0.024131162092089653,0.012264727614820004,0.0062163573689758824,0.003229874651879072
0409,PRight,3,1,0.15150165557861328,0.07419906161725522,0.05820264652371409,0.04594677422195674,0.03623795688152314,0.028493499569594818,0.012226041965186596,0.005499751307070256,0.003484030137769878
0409,PRight,3,2,0.11197550594806671,0.0664705115556717,0.05241671591997147,0.04308532029390338,0.036129792332649256,0.030211993027478384,0.012930054962635044,0.00511468267068267,0.003600488998927176
0409,PRight,3,3,0.10119730234146118,0.06220152761787176,0.047879789471626286,0.03885293256491423,0.034288614541292194,0.03091902285814284,0.013818918447941548,0.005198050569742924,0.003650818718597293
0414,PRight,1,0,0.08412278443574905,0.0218869354762137,0.017491124346852304,0.01556957971304655,0.014476450085639955,0.013377753132954235,0.010586838424205783,0.00801097881048918,0.004904477624222636
0414,PRight,1,1,0.04479729384183884,0.017733049765229224,0.014969690591096879,0.0127819674089551,0.01131872642785311,0.010155366687104105,0.008131125010550022,0.006876134406775236,0.00538189522922039
0414,PRight,1,2,0.02982732281088829,0.015566820167005063,0.013888210281729698,0.012248695855960256,0.010678857713937761,0.009667017916217418,0.00749745359644294,0.006554668210446835,0.005502191837877035
0414,PRight,1,3,0.021830033510923386,0.014107444304972887,0.012814139388501644,0.011796482838690283,0.010625492781400682,0.009518399788066744,0.007342475466430188,0.0064163155853748325,0.005538911558687687
0414,PRight,2,0,0.08412278443574905,0.019385927096009267,0.015262537635862827,0.01293810798786581,0.011363881044089797,0.010456584813073252,0.00772613044828177,0.0058305243961513055,0.0035865602549165487
0414,PRight,2,1,0.0422271192073822,0.0160848699323833,0.013560380432754756,0.011341279521584518,0.009289812445640564,0.008224503742530925,0.006329488148912788,0.005179769080132246,0.003928071819245815
0414,PRight,2,2,0.02659662812948227,0.014040058422833684,0.012515055648982528,0.010768624115735294,0.00924914974719286,0.008157941605895749,0.00588610116392374,0.004995195474475623,0.004044859670102596
0414,PRight,2,3,0.0191116314381361,0.012649081498384477,0.011303215231746436,0.010286742448806766,0.009126079194247723,0.00813296888954934,0.005737202661111952,0.004899346921592951,0.004088428104296327
0414,PRight,3,0,0.08412278443574905,0.017340140175074348,0.01337476329877973,0.011123872762545948,0.009580374918878079,0.008689445443451405,0.006404536776244641,0.004797799699008467,0.0029782673809677362
0414,PRight,3,1,0.03685557469725609,0.014414086155593397,0.012059071734547617,0.010041567571461203,0.008282551430165768,0.007150306855328372,0.005357708409428598,0.004259860422462225,0.003221242339350283
0414,PRight,3,2,0.0225302092730999,0.012503766790032388,0.0109603076428175,0.00943166895769537,0.008226747624576094,0.007184669934213157,0.0050429376307874925,0.004155406914651395,0.0033044718438759446
0414,PRight,3,3,0.016144689172506332,0.011266680527478456,0.009980399888008834,0.008975879177451134,0.007872891128063202,0.007258974877186118,0.004976947465911509,0.004081823118031025,0.0033509652130305767
0419,PRight,1,0,0.09339472651481628,0.023551822286099196,0.018522119298577312,0.01629100950434804,0.014782666228711605,0.013645744556561102,0.010537052620202303,0.007951585017144686,0.004693669965490699
0419,PRight,1,1,0.04809107631444931,0.01914548372849822,0.01595603011548519,0.013763709543272853,0.012090806514024735,0.010809856047853818,0.00835520885884762,0.006993052549660207,0.005275273229926825
0419,PRight,1,2,0.03227253258228302,0.016755045671015982,0.014902142360806466,0.013445926792919638,0.011850515976548197,0.010683527588844288,0.007855285331606865,0.006727665849030018,0.005485970061272383
0419,PRight,1,3,0.023886272683739662,0.015126856723800302,0.013767815437167884,0.012758873952552678,0.011709396764636046,0.010586047172546374,0.007838914543390278,0.006631671637296677,0.005597208859398961
0419,PRight,2,0,0.09339472651481628,0.020902675446122888,0.01605782087892294,0.01340920388698578,0.011778084561228752,0.01061076670885086,0.0077112162020057445,0.005798113066703081,0.0035408290568739176
0419,PRight,2,1,0.046431925147771835,0.017521722055971623,0.014453809857368473,0.012228914825245739,0.0103191925212741,0.008735846448689688,0.006382306572049856,0.005200087651610375,0.003914601868018508
0419,PRight,2,2,0.029375871643424034,0.015139999771490694,0.013183166794478894,0.011628090394660832,0.010249729901552202,0.00908207334578037,0.006020017527043819,0.005083674844354391,0.004064346197992563
0419,PRight,2,3,0.02107188291847706,0.013464488545432687,0.012036575730890038,0.010974650941789153,0.009979369007050992,0.00897702928632497,0.0061001705005765,0.005012693628668786,0.004133738111704588
0419,PRight,3,0,0.09339472651481628,0.019465749245136978,0.014493146408349278,0.011550749819725753,0.009726484306156635,0.008668153965845696,0.006357340607792139,0.0047260234132409104,0.0029608745826408267
0419,PRight,3,1,0.0419355109333992,0.015594841269776227,0.012880958765745165,0.010823101298883557,0.008961042501032357,0.007460716133937237,0.005318169901147485,0.004291593376547098,0.0032340543111786246
0419,PRight,3,2,0.02490260638296604,0.013465467952191832,0.011668829247355461,0.010229430999606848,0.008905266299843789,0.007867773249745344,0.005088197905570269,0.004211589228361846,0.003349982900545001
0419,PRight,3,3,0.017685316503047943,0.011929934853687882,0.01055009124800563,0.009546611038967968,0.008595762513577939,0.007799776270985601,0.005169310886412864,0.004161641001701355,0.003411861485801637
0424,PRight,1,0,0.14804600179195404,0.022726510353386402,0.01806845352053643,0.016107836663722994,0.0145207441970706,0.013598393462598318,0.010446137562394143,0.007974895276129247,0.004658300196751952
0424,PRight,1,1,0.05171098932623863,0.01821412747725845,0.015416591484099634,0.013335459306836129,0.011747764088213444,0.01043536611832678,0.008311360143125059,0.006918912194669247,0.005247247172519565
0424,PRight,1,2,0.03208092227578163,0.016230912245810032,0.01451580222696066,0.012750342534855009,0.011146128587424756,0.010168305039405823,0.007742756046354771,0.0066194193437695515,0.0054297910537570715
0424,PRight,1,3,0.02309323288500309,0.014850034564733506,0.013375069946050644,0.012354849558323623,0.011138442009687425,0.010009192582219837,0.0075448724906891605,0.006507643591612578,0.005505244946107268
0424,PRight,2,0,0.10118085891008377,0.020374069660902026,0.01600447528064251,0.01339512882754207,0.011696115471422677,0.010600495059043154,0.007992137875407937,0.005833400040864945,0.0034821846056729555
0424,PRight,2,1,0.04151780158281326,0.016558148004114627,0.013957514073699714,0.011752803456038245,0.009946857914328576,0.008824122324585909,0.0065932650119066285,0.005198400840163232,0.0038662906736135483
0424,PRight,2,2,0.026744557544589043,0.014535591118037703,0.012882189359515905,0.011142736934125425,0.0098471424728632,0.008840776141732929,0.006067816354334355,0.005068015307188034,0.004018714418634772
0424,PRight,2,3,0.019539261236786842,0.013189874310046435,0.011838255375623703,0.010766816260293128,0.009644988030195237,0.00873686638660727,0.005946453846991063,0.005000070203095675,0.00408600177615881
0424,PRight,3,0,0.09422304481267929,0.01830619404092431,0.014021435864269736,0.011553117772564297,0.010216516256332398,0.008965262444689858,0.006624034559354187,0.004778655339032412,0.0028960490599274635
0424,PRight,3,1,0.036320172250270844,0.01501595249399543,0.012603704687207937,0.01060953543521464,0.008851871527731418,0.007948527438566088,0.005534368008375169,0.004268620815128089,0.003175758640281856
0424,PRight,3,2,0.02215931937098503,0.013285484137013555,0.011627052538096904,0.010009492756798867,0.008849380947649482,0.008023197343572968,0.005227744765579701,0.004186166729778051,0.003287093946710229
0424,PRight,3,3,0.01640968956053257,0.011871912376955153,0.010519234742969277,0.009514650050550702,0.008612702414393426,0.007993491459637878,0.005145423905923963,0.0041352900676429275,0.0033435365185141563
0429,PRight,1,0,0.08858778327703476,0.021530211176723248,0.017665668837726117,0.015602031415328385,0.014240925051271917,0.01323479707352817,0.010303210373967886,0.007996749319136144,0.004751069005578756
0429,PRight,1,1,0.043821725994348526,0.017554883137345312,0.014990594852715733,0.012722725942730908,0.011204047389328484,0.010266364365816108,0.00818522684276104,0.006790545117110014,0.005250085145235062
0429,PRight,1,2,0.028945008292794228,0.015854094084352257,0.01401939706876874,0.012391474070027473,0.010625133886933329,0.00984330605715512,0.007542388746514916,0.006423207186162472,0.005384054267778993
0429,PRight,1,3,0.02107476443052292,0.014283148692920805,0.012986412439495325,0.011990686831995846,0.0107922450453043,0.009764180751517412,0.007422009622678163,0.006281604059040547,0.005443395813927054
0429,PRight,2,0,0.08858778327703476,0.019499986693263055,0.01532272767275572,0.012878726320341236,0.011429657191038136,0.010274718236178156,0.007964817248284817,0.005803022813051939,0.0035299250157549977
0429,PRight,2,1,0.040061675012111664,0.016114537417888642,0.013608345706015827,0.011380977295339111,0.009695966131985189,0.008735077781602724,0.006302775535732509,0.005112188309431076,0.003860856522805989
0429,PRight,2,2,0.02523050643503666,0.014120079670101406,0.012555416878312827,0.010924885543063282,0.009645808897912505,0.008760304702445864,0.005728413350880147,0.004927598778158428,0.003992921207100153
0429,PRight,2,3,0.018281834200024605,0.012865259386599064,0.011566005852073432,0.010547972787171605,0.009557066150009633,0.008831199770793318,0.005629158345982434,0.004808626417070627,0.00403326191008091
0429,PRight,3,0,0.08858778327703476,0.017770146150141962,0.01356926467269659,0.011335664726793766,0.009805944748222828,0.008986071264371271,0.006493049301207066,0.004716215655207634,0.0028955230955034494
0429,PRight,3,1,0.03537828102707863,0.014717124542221429,0.01223055036738515,0.010287538850679996,0.008825715072453026,0.008046131860464809,0.00529092880897224,0.004195816814899445,0.0031550289131700993
0429,PRight,3,2,0.02144022472202778,0.012898108670488004,0.01126264810562134,0.009665451031178237,0.00873288031667471,0.008118373714387417,0.004850556189194325,0.004082850087434054,0.003259805031120777
0429,PRight,3,3,0.01554157119244337,0.011617293478921056,0.010276923812925816,0.00931263066828251,0.008666733354330065,0.008087387308478355,0.0048312977887690085,0.003996459580957889,0.0033152863616123796
0434,PRight,1,0,0.18460658192634583,0.022548511642962708,0.01815816290676595,0.01575601110234857,0.014458881989121439,0.01342946817167103,0.010565504897385837,0.00809584129601717,0.004995106952264905
0434,PRight,1,1,0.07096526771783829,0.018348013442009693,0.01551130004227162,0.013460249863564974,0.011857930086553106,0.010553258610889314,0.008206307701766492,0.006985675636678935,0.005434727529063821
0434,PRight,1,2,0.035605136305093765,0.01624258417636156,0.014482186995446684,0.0130345852766186,0.011648595295846463,0.010398393450304848,0.007577664405107498,0.00664364006370306,0.005586628569290042
0434,PRight,1,3,0.024092065170407295,0.014753050189465286,0.013402091097086668,0.012298823390156033,0.011286535263061531,0.010429996764287353,0.007462413655593993,0.006500587146729231,0.005625398363918066
0434,PRight,2,0,0.09192387759685516,0.019898961130529642,0.015157982390373947,0.012743808329105377,0.011179200187325478,0.010411817207932451,0.007760581560432911,0.005911886226385832,0.0036862725391983986
0434,PRight,2,1,0.04576164111495018,0.01672805037349463,0.013901649713516236,0.012014093520119788,0.010009930841624751,0.008510254556313154,0.006359897973015905,0.005248841550201178,0.004007039591670036
0434,PRight,2,2,0.028072917833924294,0.014684986509382726,0.012838456090539694,0.011464222725480795,0.010057652331888683,0.00882366937585175,0.005972231458872557,0.005066924914717674,0.004119919613003731
0434,PRight,2,3,0.019390366971492767,0.013093959549441933,0.011699421778321267,0.01059637064114213,0.009749102219939234,0.008902958966791623,0.006165630230680109,0.004962911922484637,0.004189421655610204
0434,PRight,3,0,0.09192387759685516,0.018581053726375106,0.013417144678533078,0.010851713828742504,0.009650652818381787,0.008636983344331373,0.006412449013441801,0.004876882582902908,0.0030609158566221595
0434,PRight,3,1,0.04177902638912201,0.0148283333145082,0.01259282978251577,0.01059612105600536,0.008757737092673782,0.007413552561774849,0.005384604446589947,0.004312215931713582,0.003298379248008132
0434,PRight,3,2,0.024886157363653183,0.012951099909842015,0.01141552668064833,0.010064252903684977,0.008806735798716546,0.0076572757447138365,0.005170865496620537,0.00420925198122859,0.003378345281817019
0434,PRight,3,3,0.016488024964928627,0.011660766499117016,0.010277963895350696,0.009347149534150959,0.008540909849107266,0.007765551772899923,0.005314258765429265,0.004157710075378418,0.0034185899421572685
0439,PRight,1,0,0.09313997626304626,0.02134930081665516,0.017097793333232403,0.014837965574115517,0.013599371276795865,0.012507613329216826,0.009813682548701765,0.007330075372010471,0.004471666645258665
0439,PRight,1,1,0.045910898596048355,0.01746439976617694,0.014379015956074,0.01257526862435043,0.010983105674386026,0.009778242511674758,0.007623778004199268,0.006517221312969924,0.004989463835954666
0439,PRight,1,2,0.030211620032787323,0.015439249798655512,0.013664695136249065,0.012095228619873524,0.010637096501886845,0.009494074946269379,0.007150988373905421,0.006267863791435958,0.005190049996599555
0439,PRight,1,3,0.021945049986243248,0.013991094985976815,0.012630241680890324,0.011652301223948598,0.010488474033772946,0.009433843055739998,0.007031020894646646,0.006199120450764895,0.005267357686534524
0439,PRight,2,0,0.09313997626304626,0.019462903123348956,0.014781677685678006,0.012421085592359304,0.010870436690747741,0.009889207920059553,0.007246696436777712,0.005520942155271769,0.0034048224333673716
0439,PRight,2,1,0.041477374732494354,0.01583875147625804,0.013193226456642152,0.011303641637787224,0.00928591847419739,0.007947862427681682,0.0060161449946463125,0.00498943654820323,0.00375409796833992
0439,PRight,2,2,0.026129692792892456,0.013896933039650321,0.012289272341877223,0.010710673164576292,0.009338014982640743,0.008122439868748154,0.005690334923565389,0.004842882789671422,0.003922168631106615
0439,PRight,2,3,0.018891675397753716,0.01248222179710865,0.011169627904891968,0.010122403455898167,0.009028067551553252,0.008087366819381707,0.005686212144792081,0.004781489912420511,0.003982400754466653
0439,PRight,3,0,0.09313997626304626,0.01819553403183818,0.013273400384932757,0.01078344567678869,0.009255663305521016,0.008218655362725258,0.0060433547012507935,0.0046069392934441605,0.002839726163074374
0439,PRight,3,1,0.03647685423493385,0.01437884157523513,0.012065018787980079,0.010147739425301554,0.008344152122735985,0.006870569824241098,0.00515019102022052,0.004141293186694384,0.0031188258435577154
0439,PRight,3,2,0.022198820486664772,0.012517640758305791,0.010883964728564026,0.009416191251948479,0.008247209228575234,0.0071457124315202165,0.00491335107944906,0.0040745978243649,0.0032340154284611344
0439,PRight,3,3,0.015974218025803566,0.011226159418001772,0.009905275627970696,0.008964511947706342,0.00799394112080336,0.007207559584639966,0.004912697849795223,0.004015838447958231,0.0032784611685201526
0444,PRight,1,0,0.09261270612478256,0.02298887485638261,0.018746223896741868,0.016241575069725515,0.01487262807786465,0.013932589767500744,0.010761369578540325,0.008174412697553635,0.004865475697442889
0444,PRight,1,1,0.04909597709774971,0.018701081220060586,0.015859853215515616,0.013520064176991583,0.011882577948272233,0.010632680123671877,0.008352792169898749,0.007009353395551444,0.005422133486717939
0444,PRight,1,2,0.03248805180191994,0.016407775040715934,0.014573800321668388,0.013133729351684458,0.011646596267819408,0.01035179756581783,0.007636291626840831,0.0066515723243355755,0.005596555303782225
0444,PRight,1,3,0.02378261648118496,0.014904628181830049,0.013528828416019678,0.012475277548655869,0.011338134706020358,0.010362270055338726,0.007449450064450504,0.0065310363657772545,0.005642835050821304
0444,PRight,2,0,0.09261270612478256,0.020529288072139027,0.01589110910892487,0.013563711633905769,0.01193548358976841,0.010700037144124493,0.007916996255517008,0.005844012740999461,0.003619814640842378
0444,PRight,2,1,0.04718339443206787,0.016695548333227637,0.014120764732360841,0.011819084780290725,0.009871876277029516,0.008513694722205383,0.006411139992997051,0.005218944046646357,0.0039798785001039505
0444,PRight,2,2,0.029326193034648895,0.014513760171830656,0.01285460250452161,0.011359461611136799,0.00992081943899393,0.008645167620852575,0.00594663419760764,0.005044424999505282,0.004112469498068094
0444,PRight,2,3,0.02082226425409317,0.013080954002216458,0.011719024963676933,0.010719533748924733,0.009634630084037784,0.008730782149359578,0.005864017643034458,0.004965600278228522,0.004169571911916137
0444,PRight,3,0,0.09261270612478256,0.019238611683249477,0.014225495588034393,0.011503979312255986,0.009867565371096138,0.008867016527801745,0.006394014740362765,0.004758402146399022,0.002972259884700179
0444,PRight,3,1,0.04033585637807846,0.01505070248618722,0.0126902037486434,0.01050306329503656,0.00864826023578644,0.007389003713615237,0.005350395571440459,0.004270834662020206,0.0032444846583530307
0444,PRight,3,2,0.024652250111103058,0.01298329076729715,0.01148630514740944,0.009929517358541494,0.00865687977522612,0.007474170462228355,0.005069466633722187,0.004188399016857147,0.0033516366966068745
0444,PRight,3,3,0.017366982996463776,0.011671602418646218,0.010413937065750362,0.009369928194209936,0.008350606374442578,0.007625354849733405,0.005027994979172946,0.004122769739478827,0.003403158043511212
0449,PRight,1,0,0.16927377879619598,0.021585087012499577,0.016829590536653997,0.014809926785528666,0.01333490777760744,0.012453247327357529,0.009665048029273749,0.007349869143217804,0.004518932197242975
0449,PRight,1,1,0.07824323326349258,0.017543450072407724,0.015120855923742058,0.012845231695100665,0.011012666039168837,0.009653599653393016,0.007515354454517366,0.006434428133070469,0.00498808384872973
0449,PRight,1,2,0.031847234815359116,0.015647880602627992,0.014031788129359485,0.012324250983074311,0.010607012361288073,0.00953474817797541,0.007074538804590702,0.006155126448720694,0.005119483917951584
0449,PRight,1,3,0.0242865439504385,0.014246111111715436,0.012895837388932706,0.011776273595169189,0.010665581226348878,0.009483651863411054,0.007040531933307651,0.006104492396116257,0.00517869577743113
0449,PRight,2,0,0.16252556443214417,0.019212471041828404,0.014778484739363194,0.012449130136519675,0.010685671307146557,0.009783387742936602,0.007225067354738713,0.005565541330724955,0.003440654370933771
0449,PRight,2,1,0.07527115941047668,0.016033292375504975,0.013584131170064212,0.01149569720029831,0.009400502108037473,0.007933068554848419,0.0059801673516631125,0.004953807778656483,0.003757173428311944
0449,PRight,2,2,0.028903856873512268,0.013934350553900004,0.012606920879334212,0.01086056943051517,0.009284261018037797,0.008204804081469766,0.005643194448202849,0.004805000964552165,0.0038714719703420997
0449,PRight,2,3,0.020294612273573875,0.012749159364029766,0.01137949410825968,0.010343223651871087,0.009240653589367872,0.008115188824012872,0.00570282661356032,0.004756581503897905,0.003928664373233914
0449,PRight,3,0,0.16252556443214417,0.017808887492865324,0.013123959470540287,0.010651554977521302,0.009310302138328553,0.008334101876243949,0.006082759890705348,0.004633339773863557,0.002887777052819729
0449,PRight,3,1,0.07526487112045288,0.014636934483423831,0.012450606003403666,0.010379858147352934,0.008465200699865819,0.00702404729090631,0.005155675765126948,0.004133209027349949,0.0031239321688190103
0449,PRight,3,2,0.02877074107527733,0.012797585306689143,0.011400978825986386,0.009733226774260402,0.008433629684150219,0.0073819335550069694,0.004924642946571111,0.00404167277738452,0.003212663810700178
0449,PRight,3,3,0.017708180472254753,0.011570048993453383,0.010234702695161106,0.00925181468948722,0.008278664723038676,0.007386570447124539,0.004967937711626293,0.003983107395470144,0.0032550209434702992
0454,PRight,1,0,0.1002141609787941,0.022515935823321346,0.018147537708282473,0.016129142381250863,0.014763315394520762,0.01361989104188977,0.010732710640877488,0.008143930695950985,0.004771790001541376
0454,PRight,1,1,0.04533468931913376,0.018058472536504267,0.01566210839897394,0.013444139221683145,0.012036388367414483,0.010800373787060374,0.008487155940383673,0.0070320675149559975,0.005335761699825525
0454,PRight,1,2,0.029909787699580193,0.016324717067182064,0.014421998504549267,0.012945314841344955,0.01158600602298975,0.010583680355921388,0.007944586873054505,0.006675305217504502,0.005545911379158497
0454,PRight,1,3,0.021735092625021935,0.01488220957107842,0.01340376354753971,0.012347524017095568,0.011277222000062467,0.010409366991370912,0.007978024519979955,0.00660130111500621,0.005626285448670387
0454,PRight,2,0,0.1002141609787941,0.020288141537457706,0.015878268852829933,0.013315429976210002,0.011749019473791122,0.010835524788126346,0.008106115460395814,0.005925246980041268,0.0035477858036756516
0454,PRight,2,1,0.04015668109059334,0.016498100459575657,0.013927847854793073,0.011987474616616966,0.01020538304001093,0.009269018797203895,0.006600389583036305,0.005257323291152716,0.003945103147998452
0454,PRight,2,2,0.025484830141067505,0.014562305714935065,0.012783186547458173,0.011275668861344458,0.010097115486860276,0.00931334607303142,0.006167241046205166,0.005077893752604723,0.004094327567145228
0454,PRight,2,3,0.018589822575449944,0.01314540340565145,0.011769361160695555,0.010804167920723558,0.00982417542487383,0.009151618927717207,0.006251602387055756,0.005006618984043598,0.0041860556229949
0454,PRight,3,0,0.1002141609787941,0.018559040371328592,0.013933256808668384,0.011483854614198208,0.01007925346493721,0.009174556983634816,0.00663245380856097,0.0048556081950664525,0.0029504458652809262
0454,PRight,3,1,0.03565041720867157,0.015005093887448312,0.012724814526736739,0.010865442212671042,0.00920179832726717,0.00833605471998453,0.005522122094407681,0.004294534120708704,0.003235706011764705
0454,PRight,3,2,0.022074604406952858,0.013218460902571678,0.011490240339189769,0.010058055464178324,0.009156489409506322,0.008411000482738011,0.005216123163700104,0.004163639061152935,0.0033504015300422907
0454,PRight,3,3,0.016079049557447433,0.011909518390893936,0.010446594003587962,0.009537192005664111,0.008852468952536583,0.008398580178618428,0.0052890439052134764,0.004125849716365338,0.003412712598219514
0459,PRight,1,0,0.08843056112527847,0.02345001054927707,0.01889750175178051,0.016707166992127896,0.015038755908608448,0.01406061989255249,0.011012137681245805,0.008398693241178992,0.004973469767719507
0459,PRight,1,1,0.04819702357053757,0.019022026974707843,0.016194666288793087,0.014015032211318616,0.012240659929811956,0.01097563630901275,0.008548372890800238,0.007226600963622332,0.005570919252932072
0459,PRight,1,2,0.03254241868853569,0.016691707745194434,0.015100804995745424,0.013548345165327196,0.012075541652739049,0.010700741037726402,0.007884335797280076,0.006839520577341318,0.005746406735852361
0459,PRight,1,3,0.023691749200224876,0.015188573757186536,0.013934075459837915,0.012914036335423588,0.011784395202994347,0.010788670973852275,0.00777146490290761,0.006715949159115553,0.005808142013847828
0459,PRight,2,0,0.08843056112527847,0.021012514922767882,0.015880313180387025,0.013538668323308242,0.011950659640133381,0.010848085954785338,0.008059576991945509,0.006004843208938838,0.003702225163578987
0459,PRight,2,1,0.04597823694348335,0.017214772626757628,0.01444583395496011,0.012180252745747567,0.01017551936209202,0.008764547528699039,0.006508793309330942,0.005351342540234327,0.004055077442899346
0459,PRight,2,2,0.029293114319443703,0.014789122808724641,0.013305907249450685,0.011709546446800233,0.010242686979472653,0.008959356928244228,0.006041875807568432,0.005146656464785337,0.004201086703687906
0459,PRight,2,3,0.020759418606758118,0.013344819378107785,0.011989154182374477,0.011028691437095403,0.0098988275974989,0.009057516884058711,0.006087990524247289,0.005071900691837073,0.0042717240285128355
0459,PRight,3,0,0.08843056112527847,0.018892625588923694,0.013976531084626917,0.011546637117862702,0.00999856423586607,0.00887670991942286,0.006490130396559838,0.004901910200715065,0.003060470917262137
0459,PRight,3,1,0.039869677275419235,0.015584247792139651,0.0129248302616179,0.010674071302637459,0.008808320052921776,0.007581140636466441,0.005416954448446632,0.004360123351216316,0.003312132554128766
0459,PRight,3,2,0.024999668821692467,0.013162478916347028,0.011694956328719855,0.010232928413897753,0.008795108720660211,0.0077097912319004525,0.005157597921788694,0.0042581048794090755,0.0034131420543417335
0459,PRight,3,3,0.017586352303624153,0.011807267870754003,0.010708746071904899,0.009573348537087441,0.008544924296438697,0.007849820284172878,0.005172818247228861,0.004211084172129631,0.0034637025091797113
0464,PRight,1,0,0.09500505775213242,0.02163127349689603,0.016842646747827535,0.014742189384996891,0.013256136327981949,0.012335493369027973,0.009666285384446385,0.007328594755381347,0.004431933397427201
0464,PRight,1,1,0.04832304269075394,0.017771423421800138,0.01488499689847231,0.012773917447775606,0.011149279400706293,0.009885880863293985,0.0076353187207132585,0.0065382058732211595,0.004990274552255869
0464,PRight,1,2,0.031900111585855484,0.015581833291798831,0.013802511692047123,0.01219898631796241,0.01089864876121283,0.009780308417975897,0.0072433149442076685,0.006303514633327723,0.005214851815253496
0464,PRight,1,3,0.02286434732377529,0.014208425469696521,0.012873031347990036,0.011677381275221705,0.010615862756967544,0.009559390274807806,0.007219696510583163,0.0062467272393405444,0.005306842504069209
0464,PRight,2,0,0.09500505775213242,0.01951627731323242,0.014466757401824001,0.012063249945640564,0.01075446516275406,0.009767895424738524,0.007270001852884889,0.005630067177116872,0.003388417884707451
0464,PRight,2,1,0.04398602992296219,0.01593451153486967,0.013459474891424192,0.011473307395353918,0.009473680891096594,0.008080407138913866,0.006064281705766917,0.005021535139530898,0.003765749395824969
0464,PRight,2,2,0.027423853054642677,0.01397373801097274,0.012211674153804782,0.010778353242203595,0.009592708535492423,0.00836066678166389,0.00578564158640802,0.004884497914463282,0.003929708153009415
0464,PRight,2,3,0.01959487982094288,0.012630888195708394,0.011278396770358086,0.010187437841668727,0.009118188470602038,0.00831143464893102,0.005813372554257516,0.004833895340561867,0.0040063445921987295
0464,PRight,3,0,0.09500505775213242,0.017583889551460744,0.012811620719730854,0.01053069085814059,0.009145948514342308,0.008208068087697029,0.006131686829030514,0.0046714222058653835,0.002857635263353586
0464,PRight,3,1,0.037700459361076355,0.014241140484809876,0.012219622395932675,0.010238782064989214,0.008294558189809327,0.007001313217915594,0.005157503951340914,0.004155727475881577,0.0031460521277040243
0464,PRight,3,2,0.022912591695785522,0.012512063812464476,0.010822282060980798,0.00955441400408745,0.008433634415268898,0.007265818794257899,0.004988507600501182,0.004082838539034128,0.0032682419987395406
0464,PRight,3,3,0.016479719430208206,0.011301501402631402,0.009921476412564518,0.008918110877275467,0.007993931211531162,0.0074313923949375655,0.004960359260439873,0.004036023560911417,0.0033333859173581004
0469,PRight,1,0,0.13089266419410706,0.024141605701297527,0.01920805744826794,0.01708672367036343,0.015573272556066515,0.014428817061707374,0.011164448782801628,0.008375025540590287,0.004992217756807804
0469,PRight,1,1,0.05614032968878746,0.018905583396553995,0.01612646169960499,0.014056338528171185,0.01238702915608883,0.01110580004751682,0.008631747402250766,0.00727460253983736,0.005567984655499458
0469,PRight,1,2,0.03640822693705559,0.01689176192507148,0.01511199600994587,0.013487962828949094,0.01183787614107132,0.010641888994723549,0.00803176984190941,0.006886609829962254,0.00573745253495872
0469,PRight,1,3,0.025841642171144485,0.015423973128199578,0.01395962877199054,0.012882674131542446,0.01183767709881068,0.010696266172453759,0.00813828678801656,0.006736064795404675,0.0057814407628029585
0469,PRight,2,0,0.09735069423913956,0.021762368809431793,0.016668781191110614,0.014196364050731066,0.012472197748720645,0.011158453300595284,0.008117574267089367,0.006077006645500661,0.0036561687011271715
0469,PRight,2,1,0.05086575448513031,0.01727685894817114,0.014375758972018957,0.012235265895724297,0.01045751247555018,0.008909236639738069,0.006708995159715414,0.005408061202615501,0.004034876357764006
0469,PRight,2,2,0.030840406194329262,0.014986463533714415,0.013232969958335162,0.011658651996403936,0.010134626999497414,0.009114625351503458,0.006310301274061203,0.005164169520139694,0.004186304518952966
0469,PRight,2,3,0.02105717733502388,0.013501628842204811,0.012086470704525709,0.01106569729745388,0.010026911757886413,0.00898012956604361,0.0064643029123544705,0.005056560505181551,0.0042505895253270864
0469,PRight,3,0,0.09735069423913956,0.020207775607705116,0.014948952887207273,0.012231848174706102,0.010399487949907782,0.00929032377898693,0.0066750543192029,0.004891948681324721,0.002998482435941696
0469,PRight,3,1,0.04808495566248894,0.015569896548986436,0.013030403964221478,0.011084793293848635,0.009207355678081518,0.007870791247114536,0.005715682916343212,0.004419649485498667,0.0032740377355366945
0469,PRight,3,2,0.029044656082987785,0.013612103555351496,0.011900596115738155,0.010335144437849523,0.008993651643395426,0.008026111125946042,0.0053763152100145825,0.004236193466931582,0.003404169110581279
0469,PRight,3,3,0.019780421629548073,0.012199118016287685,0.010838741622865201,0.009845236018300058,0.00878407895565033,0.007962727546691892,0.005565277440473439,0.004148789681494237,0.0034619017969816923
0474,PRight,1,0,0.09453470259904861,0.022725295163691046,0.018053561449050903,0.015873578004539014,0.014478266723453998,0.013366396212950347,0.010321166832000017,0.007674498483538628,0.0046220459043979645
0474,PRight,1,1,0.04815554991364479,0.018312558755278593,0.015225853957235816,0.013374259946867825,0.011640076972544194,0.010269292583689082,0.008069374598562717,0.0068089556880295285,0.0051936975214630365
0474,PRight,1,2,0.031715910881757736,0.01589731227606535,0.014228219706565145,0.012740050554275514,0.011298139393329621,0.010293440846726292,0.007537215668708087,0.00656864494085312,0.005401954287663102
0474,PRight,1,3,0.023128662258386612,0.014497336177155375,0.013032377474009992,0.01203990831039846,0.01100951910018921,0.010081087006255984,0.007448660722002387,0.006497245281934739,0.0054994309321045876
0474,PRight,2,0,0.09453470259904861,0.020510444510728126,0.015534288529306654,0.012974106939509511,0.0114908130094409,0.010350241838023055,0.007443283824250103,0.0056135645136237144,0.0034854658879339695
0474,PRight,2,1,0.045441582798957825,0.016706367414444687,0.01381726995110512,0.011969596194103361,0.009633291289210321,0.00813976377248764,0.0061615563463419685,0.005115359742194415,0.003860705764964223
0474,PRight,2,2,0.028207354247570038,0.014173636678606272,0.012703957669436935,0.011255239117890599,0.009839135110378268,0.00862843287177383,0.005773433577269316,0.004991701804101467,0.004019962623715401
0474,PRight,2,3,0.020318565890192986,0.01287550088018179,0.011468362603336573,0.010430014114826918,0.00946594499051571,0.008604145515710107,0.0057503269053995635,0.004949827026575805,0.004083460196852684
0474,PRight,3,0,0.09453470259904861,0.01840982537716627,0.013738040719181301,0.011188962850719691,0.009559296257793904,0.008433090057224034,0.006148693291470412,0.0046445725485682494,0.0029010900761932135
0474,PRight,3,1,0.03942959010601044,0.014803170971572402,0.012457494456321007,0.01048139345832169,0.008342788405716424,0.0069295494351536025,0.005176743026822806,0.0042403582483530045,0.0031802381854504347
0474,PRight,3,2,0.023737778887152672,0.01274473105557263,0.01121999815106392,0.009779906608164314,0.00857869114726782,0.007419343618676041,0.004922867612913251,0.004144776798784735,0.003295231959782541
0474,PRight,3,3,0.016928069293498993,0.011442463239654898,0.010206883866339923,0.009044134179130197,0.008221810571849347,0.007559891347773372,0.0049969306215643895,0.00409513134509325,0.0033481938298791647
0479,PRight,1,0,0.10005701333284378,0.024452474750578407,0.02032223355025053,0.018499798923730857,0.01699090011417866,0.015863097552210083,0.012553372979164125,0.009446395188570024,0.00544972438365221
0479,PRight,1,1,0.04858420789241791,0.01944436725229025,0.016801972500979902,0.015021225297823548,0.013755333088338375,0.012746543949469924,0.010160915553569797,0.008086973242461683,0.005972875747829676
0479,PRight,1,2,0.032101333141326904,0.016555299274623396,0.015116612054407598,0.013735878942534328,0.01277105133980513,0.01212605866603552,0.0097366264089942,0.007784244418144227,0.006078200181946158
0479,PRight,1,3,0.023512650281190872,0.014858344215899707,0.01379816759377718,0.012806471418589354,0.012058601714670658,0.01158429938368498,0.009667589329183103,0.007742661796510222,0.006082163657993078
0479,PRight,2,0,0.10005701333284378,0.02124619944021106,0.017283008322119722,0.014915062477812178,0.013264456465840341,0.012153746234253028,0.008862101472914219,0.006393781024962664,0.0038566659204661846
0479,PRight,2,1,0.04750436171889305,0.017388871274888515,0.014366897512227297,0.01256620698608458,0.010987746082246305,0.009925901424139716,0.007345699146389964,0.0057306718081235886,0.0042292773723602295
0479,PRight,2,2,0.029571160674095154,0.014594255974516272,0.012956103291362526,0.01162750323303044,0.010438050664961339,0.009367785137146695,0.007051941286772491,0.005478679947555066,0.004360938677564263
0479,PRight,2,3,0.021017197519540787,0.01291920442134142,0.01172782586887479,0.010743076000362634,0.009788230545818805,0.009067349974066014,0.006997807510197163,0.00545740444213152,0.004410270135849714
0479,PRight,3,0,0.10005701333284378,0.019529384449124342,0.014885543584823609,0.012629806632176043,0.011083457097411164,0.009983381163328885,0.006905678333714605,0.005068999249488115,0.0031285780714824796
0479,PRight,3,1,0.04015281796455383,0.015467714620754124,0.012867378499358895,0.010937746874988082,0.009281648956239225,0.008308012457564469,0.005970396101474762,0.00456719007343054,0.003386851865798235
0479,PRight,3,2,0.024353673681616783,0.01299441644921899,0.011443939283490183,0.010164104579016571,0.008988878950476648,0.00787609666585921,0.005693876370787621,0.004467608127743006,0.003492795745842159
0479,PRight,3,3,0.017032014206051826,0.011497964495792986,0.010393338687717916,0.009320810232311488,0.008534003719687462,0.007726948102936135,0.00563553711399436,0.004447767604142428,0.003542690072208643
0484,PRight,1,0,0.13379216194152832,0.022577479239553215,0.018174244090914726,0.01601720284670592,0.014786319062113763,0.013864061795175076,0.011292452923953533,0.008383502997457982,0.004955305950716138
0484,PRight,1,1,0.07293332368135452,0.018631784655153756,0.015431576222181321,0.014006752511486411,0.013032233603298667,0.012114320602267963,0.008562631160020834,0.007075251080095769,0.005459103034809232
0484,PRight,1,2,0.03622038662433624,0.01671862689778209,0.014831336382776502,0.013664019517600537,0.012867375425994396,0.011828813701868054,0.007949799112975598,0.006683853548020125,0.00560276466421783
0484,PRight,1,3,0.022900603711605072,0.015711656957864764,0.014113674964755773,0.013300893595442176,0.012448617219924928,0.011455942457541815,0.007908296212553982,0.006567389424890281,0.005636196117848158
0484,PRight,2,0,0.13379216194152832,0.020427497476339342,0.01576567128300667,0.013759439922869206,0.012703951373696329,0.011791105382144451,0.008367252722382547,0.006013139616698028,0.0036747190169990063
0484,PRight,2,1,0.07160815596580505,0.01688506811857224,0.014175946023315194,0.012977494755759836,0.01204866573214531,0.010742926551029083,0.006608170736581088,0.005269468016922474,0.004002770176157355
0484,PRight,2,2,0.034089360386133194,0.015186689021065835,0.01345075825229287,0.012625316698104143,0.011610278747975827,0.010478602489456524,0.006155576882883907,0.005078377947211266,0.004117593402042985
0484,PRight,2,3,0.020206913352012634,0.014281805725768211,0.012948742322623729,0.012032416798174381,0.010961179994046694,0.009897595643997191,0.006184891564771533,0.005007741320878267,0.004159742500633001
0484,PRight,3,0,0.13379216194152832,0.01884624920785427,0.014370583929121494,0.012732102777808908,0.01147851318120957,0.010304933693259948,0.0067933266516774895,0.004885091725736856,0.0030297843040898442
0484,PRight,3,1,0.06846962869167328,0.0154263302218169,0.013194809611886741,0.012311737956479192,0.01113886244595051,0.00956844617612659,0.00554635431617499,0.004312546364963055,0.0032879189820960164
0484,PRight,3,2,0.03200329840183258,0.013764357035979629,0.012505308743566276,0.011665596691891551,0.010645867213606837,0.009396270755678404,0.0052670590113848455,0.004215087648481132,0.003367473487742245
0484,PRight,3,3,0.018743278458714485,0.012992085041478278,0.012029538620263338,0.010963519159704447,0.009909654557704928,0.008925786009058355,0.005327163776382807,0.004168976936489345,0.003403199021704495
0489,PRight,1,0,0.08762568980455399,0.021191282793879513,0.01714702777564526,0.01510346398688853,0.013687562830746174,0.01254692152142524,0.009713045321404936,0.007341285143047572,0.004524921532720327
0489,PRight,1,1,0.04616068676114082,0.017604155167937282,0.014977626204490663,0.012833466660231361,0.011129480898380284,0.00982466782443225,0.007588271331042052,0.006381774321198465,0.004957225639373064
0489,PRight,1,2,0.030319010838866234,0.01556253606453538,0.013820817582309249,0.012251064898446205,0.010719560794532299,0.009605989977717392,0.007166088093072176,0.006106345169246197,0.005073062609881163
0489,PRight,1,3,0.02194531075656414,0.014021310387179256,0.012772469501942397,0.01176433817483485,0.01051607619971037,0.009470438724383707,0.007084901072084904,0.006063119042664767,0.005128471879288554
0489,PRight,2,0,0.08762568980455399,0.019155760556459428,0.015020640958100562,0.01254240209236741,0.010880373790860178,0.009826458338648071,0.007228521257638933,0.0055401320569217205,0.0034220610978081822
0489,PRight,2,1,0.04374505206942558,0.01604109762236476,0.013664963450282815,0.011223802668973803,0.009183120615780357,0.007858321303501708,0.005959147633984685,0.00489494064822793,0.003726754104718566
0489,PRight,2,2,0.027010247111320496,0.013951915446668864,0.012365567199885847,0.010763027081266047,0.009235297255218032,0.008080730400979511,0.005646725930273534,0.00471097631379962,0.003850220935419202
0489,PRight,2,3,0.019230062142014503,0.01247266786172986,0.01119438959285617,0.010213079527020455,0.009040072672069077,0.008057061629369852,0.0056129259057343004,0.004653204046189786,0.0038766346406191587
0489,PRight,3,0,0.08762568980455399,0.017802790217101575,0.01348042599856854,0.010829238174483183,0.0092036022990942,0.008201822545379382,0.006055712746456266,0.004620690923184158,0.002829992910847068
0489,PRight,3,1,0.03864434361457825,0.014483950175344946,0.012259402088820936,0.010001714322716003,0.008065803870558743,0.006919588544405994,0.005088501190766693,0.004060426820069551,0.0030847640009596944
0489,PRight,3,2,0.02330402098596096,0.012634521536529065,0.011131654530763625,0.009492011638358238,0.00811759851872921,0.007227878808043882,0.004857401270419362,0.003936693537980318,0.003175313235260546
0489,PRight,3,3,0.01644219644367695,0.011248382544144989,0.009988222718238831,0.008969537913799286,0.007926462180912497,0.007182984496466812,0.00488907787948847,0.003858154965564609,0.0032077491050586104
0494,PRight,1,0,0.09174373000860214,0.022465711534023294,0.01849590487778187,0.01723629981279373,0.016325216740369797,0.015129207959398623,0.011289415974169973,0.008223425783216956,0.004755682544782758
0494,PRight,1,1,0.0433751717209816,0.018878020513802767,0.017210171259939674,0.016155069302767517,0.014326613545417788,0.012446836056187746,0.008567335829138756,0.007022942509502174,0.005344523349776864
0494,PRight,1,2,0.031091727316379547,0.017641198430210354,0.016684979125857355,0.015319168586283924,0.01379083376377821,0.011962571367621414,0.007792550558224322,0.006733609363436701,0.005562635371461511
0494,PRight,1,3,0.023719219490885735,0.017206696067005398,0.015898339711129666,0.014387500425800682,0.013098687492311,0.0117316666059196,0.007672062143683437,0.006609002873301507,0.00565589196048677
0494,PRight,2,0,0.08227745443582535,0.02066999487578869,0.017183645032346248,0.016148287802934647,0.014193320684134961,0.012667573057115068,0.008323435299098495,0.005926192551851274,0.003550479654222727
0494,PRight,2,1,0.03652290254831314,0.017339040003716947,0.01633524227887392,0.01477387153543532,0.012817746475338936,0.010721942503005238,0.0066606523934751765,0.00523870037868619,0.003926459699869156
0494,PRight,2,2,0.025910599157214165,0.016675821859389543,0.01545981889590621,0.01373040791600943,0.012127513997256758,0.010257662227377286,0.006129414774477482,0.005087103415280581,0.004095474723726511
0494,PRight,2,3,0.020250672474503517,0.016496638022363185,0.014464219715446234,0.012634415198117494,0.011230666041374208,0.0100142250303179,0.006058963108807804,0.005035026278346778,0.004181908676400781
0494,PRight,3,0,0.08227745443582535,0.019020538590848454,0.01642333302646876,0.014820052310824394,0.013204459659755235,0.011107988981530054,0.006745105236768723,0.004867718648165464,0.0029290769016370177
0494,PRight,3,1,0.031655289232730865,0.016690833903849126,0.01546183191239834,0.013831271911039951,0.011778647154569626,0.009754993766546212,0.005644590500742197,0.004297015629708767,0.0032265979098156095
0494,PRight,3,2,0.02199246734380722,0.016205092314630746,0.014362248461693526,0.012588103162124754,0.010994213595986369,0.009269935358315698,0.005285147204995156,0.004194708075374366,0.003356245462782681
0494,PRight,3,3,0.01786957122385502,0.015894731376320127,0.013190867081284523,0.01141022806055844,0.01021334107965231,0.009048293763771616,0.005197263741865754,0.004166741017252207,0.0034166949335485697
0499,PRight,1,0,0.08941080421209335,0.021708666644990444,0.01745729837566614,0.015305590433999896,0.014056773483753204,0.013067830447107544,0.010095107182860379,0.007694215234369041,0.004674489609897137
0499,PRight,1,1,0.04778024181723595,0.01792795779183507,0.01502811810001731,0.01274076770991087,0.011040765792131424,0.009866714151576158,0.007868330366909504,0.006676251348108053,0.0051829784642905
0499,PRight,1,2,0.03085276298224926,0.015750943627208473,0.013885239697992803,0.012281670570373538,0.010786534436047077,0.009744537016376825,0.0072955928277224314,0.006368916388601065,0.005325059639289975
0499,PRight,1,3,0.022267501801252365,0.014257998261600733,0.012761673834174871,0.011708303689956666,0.010588340535759926,0.009572437871247518,0.007148522045463324,0.006269729696214199,0.005412380211055279
0499,PRight,2,0,0.08941080421209335,0.019645025432109837,0.015114429406821728,0.012898178258910778,0.011222086660563946,0.01006636116653679,0.0074907720554620045,0.005664987117052079,0.003487593261525035
0499,PRight,2,1,0.04570452496409416,0.016187206748873,0.013526235707104206,0.01139429932460189,0.009415349476039411,0.008132284320890895,0.006106403842568398,0.0050705658271908765,0.0038404857041314244
0499,PRight,2,2,0.027818668633699417,0.014052274394780398,0.012359886653721333,0.010868542697280647,0.009430538229644302,0.008253294182941316,0.00574059789068997,0.004933606460690499,0.003977403277531266
0499,PRight,2,3,0.019723238423466682,0.012660369677469136,0.011258619576692582,0.010239199735224249,0.009111997298896316,0.0082079263869673,0.0056686931755393745,0.004881788138300181,0.0040305801667273045
0499,PRight,3,0,0.08941080421209335,0.017843042537570002,0.013567661494016656,0.011139672501012686,0.009526260755956174,0.008394700195640325,0.006132325669750577,0.0046465834602713585,0.002910892479121685
0499,PRight,3,1,0.039516013115644455,0.014521219395101074,0.012128256000578406,0.01016690157353879,0.008247298114001753,0.007036321633495389,0.005146007426083088,0.0041826406493783,0.003161102533340454
0499,PRight,3,2,0.02369266003370285,0.01261754776351154,0.01093278469517827,0.009500616146251561,0.008415671661496163,0.007248164806514969,0.004922962700948119,0.004109508078545332,0.0032739427406340837
0499,PRight,3,3,0.0166904479265213,0.01130097595974803,0.009935129713267089,0.008979743476957083,0.007936601340770726,0.007384590129368003,0.004927247297018767,0.004047353379428388,0.0033231087727472186
0504,PRight,1,0,0.18977491557598114,0.02371581375598908,0.018589272014796734,0.01625304834917188,0.014798464104533195,0.01389653622172772,0.01094744484871626,0.008322253078222276,0.0050175238866358995
0504,PRight,1,1,0.08989197015762329,0.019681279994547368,0.015916323773562908,0.013545854249969127,0.01190303534269333,0.010772951692342757,0.00847801072522998,0.007103103958070279,0.005533057264983654
0504,PRight,1,2,0.04579989239573479,0.016423194743692877,0.01446930641308427,0.013138410476967694,0.011712685339152814,0.010544903995469207,0.007908919639885426,0.006725998781621456,0.005678409012034535
0504,PRight,1,3,0.02913799323141575,0.014778144555166364,0.013377654198557139,0.012290159957483414,0.011300336234271529,0.010387877188622944,0.007827733922749758,0.006602651719003916,0.005729593802243471
0504,PRight,2,0,0.18977491557598114,0.020919946618378166,0.015811530202627183,0.013441275078803301,0.011818005293607712,0.010668456926941851,0.007863239198923112,0.005926481541246178,0.0036170940147712827
0504,PRight,2,1,0.08319427073001862,0.01752306818962097,0.014197102542966605,0.012024513613432646,0.01001664899289608,0.00866226982325315,0.006413682876154781,0.005253132898360492,0.00397895323112607
0504,PRight,2,2,0.040185507386922836,0.014565215092152358,0.012852592188864947,0.01155683574266732,0.010185447037220003,0.008878245251253246,0.005967174656689168,0.0050666556693613534,0.004109299508854747
0504,PRight,2,3,0.024656642228364944,0.012945970445871355,0.01166611831635237,0.010629307115450503,0.009682068973779684,0.00884250458329916,0.005952810635790229,0.004986719880253077,0.00418320088647306
0504,PRight,3,0,0.18977491557598114,0.019276225939393047,0.014042228423058991,0.011420629108324648,0.009843110702931882,0.008805710822343826,0.00639289119280875,0.0047917962074279785,0.002973847324028611
0504,PRight,3,1,0.0806719958782196,0.015258470755070449,0.012617983706295494,0.010682123638689518,0.008680959157645702,0.007517141290009012,0.005365229491144419,0.004296036809682846,0.003241199185140431
0504,PRight,3,2,0.037816546857357025,0.012768927104771137,0.011274846810847524,0.010064735598862172,0.008818474113941197,0.0077101070201024404,0.005084954900667073,0.004207481164485217,0.0033458800753578544
0504,PRight,3,3,0.022957952693104744,0.011340789888054132,0.010121864657849073,0.009254915211349727,0.008433013372123243,0.007665813807398079,0.00507100452668965,0.004158387705683708,0.0034100478515028954
0509,PRight,1,0,0.08165282756090164,0.022485039066523313,0.01837905157357455,0.016372750047594312,0.014885451458394528,0.013811673969030372,0.010813628882169725,0.008196634240448475,0.004969551227986813
0509,PRight,1,1,0.04545564576983452,0.017742747161537408,0.01527517778798938,0.01316493285819888,0.011701039001345637,0.010586388735100625,0.008364018797874451,0.007037109229713679,0.005493705160915852
0509,PRight,1,2,0.02996358461678028,0.01583578372374177,0.01432869764044881,0.012549018412828445,0.01094283435493708,0.009954444691538805,0.00766925746574998,0.006742708571255207,0.005615382920950651
0509,PRight,1,3,0.02172662504017353,0.014440488116815687,0.013135896343737843,0.01211035592481494,0.010928301475942136,0.009803314181044697,0.007485710456967354,0.006623553764075042,0.0056407025549560785
0509,PRight,2,0,0.08165282756090164,0.02005570709705353,0.01580645151436329,0.01357655379921198,0.011792257204651832,0.010729278717190023,0.00792146995663643,0.005940608959645034,0.0036305709509178996
0509,PRight,2,1,0.043683458119630814,0.016151130963116885,0.013728947322815656,0.011392625002190482,0.009670585021376611,0.008456656662747255,0.006495407223701477,0.005297335609793664,0.003974141785874963
0509,PRight,2,2,0.027216602116823196,0.014158951733261347,0.01275826508179307,0.010835740705952052,0.00937109846621752,0.008239943766966453,0.005959473736584187,0.005146408360451461,0.004099906422197819
0509,PRight,2,3,0.019269714131951332,0.012811577767133714,0.011488884445279837,0.01048817883245647,0.00931623723357916,0.008260430907830595,0.005898264748975634,0.005057685915380717,0.004160421434789896
0509,PRight,3,0,0.08165282756090164,0.017934397608041764,0.014011172577738762,0.011446587014943364,0.010076818168163302,0.009075024258345362,0.00646226559765637,0.004846546147018672,0.0030080855358392
0509,PRight,3,1,0.037929367274045944,0.014621245339512827,0.012097938600927593,0.010141069535166027,0.008539153002202511,0.007435912801884101,0.005463102692738176,0.004363245330750943,0.003254619659855962
0509,PRight,3,2,0.023136526346206665,0.012768264012411237,0.01121887128800154,0.009573380211368204,0.008278221115469933,0.007268317858688533,0.0051880529150366795,0.004238176904618741,0.0033482532016932964
0509,PRight,3,3,0.016283737495541573,0.011445903824642301,0.010198525078594685,0.009173481827601792,0.008019165955483914,0.007389476196840392,0.005180826038122181,0.00418809438124299,0.0033884247532114387
0514,PRight,1,0,0.08813071250915527,0.021601929981261498,0.016971319057047365,0.015063003106042742,0.013724606595933438,0.012714088289067145,0.009918996877968312,0.0076304170303046715,0.0046282000839710236
0514,PRight,1,1,0.04430582746863365,0.01749687673524022,0.014549154583364726,0.01253735287114978,0.010953393094241622,0.0097549257799983,0.0077940343879163276,0.006640297640115023,0.00510726822540164
0514,PRight,1,2,0.029818860813975334,0.015371250538155438,0.01373198451474309,0.012054679598659277,0.010445504523813726,0.009398337267339223,0.007257945276796819,0.006323914043605328,0.005266985157504678
0514,PRight,1,3,0.021804312244057655,0.014010512130334975,0.01272194791585207,0.0115912913531065,0.010504737384617331,0.009341209847480053,0.007140731532126669,0.006206211354583502,0.005323328776285052
0514,PRight,2,0,0.08813071250915527,0.019280307460576296,0.01492931105196477,0.012559351203963167,0.01093749862164259,0.009903206117451189,0.007482834300026298,0.005696647800505161,0.003468020469881594
0514,PRight,2,1,0.0410006158053875,0.015924486815929412,0.013303117267787459,0.011153667829930788,0.00932794488966465,0.008113155933096985,0.006188851734623315,0.005012043192982674,0.0037968106335029006
0514,PRight,2,2,0.026291776448488235,0.01388147911988199,0.012293342631310227,0.010513964937999845,0.00925549022853375,0.008121216204017383,0.005708232708275318,0.0048638744279742244,0.003930381266400218
0514,PRight,2,3,0.018916422501206398,0.012573625780642033,0.01125555470585823,0.010087205236777669,0.009017963707447053,0.008052234631031741,0.005636470625177026,0.004780133627355099,0.003983023343607783
0514,PRight,3,0,0.08813071250915527,0.0171803455427289,0.012988107744604351,0.010707689272239805,0.00940569415688515,0.00838489290326833,0.006314602680504322,0.004663445055484772,0.0028824498876929283
0514,PRight,3,1,0.03615795820951462,0.014322771895676854,0.012018319629132747,0.010099306954070927,0.008223663084208965,0.007281893747858702,0.005189447803422811,0.0041333759203553205,0.003131561796180904
0514,PRight,3,2,0.022241847589612007,0.012592349695041775,0.011049202755093575,0.009402932850643992,0.008203312493860724,0.007345488527789711,0.004918133094906807,0.004048104677349329,0.0032292427495121956
0514,PRight,3,3,0.016014747321605682,0.011350423311814668,0.010063351448625328,0.00892945463769138,0.007933757640421391,0.007307549472898244,0.004895031778141857,0.004005034640431404,0.003273197333328426
0519,PRight,1,0,0.08253216743469238,0.021508874334394933,0.017132039070129394,0.015327104097232225,0.014192641824483872,0.013165837153792381,0.010273073706775904,0.007810230832546949,0.004764528712257743
0519,PRight,1,1,0.04719438776373863,0.017404683846980334,0.014467539004981518,0.012461405526846648,0.011021668352186681,0.009978492185473423,0.008007578924298287,0.006762617267668249,0.005258844001218677
0519,PRight,1,2,0.031169049441814423,0.015105131966993212,0.013468029424548151,0.011860652202740313,0.01039421617984772,0.009322190564125773,0.007359003787860275,0.006497560907155276,0.005418015876784921
0519,PRight,1,3,0.022601908072829247,0.013790955198928714,0.01232964588329196,0.011274244245141745,0.010244031809270384,0.009201854281127436,0.007117045903578402,0.006382025219500065,0.005478474777191877
0519,PRight,2,0,0.08253216743469238,0.01879459699615836,0.01497221140190959,0.012538879895582796,0.011135143414139752,0.01022499441169202,0.007576588913798334,0.0056837131269276185,0.003567585605196655
0519,PRight,2,1,0.045313648879528046,0.015709157194942244,0.013141751028597356,0.010846618292853237,0.008993308059871198,0.007888850523158903,0.006143283192068339,0.005093200318515301,0.0038969810120761395
0519,PRight,2,2,0.0282432921230793,0.013567447746172549,0.012026645839214326,0.01031983513385058,0.00879682306200266,0.007792952982708811,0.00567445014603436,0.004952818155288696,0.004019529093056917
0519,PRight,2,3,0.019975824281573296,0.012311091348528863,0.010868529267609122,0.00981880208477378,0.008788223229348661,0.007724236836656927,0.005555402161553503,0.004870636202394963,0.004067762987688184
0519,PRight,3,0,0.08253216743469238,0.017322836443781853,0.012911906465888023,0.01074898386374116,0.009488622657954693,0.008374963654205201,0.006149202957749367,0.0046741049736738205,0.0029407625552266836
0519,PRight,3,1,0.03859350457787514,0.014066970106214285,0.011831840723752977,0.009671276742592457,0.007894053012132645,0.006870377063751218,0.005142584163695574,0.004214616492390633,0.0032009423011913896
0519,PRight,3,2,0.023773156106472015,0.012178988317027689,0.010627507697790861,0.009034147337079053,0.007922397851943973,0.006846904382109622,0.004887001123279333,0.004140738770365715,0.0033001629635691643
0519,PRight,3,3,0.01669759675860405,0.011000268431380392,0.009646656289696694,0.008604828240349893,0.00762034319341183,0.006860284321010107,0.004828532924875617,0.004070577397942543,0.0033387207658961415
0524,PRight,1,0,0.10272996127605438,0.022227924317121506,0.017452070750296117,0.015430392902344468,0.014142869375646116,0.01310947421006857,0.010186553280800589,0.0077056708745658455,0.0047178256791085005
0524,PRight,1,1,0.05821518227458,0.018158669080585242,0.015105225425213578,0.013179161325097085,0.01156181298196316,0.010229345830157369,0.007938999589532616,0.006696259044110776,0.005213738419115543
0524,PRight,1,2,0.03109179623425007,0.01593179462477565,0.014013048037886621,0.012664695214480163,0.011206611096858981,0.010001165699213738,0.007445179345086218,0.00642522405833006,0.005344219971448183
0524,PRight,1,3,0.022677211090922356,0.014381443606689574,0.013047875221818687,0.011949864709749819,0.010899585634469987,0.0099552737083286,0.007418620213866236,0.006359304208308459,0.005413565784692764
0524,PRight,2,0,0.10272996127605438,0.01977496447041631,0.014998286962509155,0.012718187738209976,0.01135690495371819,0.010224305698648089,0.007508198311552414,0.005771603900939226,0.003535111667588353
0524,PRight,2,1,0.05616721510887146,0.016474680807441473,0.01367051949724555,0.011844080863520514,0.009598647691309456,0.00833851206116377,0.006224712310358882,0.005121970083564521,0.0038691035006195307
0524,PRight,2,2,0.027352407574653625,0.014299615444615483,0.012536389976739884,0.011144859977066525,0.009721677377820016,0.00858777216635644,0.0058961912989616404,0.004954690486192704,0.003993188962340355
0524,PRight,2,3,0.019479403272271156,0.012798544531688095,0.011405724007636309,0.01035239964723587,0.009416123479604728,0.008562498679384571,0.00599038875661791,0.004891395475715399,0.004045925103127956
0524,PRight,3,0,0.10272996127605438,0.01818179525434971,0.013372234646230939,0.011116358302533626,0.009507664032280445,0.00841968646273014,0.006229802081361413,0.004765048157423735,0.002948675537481904
0524,PRight,3,1,0.05223247408866882,0.014821903724223377,0.012384862061589957,0.010563169987872245,0.008689424358308327,0.0072730618296191095,0.005282621644437313,0.00421425560489297,0.0031872421968728304
0524,PRight,3,2,0.025179779157042503,0.012729828841984273,0.011253910567611457,0.009844032414257527,0.008560045883059503,0.007539489306509491,0.005054651014506819,0.004113457817584276,0.003298077848739922
0524,PRight,3,3,0.016210727393627167,0.011418062001466752,0.01005854941904545,0.009114828826859597,0.008301161192357541,0.007533909007906914,0.005100220441818237,0.00406431769952178,0.003343093325383961
0529,PRight,1,0,0.0836828276515007,0.02303640745580197,0.018555383831262588,0.016304253935813914,0.014664327986538413,0.013672249112278214,0.010607467032968998,0.008028912730515005,0.00467667868360877
0529,PRight,1,1,0.044884420931339264,0.018104425687342884,0.015554358754307036,0.013594388309866192,0.011763444580137733,0.010649709589779371,0.008419074676930906,0.0070397925563156615,0.005298512754961848
0529,PRight,1,2,0.03004712611436844,0.016367354206740858,0.014686388317495585,0.013023055652156477,0.011384887173771858,0.010266001522541044,0.00791630716994405,0.006747021805495025,0.00549718365073204
0529,PRight,1,3,0.021883761510252953,0.014981486899778247,0.013515459317713975,0.012527273269370198,0.011359729506075382,0.01025918456725776,0.007901251409202815,0.006655335333198309,0.005580399418249726
0529,PRight,2,0,0.0836828276515007,0.020064118690788755,0.0159260543435812,0.01346815140917898,0.011986441910266876,0.010836855415254826,0.00797488233074546,0.005885562486946584,0.0034598002675920725
0529,PRight,2,1,0.04295260086655617,0.016478013396263123,0.014014484491199259,0.011795905586332084,0.01002468679100275,0.008720746077597133,0.006657091528177261,0.005287432577461009,0.0038989742752164602
0529,PRight,2,2,0.027194200083613396,0.014770085802301765,0.012971437349915505,0.011281148418784142,0.009704550355672838,0.008754142839461564,0.0061705060303211216,0.005097102932631969,0.0040613580495119095
0529,PRight,2,3,0.01937389373779297,0.013341229986399413,0.01184335893020034,0.010899953525513411,0.009729271717369557,0.008690224355086679,0.006170567031949759,0.005013620108366013,0.004131932044401765
0529,PRight,3,0,0.0836828276515007,0.018770849332213402,0.014030116572976117,0.011753610437735918,0.010033970102667811,0.009112776815891243,0.0065701511222869165,0.0047855437733232975,0.0028863789048045874
0529,PRight,3,1,0.03792644292116165,0.014926035068929196,0.01257725026458502,0.010545240109786398,0.008819766975939275,0.007808751077391202,0.005593411903828383,0.004300965741276741,0.0031771946232765913
0529,PRight,3,2,0.023530269041657448,0.013388774003833533,0.011582657769322399,0.009974937839433554,0.008677413873374463,0.007912030629813665,0.005209664162248378,0.004177688341587782,0.0033042890718206763
0529,PRight,3,3,0.016677871346473694,0.011992283910512925,0.010620939824730159,0.009592610625550151,0.008511110022664073,0.007840046659111977,0.005294759990647435,0.004112942796200514,0.0033745585242286325
0534,PRight,1,0,0.09643439948558807,0.021596022266894582,0.017143378704786303,0.014959137281402947,0.013545677363872534,0.012495964765548687,0.00974920215085149,0.007484895829111343,0.004478705348446965
0534,PRight,1,1,0.046742603182792664,0.01790237791836262,0.0149602759629488,0.013162902416661383,0.011360119208693505,0.010010420344769955,0.0077853340189904,0.0066134494729340075,0.005019550211727619
0534,PRight,1,2,0.031139492988586426,0.015695778150111438,0.013978570606559519,0.0125396634452045,0.011132657751441002,0.010015722643584012,0.00741450320929289,0.006349630095064641,0.005232124589383602
0534,PRight,1,3,0.022521307691931725,0.01439631081186235,0.012971862200647593,0.011902330098673702,0.010854657292366027,0.00987582243978976,0.007417221274226907,0.006278822384774685,0.005318598123267293
0534,PRight,2,0,0.09643439948558807,0.019341523200273516,0.01474319864064455,0.012277266532182701,0.010741435252130033,0.009865780640393495,0.007470700424164534,0.005646846257150173,0.003443862544372678
0534,PRight,2,1,0.04337046295404434,0.016302542127668858,0.013617119453847408,0.011747383754700422,0.009556223861873152,0.008250015368685096,0.006196176586672664,0.005039606057107448,0.00379467592574656
0534,PRight,2,2,0.027423445135354996,0.01418458172120154,0.01249972628429532,0.011060092672705656,0.009787015169858937,0.008559634257107972,0.005818054825067523,0.004907309915870429,0.003946399549022317
0534,PRight,2,3,0.019617825746536255,0.012931893505156042,0.011445998325943951,0.010449966425076127,0.00935722690075636,0.008574147056788203,0.005900724558159709,0.004866357799619438,0.004023827146738768
0534,PRight,3,0,0.09643439948558807,0.017825044300407187,0.012864385768771174,0.010573575124144557,0.009099660255014899,0.008253027033060788,0.006259081792086363,0.0046889159828424455,0.0028954584849998355
0534,PRight,3,1,0.037921007722616196,0.014633865617215636,0.012459762338548898,0.010545199103653431,0.008489027060568335,0.007328137289732675,0.0051844643894582996,0.004176277574151756,0.0031535888556391
0534,PRight,3,2,0.022902844473719597,0.012687617735937242,0.011105856988579035,0.009752051122486591,0.008713925369083882,0.0076728002168238085,0.004965868685394526,0.004094890505075455,0.003256447147578001
0534,PRight,3,3,0.016467439010739326,0.011537963142618537,0.010158846545964481,0.009166696444153789,0.008264860622584821,0.007728465506806954,0.0050037540029734375,0.00406102193519473,0.0033135272096842527
0539,PRight,1,0,0.09627712517976761,0.022191425766795878,0.01743410166352988,0.015527640907093883,0.01406017929315567,0.012962932419031853,0.010130538512021307,0.007790900766849518,0.004631420131772757
0539,PRight,1,1,0.04769367724657059,0.01842333795502782,0.015610162280499936,0.013291459437459711,0.011543333232402801,0.010378870787099,0.008059320319443942,0.00680244928225875,0.00517620868049562
0539,PRight,1,2,0.03138653561472893,0.016305506974458695,0.014298205599188806,0.01276892467401922,0.011420479081571105,0.010247238120064136,0.00757366931065917,0.006557620596140623,0.005370761500671506
0539,PRight,1,3,0.023124177008867264,0.014771948540583254,0.013386832736432553,0.01210782603360713,0.010997571162879468,0.010242959717288612,0.0074671980459243064,0.006457506120204926,0.00547722983174026
0539,PRight,2,0,0.09627712517976761,0.019757363479584455,0.015329203568398966,0.012728705052286387,0.011200428009033203,0.01015753187239169,0.007717219181358815,0.005797815322875981,0.00353562377858907
0539,PRight,2,1,0.04365399479866028,0.016645884048193692,0.013895978908985855,0.011802663123235108,0.009884428195655347,0.008731241850182408,0.00627619894221425,0.005137715116143228,0.0038754090201109648
0539,PRight,2,2,0.02696572244167328,0.01439992208965123,0.012659641783684493,0.01117438713088632,0.009952096715569498,0.009024502802640177,0.005913561908528209,0.005005236715078354,0.004016089020296931
0539,PRight,2,3,0.01974870264530182,0.013075719270855189,0.011693345177918674,0.010498094437643886,0.009582374058663846,0.008895839238539337,0.005938667757436635,0.004949670098721982,0.004086669068783522
0539,PRight,3,0,0.09627712517976761,0.018873879518359903,0.013425933197140694,0.01103762624785304,0.009540416263043885,0.008602515794336796,0.006423483602702618,0.004776274785399437,0.0029520555399358273
0539,PRight,3,1,0.03817777708172798,0.01511143209412694,0.01259852545335889,0.010520345875993372,0.008835222944617275,0.007832453167065974,0.005274856742471456,0.004236514959484339,0.0032151099294424057
0539,PRight,3,2,0.02295909821987152,0.013136749574914576,0.011391706764698029,0.010059485966339708,0.00886765755712986,0.00805411767214536,0.005063296761363748,0.004152498859912157,0.003313315683044493
0539,PRight,3,3,0.016829652711749077,0.011775800455361606,0.010420810990035535,0.009327518111094835,0.008633130975067616,0.008059160411357878,0.005084257246926427,0.004107846133410932,0.003353168722242117
0544,PRight,1,0,0.08482881635427475,0.024056600816547872,0.01906325936317444,0.01672561684623361,0.014970442578196528,0.013896289281547066,0.010786219965666534,0.008087349124252796,0.004793738946318626
0544,PRight,1,1,0.04868355393409729,0.019146450180560354,0.016335659064352515,0.014233620241284375,0.012443449124693874,0.01100667831487953,0.008531806524842981,0.007070558518171311,0.005404675612226129
0544,PRight,1,2,0.031477801501750946,0.016934205889701844,0.015268316715955736,0.013589131534099581,0.01217232465744019,0.010892630182206627,0.008015255071222784,0.006754114665091038,0.005621266318485141
0544,PRight,1,3,0.022742604836821556,0.01543026407249272,0.014075978174805642,0.012978312792256476,0.011928215138614178,0.010846864618360994,0.008020036760717643,0.006638030428439379,0.005710580386221409
0544,PRight,2,0,0.08381998538970947,0.021198048628866675,0.016523461788892746,0.013819280453026299,0.012206670753657823,0.010921523440629228,0.008015837799757725,0.005906994733959438,0.0035613146610558033
0544,PRight,2,1,0.04785332456231117,0.01709816245362163,0.014507399853318932,0.012387368660420181,0.010455998331308374,0.009115795372053977,0.0065912858117371815,0.00534117603674531,0.003968806704506278
0544,PRight,2,2,0.028114747256040573,0.014894267423078419,0.013471017796546221,0.011845772648230196,0.010434998348355293,0.009188852179795478,0.0062631678767502315,0.005155106913298369,0.004152730572968721
0544,PRight,2,3,0.019875720143318176,0.013456943631172181,0.012205228786915542,0.011193724647164347,0.01010805230587721,0.009196278173476458,0.006411043507978321,0.005097434390336276,0.0042173953261226416
0544,PRight,3,0,0.08341080695390701,0.01996255649253726,0.014817827418446542,0.012058066045865417,0.010374351628124714,0.009239754686132065,0.006448418740183116,0.004856454581022264,0.0029404895612969995
0544,PRight,3,1,0.04019540548324585,0.015550612723454834,0.01304717859253288,0.011131217600777746,0.009136448167264463,0.007935004634782668,0.005621934216469527,0.004367284942418337,0.003233994240872562
0544,PRight,3,2,0.02375596947968006,0.013493828922510148,0.012099650707095863,0.010487386081367732,0.009124961346387864,0.008043697895482172,0.005424015689641237,0.004244693275541067,0.0033628034871071577
0544,PRight,3,3,0.016783718019723892,0.012048325873911381,0.010887766275554895,0.009885854935273528,0.008778537027537824,0.008001493057236063,0.005588272260501982,0.004210562352091074,0.003432850819081068
0549,PRight,1,0,0.09905197471380234,0.02289911922067404,0.018587170802056793,0.016246102023869755,0.01480397514998913,0.013786880532279604,0.010928641539067032,0.00833560135215521,0.004870535805821419
0549,PRight,1,1,0.04725700244307518,0.01887088302522898,0.016111799031496052,0.013979697450995447,0.012162907384336,0.011122632538899772,0.00868982207030058,0.007139431498944761,0.005423330469056964
0549,PRight,1,2,0.02931160293519497,0.01665918501093984,0.015118935611099006,0.013598446864634753,0.01205350678414107,0.011036383872851723,0.007970377523452045,0.006759192980825902,0.005595378810539842
0549,PRight,1,3,0.021508293226361275,0.015278822109103203,0.013979751449078322,0.01306217628531158,0.011949703544378281,0.01100742323324084,0.007993799541145565,0.006658724509179593,0.00564527022652328
0549,PRight,2,0,0.09905197471380234,0.020724272727966314,0.01613443583250046,0.01369556039571762,0.012000305317342284,0.01109566837549209,0.008406274951994419,0.006042225193232301,0.003588297520764172
0549,PRight,2,1,0.04562251642346382,0.017033847235143187,0.014411499705165627,0.01237440748140216,0.010834682546555997,0.00999412005767226,0.0067240244243294,0.005303788278251886,0.003978095715865493
0549,PRight,2,2,0.02682357095181942,0.014962665624916554,0.013338203821331265,0.011861798195168378,0.010700261481106282,0.010013920161873099,0.00622902219183743,0.005107778310775757,0.00410810112953186
0549,PRight,2,3,0.01887904852628708,0.013615375263616444,0.012249115649610759,0.01136859660036862,0.010564179681241513,0.00984496152959764,0.006269392883405091,0.0050588539801538,0.0041731358505785465
0549,PRight,3,0,0.09905197471380234,0.01900317084044218,0.0144159690849483,0.011898095719516277,0.010726945437490943,0.009877359494566917,0.006897018756717445,0.004901197738945484,0.0029890136793255806
0549,PRight,3,1,0.045219529420137405,0.015621945234015585,0.013178048226982356,0.011164457639679314,0.009985955506563187,0.009078983915969726,0.005647653806954623,0.004343391302973033,0.003254365874454379
0549,PRight,3,2,0.025318510830402374,0.013759038131684064,0.012193608973175288,0.010683772442862392,0.009880302213132382,0.009179804287850816,0.005332247400656343,0.004235306475311518,0.0033531265798956156
0549,PRight,3,3,0.016992079094052315,0.012417264198884368,0.011019804850220681,0.010240688985213638,0.009772926047444345,0.00893705124035477,0.00539983049966395,0.004191247560083867,0.0034036916913464665
0554,PRight,1,0,0.09266786277294159,0.021868476010859016,0.017529122792184354,0.015354601060971617,0.013981112390756617,0.013010012870654458,0.010133029893040657,0.007713434658944608,0.004624529974535108
0554,PRight,1,1,0.046652913093566895,0.017864503301680087,0.014920630399137736,0.012880201991647487,0.011052314825356006,0.009911511652171611,0.007921008579432965,0.006711625214666128,0.005138341104611754
0554,PRight,1,2,0.030836790800094604,0.015990045871585607,0.014036750830709935,0.012287455815821895,0.010753393657505514,0.009589211083948598,0.007465026946738363,0.006399941351264715,0.005306229926645756
0554,PRight,1,3,0.022477276623249054,0.01451851815916598,0.013007620610296727,0.011832799473777413,0.010701339393854143,0.009564748127013443,0.007302689272910358,0.006308890227228404,0.0053847068920731544
0554,PRight,2,0,0.09266786277294159,0.019479095190763476,0.015364817604422574,0.012874529631808403,0.011280163377523423,0.010179615905508387,0.007605599705129862,0.005692981369793416,0.003461351851001382
0554,PRight,2,1,0.04055676609277725,0.016028673499822618,0.013633384499698878,0.011458604289218785,0.009526397623121739,0.00826774784363806,0.006212296755984426,0.005076948646456004,0.0038359026657417417
0554,PRight,2,2,0.025867687538266182,0.014263178873807191,0.012486266829073429,0.010810931073501706,0.00948522258549929,0.008542117010802026,0.00575504256412387,0.0048901975154876706,0.00396787584759295
0554,PRight,2,3,0.018992269411683083,0.012804322708398104,0.011480135619640352,0.010320869013667107,0.009298204146325593,0.008385148411616672,0.005738052073866129,0.004794631712138653,0.004024809692054987
0554,PRight,3,0,0.09266786277294159,0.018133317753672603,0.013743714373558761,0.011069367164745934,0.009605073370039465,0.008581896871328345,0.006378270499408247,0.00467794742435217,0.0028649899177253246
0554,PRight,3,1,0.035713981837034225,0.014516410203650593,0.01245194721966982,0.01032073243521154,0.00856115344911814,0.007503475039266046,0.00523647745139897,0.004197497200220824,0.003155270707793534
0554,PRight,3,2,0.021794727072119713,0.012824336150661112,0.011163935251533984,0.009579626163467764,0.008457489386200907,0.00770928852725774,0.004902874864637852,0.004065883904695511,0.003268091706559062
0554,PRight,3,3,0.015991583466529846,0.011528750099241735,0.010173405259847642,0.009130873139947654,0.008266909494996073,0.007601673738099634,0.004940814198926091,0.003994672559201718,0.003325887257233262
0559,PRight,1,0,0.0878218337893486,0.022772768903523685,0.017882460542023186,0.015739632938057187,0.014292493872344495,0.013234549527987829,0.010288305487483744,0.007731778826564553,0.004649207461625338
0559,PRight,1,1,0.044386524707078934,0.017944496888667345,0.015227962881326676,0.013301381124183536,0.011568921506404877,0.010041573224589224,0.00794940274208784,0.006756672170013189,0.005250359419733286
0559,PRight,1,2,0.02919227071106434,0.01600835092365742,0.014161875192075969,0.012503928327932958,0.011081883423030379,0.010010056523606177,0.007432726165279746,0.006469938810914755,0.005409367149695754
0559,PRight,1,3,0.021548477932810783,0.014553910158574582,0.013088058363646269,0.012017368357628585,0.010894308276474475,0.009873431688174604,0.007355442689731718,0.006384017039090395,0.005476364400237799
0559,PRight,2,0,0.0878218337893486,0.02036184458062053,0.015636909753084183,0.012905872808769349,0.011386732906103135,0.010298060905188318,0.007547513442113997,0.005794791970402003,0.0034706571605056524
0559,PRight,2,1,0.04231397062540054,0.01645253721624613,0.013883404806256295,0.011732133468613034,0.009662829674780372,0.0081324880477041,0.00620076833292842,0.005122619681060314,0.0038748743245378137
0559,PRight,2,2,0.02608160488307476,0.01443460687994957,0.012720878086984157,0.01104243559762836,0.009645357467234135,0.008577024610713123,0.0058565441984683286,0.004964130651205778,0.0040166801773011684
0559,PRight,2,3,0.018879873678088188,0.01301250595599413,0.01147708533331752,0.010506650917232038,0.009350157566368582,0.008504637097939848,0.005917865829542279,0.004890180006623269,0.004075384000316262
0559,PRight,3,0,0.0878218337893486,0.018429825305938723,0.013773961924016476,0.011162351341918111,0.00967606995254755,0.008589019067585468,0.006241597887128592,0.00474923849105835,0.0028969785198569298
0559,PRight,3,1,0.03728863224387169,0.014899532152339818,0.012646094486117363,0.010436675697565083,0.008511292077600957,0.007270870823413132,0.0052909700665622955,0.004247734975069762,0.003192561329342425
0559,PRight,3,2,0.022466609254479408,0.013053748272359372,0.011353424228727817,0.009822052083909513,0.008487564101815224,0.007451624912209808,0.00508600426837802,0.004120493587106466,0.003301862860098481
0559,PRight,3,3,0.016060197725892067,0.011630386020988226,0.010264857392758132,0.009206940252333881,0.008249420896172524,0.007552380743436509,0.005164445377886295,0.004055375419557095,0.003360122675076127
0564,PRight,1,0,0.09258585423231125,0.022103731278330093,0.017765705697238447,0.015641890503466132,0.014240249246358873,0.013301663240417835,0.01043570376932621,0.007819471694529064,0.004704957129433751
0564,PRight,1,1,0.04830247536301613,0.017927245628088714,0.015346280410885812,0.013121345881372693,0.011323056295514108,0.010109790042042715,0.007990899402648211,0.006772178970277309,0.0052595960441976786
0564,PRight,1,2,0.03075871802866459,0.01584215456619859,0.013954344987869263,0.012396196797490123,0.010896197184920313,0.009845976578071708,0.007400181842967868,0.006482458114624025,0.0054565786849707365
0564,PRight,1,3,0.022111620754003525,0.014338803235441447,0.012803614363074305,0.01178057317622006,0.010588578395545483,0.00972576071508227,0.007212253473699094,0.006381401885300875,0.00554863247089088
0564,PRight,2,0,0.09258585423231125,0.019613323397934448,0.015333520937711004,0.012997221201658249,0.011472661718726159,0.01032765475101769,0.0075699317734688526,0.005686799343675376,0.0035237144911661744
0564,PRight,2,1,0.04629587009549141,0.016363718193024398,0.013919644989073278,0.011549410056322812,0.009524560719728471,0.00825678603723645,0.006184506975114346,0.005129636265337467,0.0039122148882597685
0564,PRight,2,2,0.027794932946562767,0.014269651947543026,0.012535643689334392,0.010917256111279134,0.009496001712977896,0.008422997593879692,0.005768435448408127,0.005008879397064447,0.004049310460686684
0564,PRight,2,3,0.019562678411602974,0.0127531364466995,0.011262029707431793,0.010260473750531674,0.009196701049804693,0.008330056210979818,0.005719119682908058,0.004935807920992375,0.004126601619645953
0564,PRight,3,0,0.09258585423231125,0.018183608036488295,0.013856099806725981,0.011305792666971685,0.009549268782138829,0.008500778581947083,0.006154561741277579,0.0046750356443226344,0.002915829769335687
0564,PRight,3,1,0.03904915228486061,0.01489607471972704,0.012546251472085717,0.010415487000718718,0.008369959853589536,0.007016562903299922,0.005163798388093711,0.004203097894787788,0.00320195103995502
0564,PRight,3,2,0.02353012189269066,0.012771800458431244,0.011057381220161915,0.009677543891593816,0.008438787423074247,0.007314494065940369,0.0049309497233480225,0.004142604395747184,0.0033076730323955417
0564,PRight,3,3,0.016527583822607994,0.011455188263207676,0.0100183117762208,0.008991241129115224,0.008064441420137883,0.007392419013194738,0.004890074674040081,0.0040877236984670174,0.003360645263455808
0569,PRight,1,0,0.0960644856095314,0.022465228289365768,0.01799214791506529,0.01568412933498621,0.014306491985917092,0.013277588412165642,0.010412841103971008,0.00794819463044405,0.004815592197701335
0569,PRight,1,1,0.049878548830747604,0.018425282165408136,0.015598081164062024,0.013193729650229215,0.011696278639137747,0.010409189620986558,0.008025634288787841,0.006833144277334213,0.0053457170724868774
0569,PRight,1,2,0.03221018612384796,0.015995923429727554,0.01409471906721592,0.012877206206321717,0.011486687697470188,0.010306465905159703,0.007469782466068864,0.006497657019644975,0.005458734696730971
0569,PRight,1,3,0.023375768214464188,0.0144544308912009,0.013096351791173222,0.012162283649668098,0.011135344803333289,0.01019313088618218,0.007374577829614283,0.006385620031505823,0.005503285676240921
0569,PRight,2,0,0.0960644856095314,0.020041507408022886,0.015467338263988495,0.013078179247677329,0.011430274881422531,0.010352720413357016,0.007593717239797117,0.005754033569246532,0.0036240570480003953
0569,PRight,2,1,0.04963225871324539,0.01673851914703846,0.01411572948098183,0.01175293561071158,0.00986997313797474,0.008419215586036439,0.006159855099394917,0.005136660113930703,0.003911619307473302
0569,PRight,2,2,0.02922649495303631,0.014345945715904238,0.012612967602908611,0.011227008635178214,0.009938808865845207,0.008746314700692873,0.005795229319483043,0.004971178341656924,0.004039355320855975
0569,PRight,2,3,0.020639974623918533,0.01289905684068799,0.01150813775137067,0.010521559892222287,0.009529495164752011,0.00863620787858963,0.005845380201935768,0.0049122947268188,0.004088473739102483
0569,PRight,3,0,0.0960644856095314,0.018775595538318157,0.014020880255848174,0.011156167751178146,0.009635150022804738,0.00848271944560109,0.006205945368856193,0.004697221424430608,0.0030094976536929607
0569,PRight,3,1,0.0492597296833992,0.014970463756471873,0.012578241042792804,0.010670448746532203,0.00856289900839329,0.0072560087544843435,0.005202915705740453,0.004237302858382466,0.003225693362765014
0569,PRight,3,2,0.027616344392299652,0.012806315422058106,0.011274450160562994,0.009883968383073809,0.008687010332942014,0.007601363258436307,0.004975612740963699,0.004163976851850749,0.0033124765614047647
0569,PRight,3,3,0.017716920003294945,0.011494651082903148,0.010261647235602144,0.009244888350367547,0.008287766352295877,0.007540032896213224,0.005009609740227461,0.004125876352190973,0.0033623083727434278
0574,PRight,1,0,0.16615474224090576,0.023136446103453636,0.01915640063583851,0.01707301087677479,0.015459837801754476,0.014460648782551285,0.01146700894460082,0.008713441900908947,0.005041450262069702
0574,PRight,1,1,0.06241997703909874,0.018478208445012568,0.01585292715579272,0.013927471209317447,0.012480701319873336,0.011550698010250922,0.009066714439541103,0.007454525772482157,0.0056589103769510984
0574,PRight,1,2,0.03496096283197403,0.016507389452308417,0.014702001530677081,0.013340970305725933,0.011998709030449391,0.011100236978381865,0.008346477337181569,0.0070795583538711074,0.005844548344612122
0574,PRight,1,3,0.023312436416745186,0.015190953584387901,0.013782558534294368,0.012706268802285196,0.011768526025116447,0.011048710532486428,0.008183960709720852,0.006921207997947931,0.005932990927249193
0574,PRight,2,0,0.09561911225318909,0.020775195490568877,0.016398112624883655,0.014087313786149025,0.012623363323509693,0.011540037579834461,0.008688744436949492,0.006191106326878071,0.0036536522675305605
0574,PRight,2,1,0.047071635723114014,0.01674125272780657,0.01406890092417598,0.012405520845204592,0.011106384769082073,0.010155035462230441,0.006982110301032662,0.005465006642043591,0.00405137287452817
0574,PRight,2,2,0.02749081887304783,0.014672776740044356,0.01293727196753025,0.011679218485951423,0.01071106024086476,0.010015346901491282,0.0065549142658710485,0.0052877100184559826,0.004233909770846367
0574,PRight,2,3,0.019691787660121918,0.013456814344972373,0.012010805197060109,0.011138367941603064,0.010432707592844963,0.009898318024352185,0.00648690015077591,0.005226531997323036,0.004313977202400565
0574,PRight,3,0,0.09561911225318909,0.019007039461284878,0.014635088350623852,0.012474150406196715,0.011007811799645426,0.010011346591636537,0.0070079707540571705,0.004976444505155087,0.0030269166454672813
0574,PRight,3,1,0.04316965118050575,0.015114881424233317,0.01279788423329592,0.011176462257280946,0.010092988908290863,0.009299377491697658,0.005913205677643418,0.004449110664427282,0.003282322781160474
0574,PRight,3,2,0.024704882875084877,0.013189488360658289,0.011699187494814398,0.01060384597629309,0.009773654453456402,0.009142997674643993,0.00562307769432664,0.004349214863032103,0.0034170866711065173
0574,PRight,3,3,0.016633858904242516,0.012055722968652845,0.010828686468303204,0.010060076247900725,0.009611834399402143,0.008844301244243968,0.005542255798354745,0.004345611855387689,0.0034828241914510727
0579,PRight,1,0,0.08527681231498718,0.02148275641724468,0.016712304204702377,0.014789039064198733,0.013525848351418974,0.012529410561546682,0.009715406596660616,0.0074315153062343604,0.004516362212598324
0579,PRight,1,1,0.04572633281350136,0.017538028471171856,0.014751855079084636,0.012400251673534514,0.010839162468910219,0.009565753489732738,0.007635295763611794,0.006580805592238904,0.005041272845119238
0579,PRight,1,2,0.03063567727804184,0.015584257142618302,0.013718706909567118,0.012116235336288816,0.010467787906527519,0.009383696364238836,0.0071727068629115825,0.006289564445614817,0.005213131196796894
0579,PRight,1,3,0.02216753549873829,0.013993532909080387,0.012735563740134239,0.011573848510161043,0.010477560088038448,0.009317445987835524,0.007122339121997357,0.006214606016874314,0.005289956461638212
0579,PRight,2,0,0.08527681231498718,0.018886410389095554,0.014764438848942523,0.012293752282857895,0.010802581347525125,0.009733003051951518,0.007326980540528896,0.0056317951530218124,0.003472527605481446
0579,PRight,2,1,0.04226825386285782,0.015881832037121058,0.01342477951198817,0.011057491526007657,0.009231868721544743,0.007896196888759725,0.006086501386016609,0.005028816871345044,0.0038077059434726834
0579,PRight,2,2,0.026676177978515625,0.013867734353989363,0.01221493035554886,0.010696307346224787,0.009208706431090835,0.008118547312915322,0.005734906904399395,0.004852313455194235,0.003934558015316725
0579,PRight,2,3,0.019089946523308754,0.01240688699297607,0.01115507110953331,0.01010279254987836,0.009036930836737156,0.00802115718834102,0.005719956010580064,0.004818122182041407,0.0039961193688213825
0579,PRight,3,0,0.08527681231498718,0.017282687537372117,0.01282456813380123,0.010686236685141926,0.00918681923300028,0.008180073834955687,0.006227098032832147,0.004706720914691688,0.002888410585001111
0579,PRight,3,1,0.03651544079184532,0.014153506550937892,0.011879950612783434,0.009870482124388222,0.008112986758351329,0.007008442166261374,0.00516659370623529,0.0041630716994404795,0.0031572107691317797
0579,PRight,3,2,0.022055525332689285,0.012327736997976905,0.010755545776337385,0.009419129816815261,0.008129459246993067,0.007211041986010963,0.0049370255321264265,0.004054642096161843,0.003256250754930079
0579,PRight,3,3,0.015839966014027596,0.011057415278628469,0.009851967133581638,0.00885815136134625,0.007866379544138909,0.007181303738616403,0.0049386006779968735,0.004014390707015991,0.003301703603938222
0584,PRight,1,0,0.09268790483474731,0.02217734040692449,0.017377268522977832,0.014944023452699186,0.013528868779540064,0.012602904438972473,0.009824221115559341,0.007431045919656755,0.004477437352761626
0584,PRight,1,1,0.04824028164148331,0.018186048474162816,0.015199706312268973,0.013021491933614016,0.011202389337122443,0.009908591397106639,0.007565611787140369,0.006395660527050495,0.0049481624737381935
0584,PRight,1,2,0.03162146359682083,0.01573509780690074,0.014133666791021824,0.012518582213670025,0.010977292694151403,0.009810918429866427,0.0071186298504471775,0.006069101672619582,0.005086414981633425
0584,PRight,1,3,0.022830311208963394,0.014276608433574438,0.012960562501102686,0.011924319127574565,0.010794841311872007,0.00967694912105797,0.007045685686171055,0.005978691950440407,0.005132718477398157
0584,PRight,2,0,0.09268790483474731,0.019651478938758384,0.014896758403629074,0.01252856444567442,0.01090879388153553,0.009815323306247587,0.0072425357066094875,0.005473193246871234,0.0034143615048378706
0584,PRight,2,1,0.04617348313331604,0.016563225369900472,0.013695993274450306,0.011241954490542412,0.00934973418712616,0.007928226422518473,0.005875389743596317,0.004869310371577741,0.0037209225120022893
0584,PRight,2,2,0.0286239143460989,0.01416623467579484,0.012543860636651518,0.010931205293163666,0.009480471089482308,0.008227045275270923,0.00552462968043983,0.004712983872741461,0.0038357003359124064
0584,PRight,2,3,0.02030460722744465,0.012661247365176678,0.011376821529120208,0.010391195360571146,0.009220244400203229,0.008175308583304277,0.005538743408396841,0.004653167445212603,0.0038647225592285395
0584,PRight,3,0,0.09268790483474731,0.018229571506381038,0.013423424120992422,0.010719120632857094,0.00917199406772852,0.008223756169900292,0.005954782012850046,0.004543289728462697,0.0028478557942435145
0584,PRight,3,1,0.039393529295921326,0.014773386623710397,0.012471433319151404,0.010271939393132926,0.008192093260586262,0.006800330523401499,0.004977510543540121,0.004054429847747088,0.003093089326284826
0584,PRight,3,2,0.024107614532113075,0.01261750209145248,0.011111583467572928,0.009511054353788495,0.008443798869848251,0.007214382500387706,0.004726829659193754,0.003976077493280174,0.0031769999768584967
0584,PRight,3,3,0.01693066395819187,0.011296003377065064,0.010071576572954655,0.009011278515681625,0.007918480001389982,0.007262960076332087,0.004736090870574119,0.003916293475776911,0.003218234167434275
0589,PRight,1,0,0.09593428671360016,0.021536488514393572,0.01670713420957327,0.014863244071602824,0.01360152412205935,0.012667434848845003,0.009900857694447042,0.00749377878382802,0.0045792723540216684
0589,PRight,1,1,0.04816344007849693,0.01737018257379532,0.014530266169458628,0.012696968093514442,0.011002461537718772,0.009758991282433243,0.007666726503521204,0.00649665975943208,0.0050230687484145164
0589,PRight,1,2,0.030673980712890625,0.01514851147308946,0.013516136165708304,0.011788805024698378,0.010525327101349832,0.009443209040909997,0.007190483482554555,0.0061902574263513095,0.005166474962607026
0589,PRight,1,3,0.022465160116553307,0.013889658935368062,0.01241166828200221,0.011075001182034612,0.010120232291519643,0.009229357074946161,0.007049053395166993,0.006107150949537754,0.005233184900134802
0589,PRight,2,0,0.09593428671360016,0.01922693204134703,0.014637474380433562,0.012329613091424108,0.010835345648229125,0.009829176589846611,0.007330017583444715,0.005529586505144834,0.0034727146849036217
0589,PRight,2,1,0.0462736152112484,0.015921949669718747,0.013163198307156565,0.011280955765396367,0.00909265857189894,0.007822183333337302,0.005915185064077378,0.004937161970883609,0.0037752020871266723
0589,PRight,2,2,0.027624478563666344,0.01372189149260521,0.012012545671314004,0.010436454080045223,0.009124634414911272,0.007951635168865314,0.005525396345183254,0.00478771822527051,0.0038957197684794664
0589,PRight,2,3,0.019815871492028236,0.012336335675790906,0.010881699323654178,0.009691950734704732,0.008755575381219387,0.007988287508487691,0.005491866171360017,0.004717806447297334,0.003941216506063938
0589,PRight,3,0,0.09593428671360016,0.017621198743581777,0.012968832924962046,0.010679805101826787,0.00905757296830416,0.008160648215562097,0.005971141112968327,0.004545613750815394,0.0028871374670416117
0589,PRight,3,1,0.04003779590129852,0.014332022210583094,0.012014759872108698,0.009981325585395105,0.007996446862816812,0.006759768631309264,0.0049917803611606365,0.00407842192798853,0.0031227271538227797
0589,PRight,3,2,0.023630043491721153,0.01242211889475584,0.010691295713186263,0.009296252010390162,0.008035687990486625,0.006986284675076603,0.004766344791278243,0.004001304693520069,0.00320514605846256
0589,PRight,3,3,0.016750872135162354,0.01109623720869422,0.009657684341073038,0.008547376729547978,0.0076704158261418345,0.007026117388159031,0.004716697428375484,0.003950036317110063,0.003237348748371005
0594,PRight,1,0,0.42530590295791626,0.023010958898812533,0.01867548301815987,0.016169615108519796,0.01471481397747994,0.013517523091286407,0.010888888780027629,0.008078837394714357,0.004658352117985487
0594,PRight,1,1,0.29167476296424866,0.018600541688501834,0.015768030509352684,0.013673720257356763,0.012256050482392311,0.011340641835704443,0.008509117364883424,0.007000968977808954,0.005286013009026647
0594,PRight,1,2,0.1556096076965332,0.017074628546833996,0.014799304232001308,0.013253620695322758,0.01198886014521122,0.011060518631711593,0.0078000329900532964,0.006692519038915634,0.005521419458091259
0594,PRight,1,3,0.09032510221004486,0.01581426303833723,0.013955055177211762,0.012723134122788908,0.011940101943910125,0.011163590522482971,0.007684186939150097,0.006582633592188358,0.005626955768093467
0594,PRight,2,0,0.42530590295791626,0.020677607506513596,0.015859823375940326,0.013289090245962143,0.011995223350822926,0.011255756532773374,0.008280861377716065,0.005860975850373509,0.0034984340891242027
0594,PRight,2,1,0.29127466678619385,0.016952178217470647,0.01419550029560924,0.012307576453313235,0.011088304817676545,0.01018835534341632,0.006545962113887072,0.0052309256978333,0.0039067864418029785
0594,PRight,2,2,0.1540616899728775,0.015521153686568142,0.013314301185309888,0.011955618998035789,0.010899047106504443,0.010167242027819145,0.00604218952357769,0.005074569489806891,0.004086946370080113
0594,PRight,2,3,0.0883772224187851,0.014230638975277543,0.01248566212132573,0.011420307764783501,0.010787756629288199,0.010021596727892754,0.006053251633420588,0.004999364819377661,0.004175928188487887
0594,PRight,3,0,0.42530590295791626,0.019340282529592516,0.014139717705547812,0.011985160680487753,0.01078970987349749,0.009884286159649485,0.006755920452997091,0.004800662398338318,0.002917470526881516
0594,PRight,3,1,0.2909631133079529,0.01557087299413979,0.013020230997353794,0.011525760591030122,0.010227957591414453,0.009317382704466557,0.005488750757649543,0.004283175803720951,0.003214750555343926
0594,PRight,3,2,0.1530437171459198,0.014087756909430028,0.012097992338240148,0.010970595357939601,0.010146919116377833,0.009247764851897948,0.0051727598998695615,0.004182062670588494,0.003359019523486495
0594,PRight,3,3,0.08728669583797455,0.012815154716372491,0.011416195053607225,0.01057866532355547,0.009874400943517688,0.009039401262998577,0.005203428072854877,0.004122233856469393,0.0034199166111648083
0599,PRight,1,0,0.16388650238513947,0.022878575362265112,0.018015960492193703,0.015580736445263029,0.014157790131866936,0.01290418268181382,0.01006405707448721,0.007553998939692977,0.004534110659733415
0599,PRight,1,1,0.08561300486326218,0.019221084825694564,0.016134267039597038,0.013465361408889296,0.011660388633608819,0.010287385154515492,0.007850649487227203,0.006612338870763779,0.005089170765131712
0599,PRight,1,2,0.04115265607833862,0.01672899974510074,0.01459628451615572,0.01311632419936359,0.011517976298928267,0.010305110365152347,0.0073853608220815666,0.006376243755221368,0.005265302257612348
0599,PRight,1,3,0.024735182523727417,0.01492039326578379,0.013498895745724441,0.012384972414001822,0.011318385861814021,0.010214108275249599,0.0073177894577384,0.006341049540787935,0.005349665181711316
0599,PRight,2,0,0.16388650238513947,0.020388744473457343,0.01568537648767233,0.012820570617914204,0.011140428930521014,0.01011218833737075,0.007396257668733598,0.005520361289381982,0.0034238018561154604
0599,PRight,2,1,0.08443240076303482,0.017344884350895887,0.014291534759104255,0.011979066152125609,0.009790457971394061,0.008287269249558445,0.0060618923977017415,0.005005359556525946,0.0037950524128973484
0599,PRight,2,2,0.039961639791727066,0.014715210236608985,0.012949667312204842,0.011367726316675545,0.009897274263203148,0.008693892369046803,0.005711885867640377,0.004906969796866179,0.003945523407310247
0599,PRight,2,3,0.02356121689081192,0.013173715518787503,0.01176677417010069,0.010700876927003264,0.009662425592541697,0.008585600974038215,0.005767190316691995,0.004869112651795149,0.004010617034509778
0599,PRight,3,0,0.16388650238513947,0.019058334194123745,0.014206379372626544,0.010993904350325469,0.009430040530860427,0.008279982954263668,0.006050901021808388,0.004586438648402691,0.0028991696890443563
0599,PRight,3,1,0.08011281490325928,0.015452399719506502,0.012964475657790901,0.010686377985402944,0.008584484234452251,0.0070991712389513835,0.005087174614891412,0.0041441890411078935,0.003160893451422453
0599,PRight,3,2,0.036800287663936615,0.013161863237619401,0.011575398836284877,0.010043768715113402,0.008828256949782374,0.007590188225731253,0.00489335283637047,0.0040930002927780165,0.00327262538485229
0599,PRight,3,3,0.02180400863289833,0.0116879013273865,0.010487343203276397,0.009446412734687331,0.008328959420323374,0.007603237172588705,0.0049631139729172,0.0040632889606058605,0.003324712277390063
0604,PRight,1,0,0.09021464735269547,0.02476524036377669,0.019334377609193328,0.016928106546401978,0.015345444940030576,0.014133764989674084,0.011224651895463468,0.008327570743858814,0.004909338662400842
0604,PRight,1,1,0.04792569577693939,0.019917069356888535,0.017026782482862473,0.014741451451554895,0.013084189668297769,0.011961111100390553,0.008802344370633364,0.007139775436371565,0.005448316922411323
0604,PRight,1,2,0.03219347819685936,0.017163155656307934,0.015778313465416433,0.014306323118507864,0.012982059344649315,0.01185410879552364,0.008248055260628462,0.006823546532541514,0.005614591063931584
0604,PRight,1,3,0.023504696786403656,0.0156972230412066,0.014487588964402675,0.01347343347966671,0.012549993321299554,0.011790327727794639,0.008067875914275647,0.006790432240813971,0.00567109021358192
0604,PRight,2,0,0.09021464735269547,0.021248213574290284,0.016753768213093285,0.013918232116848232,0.012188460640609269,0.011177709279581902,0.008071064762771132,0.005938842426985502,0.0036587828071787953
0604,PRight,2,1,0.046932220458984375,0.017987719904631383,0.01506111087277532,0.013008602987974885,0.01109197083860636,0.009672759985551222,0.006675836723297836,0.005300958082079888,0.003981058951467276
0604,PRight,2,2,0.028926750645041466,0.015274082683026791,0.013825538456439973,0.012409942336380483,0.011122438572347168,0.009832060616463422,0.006399601278826595,0.005160081945359707,0.004116689320653677
0604,PRight,2,3,0.02062518522143364,0.013840563567355276,0.012498286254704002,0.011584465904161335,0.010689116492867471,0.0098319255746901,0.006392356427386406,0.005122974514961243,0.004197190282866359
0604,PRight,3,0,0.09021464735269547,0.01976334936916829,0.014713610578328372,0.012049256907776,0.010461089424788952,0.009240075107663868,0.006548922974616289,0.004860505927354097,0.0030365472193807364
0604,PRight,3,1,0.042094919830560684,0.015983044691383837,0.013486347924917937,0.011489871582016352,0.009744248799979689,0.00840185335837304,0.005574608594179155,0.004351417161524297,0.0032854531891644
0604,PRight,3,2,0.02430814690887928,0.013747707810252904,0.0123491651378572,0.010869670063257219,0.009605274386703968,0.008436660282313815,0.005446235463023186,0.004275087267160419,0.003373100538738072
0604,PRight,3,3,0.01715492457151413,0.012294032350182534,0.011140122469514608,0.010182552225887778,0.00929588437080384,0.0084856663364917,0.00548061989247799,0.0042758467607200154,0.0034310801420360804
0609,PRight,1,0,0.40407896041870117,0.022646031565964234,0.018670436777174473,0.016630141641944648,0.015177417732775212,0.014190590754151335,0.011259362008422615,0.008624895475804806,0.005092330975458026
0609,PRight,1,1,0.26794224977493286,0.018945161681622268,0.016207038611173633,0.013986983057111503,0.012531976364552978,0.01153185376897454,0.008946159482002258,0.007238973397761584,0.005548657849431038
0609,PRight,1,2,0.145807147026062,0.017038042247295382,0.014988774508237839,0.0136618662904948,0.012314090467989447,0.01131476825103163,0.008435933571308852,0.006788945104926824,0.005668082274496555
0609,PRight,1,3,0.08778377622365952,0.01567863935604692,0.014213624950498344,0.013103158567100768,0.01205539956688881,0.01120454617775976,0.008290850743651391,0.006684064213186503,0.005694360239431262
0609,PRight,2,0,0.40407896041870117,0.02029322450980545,0.016176267601549627,0.013879897370934487,0.012179998457431795,0.01119404793716967,0.00852103140205145,0.006137811578810217,0.003703941823914647
0609,PRight,2,1,0.26658380031585693,0.017305335085839035,0.014482989348471167,0.01240481035783887,0.010896451100707057,0.00988810025155544,0.006789991352707149,0.005366538371890784,0.0040207055862993
0609,PRight,2,2,0.14266684651374817,0.015271215979009867,0.01338377743959427,0.01202263876795769,0.010812987126410009,0.010002474440261713,0.006325486209243537,0.005122976284474135,0.004150991328060627
0609,PRight,2,3,0.08481741696596146,0.013956154249608518,0.012574851214885711,0.011428433852270246,0.010576616786420346,0.009878593357279895,0.006293141003698114,0.005073417630046606,0.00420093210414052
0609,PRight,3,0,0.40407896041870117,0.019197537675499917,0.014587124809622765,0.011860489873215557,0.010517738573253159,0.009604297485202544,0.006949986238032581,0.004948442988097671,0.0030321587109938264
0609,PRight,3,1,0.2664833962917328,0.016014169882982973,0.013483865577727558,0.0112408712413162,0.009872768893837935,0.009091336373239752,0.0056981617584824585,0.004382861498743296,0.0032791997073218226
0609,PRight,3,2,0.14137369394302368,0.01404749237932265,0.012217089496552945,0.010900529297068716,0.009905616492033005,0.009332099556922905,0.005370163358747959,0.004252960160374642,0.0033688273979350924
0609,PRight,3,3,0.08317337185144424,0.012717107683420183,0.01131194680929184,0.010459036994725467,0.009719426296651366,0.009146510716527681,0.005413561174646021,0.004196252580732108,0.003401415073312819
0614,PRight,1,0,0.22793035209178925,0.02292446477338672,0.017871262431144716,0.015588831333443534,0.014129544422030458,0.013159939087927338,0.010177616588771348,0.007670425437390806,0.0046718374360352755
0614,PRight,1,1,0.12046035379171371,0.018183713834732773,0.01510381553322077,0.012890988197177652,0.011278284452855591,0.009980364562943574,0.007831356581300497,0.006643810495734216,0.005186163820326328
0614,PRight,1,2,0.06258205324411392,0.01613392909988761,0.014164946042001247,0.012427194584161047,0.010710048079490664,0.009658747771754843,0.0072622635867446664,0.006336734257638454,0.005333371693268418
0614,PRight,1,3,0.040610186755657196,0.014880277793854476,0.01320065336301923,0.011943576000630856,0.010744181945919992,0.009597300924360746,0.0070978037547320145,0.006222200486809016,0.005407831398770213
0614,PRight,2,0,0.14665912091732025,0.02030443038791418,0.01555020570755005,0.013027778826653957,0.011380437090992932,0.01026212996803224,0.007524860603734855,0.0056411468423903,0.0035255819093436003
0614,PRight,2,1,0.06390824168920517,0.016392019744962454,0.01370683824643493,0.011395696299150588,0.009505082666873941,0.008056811755523082,0.00607436033897102,0.005044243950396776,0.003850908251479268
0614,PRight,2,2,0.03264615684747696,0.014365059388801456,0.012545579504221678,0.010840305332094435,0.009187157973647121,0.008155861729755996,0.005668131960555912,0.004888486862182617,0.003993203165009618
0614,PRight,2,3,0.024834824725985527,0.012929812343791128,0.011541144754737616,0.010341795133426786,0.009224941506981853,0.008054895652458063,0.005623546475544572,0.004810659587383271,0.004036365542560816
0614,PRight,3,0,0.14665912091732025,0.018603620976209646,0.013796679694205526,0.01104625966399909,0.009491868279874329,0.008465663855895398,0.006141846394166358,0.004658799152821303,0.002893491298891604
0614,PRight,3,1,0.06383354216814041,0.014866369506344203,0.012172023188322788,0.01025488696992398,0.008217494003474712,0.00696530500426888,0.0051011613104492435,0.00417119525372982,0.0031656743958592415
0614,PRight,3,2,0.024134114384651184,0.012942549576982857,0.011147710960358381,0.009615689562633634,0.008242590166628361,0.007190873264335086,0.00485626612789929,0.004068636149168014,0.0032557148952037096
0614,PRight,3,3,0.01848442107439041,0.011537314588204027,0.010123612526804208,0.00911810333840549,0.008098715841770174,0.007145054009743029,0.004912426928058268,0.00399989215657115,0.0032996974186971784
0619,PRight,1,0,0.08589790016412735,0.022312605883926168,0.017800427973270416,0.015465986924245959,0.014050044417381287,0.012976912688463915,0.010286926198750736,0.007780538406223061,0.004754472989588976
0619,PRight,1,1,0.04700590297579765,0.018480006046593188,0.015659959055483345,0.013316306713968516,0.011787413582205777,0.010326463170349581,0.00795454876497388,0.006758189387619496,0.005240701837465167
0619,PRight,1,2,0.0313023142516613,0.016253199744969606,0.014461165424436331,0.013001455180346967,0.011532513946294785,0.010338638257235286,0.00749058322981,0.00642233295366168,0.0053779361769557
0619,PRight,1,3,0.02267020381987095,0.014642518935725093,0.01339365713298321,0.012451503770425917,0.011235423311591148,0.010368843888863919,0.007417948730289937,0.006353122089058162,0.005433068377897143
0619,PRight,2,0,0.08589790016412735,0.01991356382146479,0.015220831241458658,0.012635158076882366,0.011074768714606765,0.01012601675465703,0.007567848172038801,0.005751784145832062,0.0035755231510847807
0619,PRight,2,1,0.04490199685096741,0.016771086696535348,0.013945958018302921,0.011792080281302334,0.009710015840828423,0.008286786964163182,0.00617397609166801,0.005112938676029443,0.003883945755660534
0619,PRight,2,2,0.02814904972910881,0.014517566831782461,0.012800756394863128,0.011428464427590372,0.009923331588506699,0.0087371967267245,0.0057365855202078835,0.004963729809969664,0.00400812434963882
0619,PRight,2,3,0.0198836512863636,0.01291968015022576,0.011694824639707805,0.010721108708530666,0.00957704156637192,0.008747822651639578,0.005812818324193359,0.004907544795423747,0.004056999925523996
0619,PRight,3,0,0.08589790016412735,0.018412898909300566,0.01337187483906746,0.010958899259567261,0.00937627449631691,0.008436327986419198,0.006225441768765451,0.004765496589243412,0.0029578659450635314
0619,PRight,3,1,0.03824273869395256,0.015030732583254576,0.012556396536529065,0.01057583487592638,0.008471833169460296,0.0072314883349463245,0.005232350341975689,0.004264573566615582,0.0032028063433244824
0619,PRight,3,2,0.023621834814548492,0.01290888549759984,0.01131463121622801,0.010010680686682462,0.008739764355123046,0.007585957809351364,0.004995300713926555,0.004178598057478667,0.003299792413599789
0619,PRight,3,3,0.016658572480082512,0.011488056192174556,0.010317271910607816,0.009360974607989193,0.008404857330024244,0.007649997784756109,0.005006929952651263,0.004130556061863899,0.0033457952085882425
0624,PRight,1,0,0.08223039656877518,0.023269396182149654,0.018722619824111462,0.01638222873210907,0.015060160011053085,0.0139344026800245,0.010819369927048685,0.008143722452223301,0.004849822027608752
0624,PRight,1,1,0.04486187547445297,0.018409673906862736,0.015605769846588376,0.013426382271572952,0.011640349291265012,0.010472001181915398,0.008302672859281301,0.007032852619886398,0.005431128432974219
0624,PRight,1,2,0.029359325766563416,0.016163377203047277,0.01451328555122018,0.012653884300962093,0.01102185677736998,0.00995774362236257,0.007690100558102131,0.006702851131558419,0.0055967350490391254
0624,PRight,1,3,0.02148371748626232,0.014602550081908704,0.013219075445085764,0.012144407900050285,0.010952755808830268,0.009839439904317251,0.007418665289878845,0.006601691897958517,0.0056793775875121355
0624,PRight,2,0,0.08223039656877518,0.020524698793888095,0.016096186079084873,0.013538515837863089,0.011999233588576328,0.010780738107860045,0.007796165579929951,0.005820719804614784,0.003592282417230308
0624,PRight,2,1,0.0430072620511055,0.01651953738182783,0.014104726761579514,0.011895593963563454,0.009835649915039543,0.008514922764152286,0.006399959465488792,0.005239012464880943,0.003967230208218098
0624,PRight,2,2,0.026359863579273224,0.014536936972290278,0.01286045677959919,0.010987221030518413,0.009590730890631676,0.008499380806460973,0.005943081388249994,0.005108430702239275,0.0041016333270817995
0624,PRight,2,3,0.018840886652469635,0.012951507475227117,0.01155634691938758,0.010578284217044712,0.009320930875837805,0.008373526576906421,0.0058628607541322715,0.005054965149611235,0.004185156198218465
0624,PRight,3,0,0.08223039656877518,0.018881920538842682,0.014129274766892198,0.011848305352032185,0.010119441673159604,0.008984415559098112,0.006391517445445063,0.004779693763703108,0.0029735860880464315
0624,PRight,3,1,0.036490824073553085,0.015038484269753098,0.012764266859740019,0.010573514420539144,0.008739505261182785,0.007517291186377406,0.005385960591956973,0.004331256914883853,0.0032336703734472394
0624,PRight,3,2,0.022137150168418884,0.013192442571744324,0.011422717459499838,0.009778759395703676,0.008553267307579517,0.007460369914770121,0.005146926734596491,0.004246598109602928,0.0033491000067442656
0624,PRight,3,3,0.01583862490952015,0.011642609257251026,0.010334833674132824,0.00923958830535412,0.00813568264245987,0.0074838603613897915,0.005085815768688918,0.004203182458877564,0.0034107493702322245
0629,PRight,1,0,0.09105871617794037,0.022673426773399116,0.01841682463884354,0.01646953171119094,0.015131713375449184,0.013974583940580466,0.01094870986416936,0.008265739679336548,0.00495737069286406
0629,PRight,1,1,0.04611869156360626,0.018219900354743006,0.015490187443792821,0.013441176032647493,0.011840268373489381,0.010782499890774486,0.008481142856180669,0.00712635973468423,0.005505224922671914
0629,PRight,1,2,0.030098235234618187,0.016183705702424053,0.014359515439718968,0.012870477680116895,0.011281644962728024,0.01024433281272649,0.007944288942962886,0.006764969043433666,0.005653799045830965
0629,PRight,1,3,0.02183055691421032,0.01469550795853138,0.01319385062903166,0.012212942577898508,0.011051858887076379,0.010174708813428864,0.007781204860657454,0.00664124395698309,0.00570719875395298
0629,PRight,2,0,0.09105871617794037,0.020221221707761288,0.015981906577944755,0.013354361150413753,0.012023238465189937,0.010886928671970955,0.008027731068432332,0.005957562942057848,0.003645087592303753
0629,PRight,2,1,0.04336721822619438,0.016556765455752614,0.013963884171098472,0.011755966143682598,0.00981967460364104,0.008637235080823301,0.006501545477658511,0.00534783760085702,0.004002880770713091
0629,PRight,2,2,0.026750536635518074,0.014531666962429881,0.01283587260171771,0.01120565193705261,0.00974276892840863,0.00854329508729277,0.006091688480228186,0.0051474619656801225,0.004136748146265745
0629,PRight,2,3,0.01913338527083397,0.01304559776559472,0.011587212216109038,0.010591251030564313,0.009507568478584291,0.008632528036832808,0.006014592712745071,0.005069717112928629,0.004200568189844489
0629,PRight,3,0,0.09105871617794037,0.018580664843320847,0.013802722562104472,0.011665789326652888,0.010020144879817963,0.008925463072955608,0.006467919191345573,0.004862361028790474,0.003000995027832687
0629,PRight,3,1,0.03762989491224289,0.014892670540139081,0.012612268347293142,0.010476175500079994,0.008668040633201599,0.007402631244622162,0.005433041695505383,0.004378012847155333,0.0032652897061780095
0629,PRight,3,2,0.02260083705186844,0.013116221306845546,0.01135932553559542,0.009998729424551132,0.008611923567950729,0.007484304765239347,0.005196848278865219,0.004241502098739147,0.0033788629807531834
0629,PRight,3,3,0.01620086096227169,0.011717284666374327,0.01035121725872159,0.009272306803613904,0.008387926779687405,0.00765881089027971,0.005183974606916313,0.004183241166174412,0.0034173668827861547
0634,PRight,1,0,0.10252015292644501,0.02347279815003276,0.017704906053841115,0.015015741307288409,0.013535537347197533,0.012507282057777042,0.009644302446395159,0.007346259988844395,0.004416627809405327
0634,PRight,1,1,0.04815080761909485,0.018989358004182576,0.01603009574115277,0.013552238466218116,0.011764279231429104,0.010230531170964228,0.007576372148469092,0.006434635538607836,0.004900087136775255
0634,PRight,1,2,0.03112083300948143,0.01626954272389412,0.01464398505166173,0.013230850826948883,0.011600724533200268,0.010364095214754334,0.0072189296130090955,0.006146702915430069,0.005085479002445936
0634,PRight,1,3,0.022687574848532677,0.01463609759695828,0.013410959448665383,0.012339494246989489,0.011281373165547847,0.010214261244982465,0.00718929022550583,0.006125806737691164,0.005157163366675377
0634,PRight,2,0,0.10252015292644501,0.020585533790290364,0.015396595522761349,0.012634096061810852,0.010941783450543882,0.009861105959862457,0.007299231225624681,0.005442601256072522,0.003404123242944479
0634,PRight,2,1,0.04595641791820526,0.017104014623910188,0.014371475148946048,0.011964307771995664,0.009992670826613906,0.008101427089422937,0.005962084140628577,0.004932929109781981,0.003739784238860011
0634,PRight,2,2,0.028318999335169792,0.014467723732814195,0.012973016016185284,0.01147070300765336,0.010088769011199476,0.008837517444044346,0.005611814511939887,0.004788142163306475,0.003883683239109814
0634,PRight,2,3,0.02012733742594719,0.012916458919644356,0.011709402557462454,0.01072969031520188,0.009672446399927146,0.008772616134956474,0.005724391201511027,0.004754064045846463,0.003946308279410005
0634,PRight,3,0,0.10252015292644501,0.019249663110822445,0.01358669184148312,0.010978154409676793,0.009311476387083531,0.008368277084082358,0.0059947801753878595,0.004533767886459828,0.00286065973341465
0634,PRight,3,1,0.04495605453848839,0.015554289668798448,0.012871519234031441,0.0108082396350801,0.008669714666903021,0.007160155731253325,0.005061953281983733,0.004106759000569583,0.003120790352113545
0634,PRight,3,2,0.024054884910583496,0.01299246370792389,0.011560815926641226,0.010133740603923802,0.008840347863733769,0.007724218117073136,0.004828823357820511,0.0040246759541332725,0.003214734490029514
0634,PRight,3,3,0.01679920218884945,0.01156760685145855,0.010422336347401143,0.009379969984292988,0.008395017012953759,0.007697461522184306,0.0049892110284417875,0.003996502608060838,0.003248744993470609
0639,PRight,1,0,0.1180337443947792,0.021309602297842508,0.016557505205273645,0.014416202567517765,0.012842632830142975,0.011948912497609852,0.009337707329541447,0.007120663020759822,0.004342558793723583
0639,PRight,1,1,0.07059797644615173,0.01796941760927439,0.014652413185685878,0.012619269266724588,0.010915945656597616,0.009490324789658186,0.007278850814327598,0.006225186865776779,0.004838516237214208
0639,PRight,1,2,0.03614664822816849,0.01550371138378978,0.013637416176497937,0.012243740120902657,0.010741775818169118,0.009587428579106924,0.006892261235043407,0.006015968229621649,0.005002962192520499
0639,PRight,1,3,0.023069487884640694,0.014013107577338816,0.012561774943023922,0.011498033301904806,0.01050566803663969,0.009503695182502266,0.006909571122378111,0.005976703017950058,0.005072721280157566
0639,PRight,2,0,0.1180337443947792,0.01967832058668137,0.014260153230279687,0.011899934951215984,0.010478529669344431,0.009434665367007246,0.00706341569311917,0.0053664264269173145,0.0033724617678672075
0639,PRight,2,1,0.061979200690984726,0.01625156819820404,0.013215880636125804,0.011414541639387613,0.009148701168596746,0.007777959364466347,0.005735934758558871,0.004808986652642489,0.003678505076095462
0639,PRight,2,2,0.030693888664245605,0.013972573876380925,0.012158396728336815,0.010809908574447039,0.009391572996973995,0.00821985411457714,0.005504802148789168,0.0047037843614816666,0.003817462478764355
0639,PRight,2,3,0.020444219931960106,0.012440729439258578,0.011077888458967212,0.010003734193742276,0.009026700742542743,0.008120532287284732,0.005483284499496226,0.004686599783599378,0.0038986855652183294
0639,PRight,3,0,0.1180337443947792,0.01755537252873183,0.012789826821535826,0.010480697927996517,0.008905924707651138,0.007944905757904047,0.00585730504244566,0.00445355698466301,0.0028282003477215767
0639,PRight,3,1,0.05963067337870598,0.014352969424799088,0.011926784291863444,0.01012622524984181,0.008039717189967637,0.0067202474921941695,0.004839331563562155,0.004008886683732272,0.0030941019067540765
0639,PRight,3,2,0.029045596718788147,0.012188755115494132,0.010792054682970047,0.009412385346367956,0.008231500051915646,0.007194212940521522,0.004748089704662562,0.003955886233597994,0.003199748112820089
0639,PRight,3,3,0.01724824495613575,0.010948827052488924,0.009760272931307554,0.008708205269649629,0.007903783395886424,0.007191879418678579,0.0047377028968185195,0.003940657619386912,0.0032500578090548515
0644,PRight,1,0,0.09910347312688828,0.023658782523125428,0.018138808831572532,0.015710996873676778,0.014379788413643839,0.013337223790585995,0.010409393627196551,0.00791100636124611,0.004766710568219423
0644,PRight,1,1,0.047496870160102844,0.0187782271951437,0.01601890359073878,0.014080743128433828,0.012250021472573286,0.010890325065702188,0.008176547288894654,0.006855928152799608,0.005269377958029509
0644,PRight,1,2,0.03100239858031273,0.016376299932599068,0.014926423989236359,0.013521894589066507,0.012079549171030527,0.01094424594193697,0.007654696749523283,0.0065391031093895435,0.005415080348029733
0644,PRight,1,3,0.022368667647242546,0.014950599055737257,0.013690593764185908,0.01278039112687111,0.01173598550260067,0.010978159867227071,0.007699262723326683,0.006467967946082354,0.005476663121953607
0644,PRight,2,0,0.09910347312688828,0.02078740604221821,0.015718973688781262,0.013267815280705692,0.011572191640734674,0.010644959472119792,0.0077590105123817935,0.00581659357994795,0.0035580525873228908
0644,PRight,2,1,0.045626867562532425,0.016969997826963665,0.014428603053092957,0.012314633363857871,0.010389266088604928,0.00894666174426674,0.0063322485424578195,0.005214249528944493,0.003898903145454824
0644,PRight,2,2,0.02805897407233715,0.014647712782025337,0.013175813369452956,0.01180776240304113,0.010417472422122955,0.009192064451053734,0.00600653924047947,0.005038704350590706,0.004035681486129761
0644,PRight,2,3,0.019777655601501465,0.013265671981498599,0.011909216586500408,0.010985489124432209,0.010058489181101323,0.009263868723064658,0.006103118788450957,0.004985451698303223,0.004078975412994623
0644,PRight,3,0,0.09910347312688828,0.018862234894186265,0.014047182910144333,0.01123530478216708,0.009883521571755415,0.008817376103252172,0.006330450624227526,0.004794880375266077,0.002986625535413623
0644,PRight,3,1,0.044009190052747726,0.015200248183682563,0.013050791807472708,0.010893856491893533,0.008969847410917284,0.007723935227841124,0.005380193889141084,0.004292351566255093,0.003197843674570322
0644,PRight,3,2,0.02454713173210621,0.013282387983053923,0.01175882086157799,0.010381528967991474,0.009198560081422332,0.007987150177359577,0.005214765807613731,0.004187663458287716,0.0033001549309119582
0644,PRight,3,3,0.01687052473425865,0.011869641914963723,0.010643518716096877,0.009685972724109891,0.00881609980016947,0.008030135510489339,0.005340711446478963,0.004140592552721501,0.003343141288496554
0649,PRight,1,0,0.10735578089952469,0.023173307571560147,0.018425490520894528,0.016123325154185308,0.014691431261599065,0.013696405896916976,0.010749320965260269,0.008121371082961562,0.004933709278702736
0649,PRight,1,1,0.048691276460886,0.018623358923941853,0.016018658168613916,0.013624520050361756,0.012119976133108144,0.01094845221377909,0.008370650466531515,0.006947075109928848,0.005406998796388507
0649,PRight,1,2,0.030315455049276352,0.01625384043902159,0.014512457437813285,0.01311031715013087,0.011627316959202293,0.010595650412142268,0.007882045488804579,0.0066242763772606855,0.005514251068234444
0649,PRight,1,3,0.022012976929545403,0.014562309533357621,0.013351753689348699,0.01239138912409544,0.01124841693788767,0.01027179546654223,0.007832475658506156,0.006526600848883391,0.005567585350945592
0649,PRight,2,0,0.07825727760791779,0.020914440229535102,0.015688769072294235,0.013445137115195394,0.012038183696568023,0.010722779668867569,0.007906663324683908,0.005873953923583031,0.00366154161747545
0649,PRight,2,1,0.04401170089840889,0.01680423192679882,0.014308482352644205,0.011934638544917109,0.010056574344635014,0.008691513910889624,0.006409415835514665,0.005220438167452812,0.003976983716711402
0649,PRight,2,2,0.027183854952454567,0.01441923761740327,0.01290972912684083,0.011423347759991886,0.01001609716564417,0.008857385348528621,0.005962298531085254,0.005049814842641356,0.0041051097214221954
0649,PRight,2,3,0.019250890240073204,0.012684678705409172,0.01157818615436554,0.010653240559622646,0.009632967002689842,0.008659264957532279,0.0059351954143494375,0.00496918922290206,0.004166662925854325
0649,PRight,3,0,0.07825727760791779,0.019206483438611033,0.013846570402383806,0.011717782402411106,0.010029379278421402,0.008999404497444602,0.006392788607627153,0.004794599488377571,0.0030069672502577305
0649,PRight,3,1,0.037502046674489975,0.015250289645045996,0.012763774711638691,0.010585726303979755,0.008730795532464981,0.007474018237553528,0.005351462541148068,0.004288406856358051,0.0032458804780617356
0649,PRight,3,2,0.022859156131744385,0.012790078623220324,0.011471057068556549,0.010052188532426955,0.008742443583905699,0.007720475620590142,0.005018499493598939,0.004183791391551495,0.0033463441068306565
0649,PRight,3,3,0.016123732551932335,0.011371587924659253,0.0103508585318923,0.009319837642833593,0.008328818641602993,0.007592480909079311,0.005088687641546132,0.00410178666934371,0.0033917423570528626
0654,PRight,1,0,0.15725287795066833,0.02355176236480475,0.017975574694573882,0.015758425444364548,0.014340199530124664,0.013291794154793021,0.01026695147156716,0.007650303188711405,0.004534619394689798
0654,PRight,1,1,0.05561985448002815,0.01949630850926042,0.016273490414023407,0.013574299886822704,0.01173627678304911,0.010485139116644858,0.0079723515547812,0.006699044164270164,0.005132019519805908
0654,PRight,1,2,0.032693132758140564,0.016669620182365178,0.014912719242274762,0.013302399665117265,0.011594069041311742,0.010319573991000627,0.0074323793873190885,0.006417429819703103,0.005317318020388484
0654,PRight,1,3,0.025494955480098724,0.015019328659400344,0.013724384047091007,0.01260489162988961,0.011419695392251019,0.010183669393882154,0.007325648097321391,0.006350023858249188,0.005409264471381903
0654,PRight,2,0,0.1270509511232376,0.021005962770432245,0.015490219555795205,0.013061871211975815,0.011427134424448013,0.010300393449142567,0.007487638760358096,0.005620727408677341,0.0034547646064311266
0654,PRight,2,1,0.05049189180135727,0.01743956804275513,0.014374205451458696,0.012012815251946455,0.010010516420006757,0.008337279642000785,0.0061460172757506395,0.0050618664361536505,0.0038330750539898872
0654,PRight,2,2,0.02950439415872097,0.014616361651569605,0.013030455447733402,0.01145021296106279,0.01005851272493601,0.008736333809792978,0.005764706386253238,0.004934206604957581,0.00399245391599834
0654,PRight,2,3,0.021787695586681366,0.012921427050605417,0.011804837528616191,0.010782426819205285,0.009624069966375834,0.008630108600482342,0.005758921941742302,0.0048632299527525905,0.004055256024003029
0654,PRight,3,0,0.1270509511232376,0.018863149918615818,0.013676883447915317,0.011225241553038359,0.00969583995640278,0.008481220528483381,0.006136741628870368,0.004653001111000777,0.002921265084296465
0654,PRight,3,1,0.050054654479026794,0.015884668566286567,0.0130013251490891,0.010723077030852447,0.008771719373762612,0.00722093216609209,0.005142427096143365,0.004172482062131167,0.0031833092216402292
0654,PRight,3,2,0.02443789318203926,0.013271671179682018,0.011681816317141058,0.01010524959303439,0.00893183305859566,0.00768467043526468,0.00491195721551776,0.004105330910533667,0.0032984212739393115
0654,PRight,3,3,0.01822548545897007,0.011605277433991432,0.010584791284054521,0.00953368624672294,0.008465136177837852,0.007651586527936149,0.004960940312594177,0.004048875067383051,0.0033468209439888597
0659,PRight,1,0,0.10438180714845657,0.022722042035311463,0.01838067911565304,0.01599267700687051,0.014466654807329187,0.01337619479745626,0.010553389694541693,0.008006734773516655,0.004644707543775439
0659,PRight,1,1,0.047015830874443054,0.01850131068378687,0.015631936341524127,0.013449141979217531,0.011621300131082537,0.010359430732205507,0.008303357008844615,0.0069540186785161506,0.0052618179470300674
0659,PRight,1,2,0.03125770762562752,0.016575226485729223,0.014568241015076639,0.012870118068531156,0.011295666173100474,0.010319365328177794,0.007650922890752554,0.006631442345678806,0.005493646953254938
0659,PRight,1,3,0.022807760164141655,0.015098455538973213,0.013631139174103739,0.012421743012964725,0.011289195194840436,0.010185682540759442,0.007520178938284517,0.006519720517098904,0.005588708212599158
0659,PRight,2,0,0.10081885010004044,0.02010261081159115,0.015672520101070408,0.012993144076317553,0.011480371281504639,0.010526488954201321,0.007979845721274616,0.005834240186959508,0.00350022641941905
0659,PRight,2,1,0.04003807529807091,0.016707659009844066,0.014017763156443836,0.011824969640001664,0.010004298165440562,0.00896741547621786,0.00642510405741632,0.005191100295633078,0.0038987225852906704
0659,PRight,2,2,0.026140760630369186,0.014767481200397014,0.012853512801229955,0.011223490210250023,0.009910732097923756,0.009115301771089435,0.005973575124517084,0.0050191165879368786,0.004063098458573222
0659,PRight,2,3,0.019182732328772545,0.013285934841260314,0.011912886705249549,0.010711014857515697,0.009742703549563886,0.009043382294476031,0.005971717461943627,0.0049524357542395595,0.0041372510604560375
0659,PRight,3,0,0.10081885010004044,0.01862342590466142,0.013614047318696976,0.011360863214358691,0.009887591004371643,0.009044777182862162,0.006525049032643438,0.004773546103388074,0.002931894501671195
0659,PRight,3,1,0.03601963818073273,0.015152124660089613,0.012677020188421012,0.010752101074904204,0.009111292548477652,0.008255625702440735,0.005401533469557763,0.004251354839652777,0.003209928749129176
0659,PRight,3,2,0.02254497818648815,0.013189491704106332,0.01142163695767522,0.00994516302831471,0.009025999940931798,0.008312512142583725,0.0050718870945274845,0.004143928363919259,0.003337469417601824
0659,PRight,3,3,0.016434814780950546,0.011956185419112444,0.010449753776192665,0.009464611075818542,0.008841308839619162,0.008329995023086664,0.005111253308132291,0.004095169343054295,0.0033995797857642174
0664,PRight,1,0,0.09139419347047806,0.022801007442176342,0.018178020007908347,0.015897489786148074,0.014588299617171289,0.01343265753239393,0.010682157520204783,0.00817866325378418,0.004925194662064314
0664,PRight,1,1,0.04643167182803154,0.018645959924906492,0.015945149473845968,0.013551017083227635,0.011836128756403927,0.010554870171472427,0.008306743856519461,0.006989943888038397,0.005392180057242513
0664,PRight,1,2,0.03179297596216202,0.016357215363532306,0.01468585465103388,0.013254383541643622,0.011548556461930279,0.010429263720288866,0.007758087432011966,0.006623437441885471,0.005510224960744381
0664,PRight,1,3,0.02313820831477642,0.014796726554632187,0.013604440316557885,0.012589521957561373,0.011346540190279487,0.010273896856233452,0.007592797139659526,0.006506942678242922,0.005541638471186161
0664,PRight,2,0,0.09139419347047806,0.020082578007131823,0.015475520957261325,0.012884148005396147,0.011532457545399666,0.010512795951217383,0.007928334549069405,0.005937119107693434,0.003628040198236704
0664,PRight,2,1,0.04183964803814888,0.016684488244354728,0.014097893442958595,0.011822653394192459,0.010111043937504291,0.008771848399192083,0.00653393096290529,0.005231220088899136,0.003932541003450751
0664,PRight,2,2,0.02711593173444271,0.014535436909645797,0.012931220754981043,0.01150009801611305,0.01014418810606003,0.00900400532409548,0.006018782407045365,0.00506304232403636,0.004046766087412834
0664,PRight,2,3,0.01964384689927101,0.013019308540970088,0.011829277761280538,0.01089549444615841,0.009790472500026227,0.008887784648686645,0.006009574607014657,0.004971146676689387,0.004103493643924594
0664,PRight,3,0,0.09139419347047806,0.01824455564841628,0.013525865841656923,0.011227826057001953,0.009811783060431484,0.008754018321633302,0.006622949987649918,0.004905717447400093,0.0030031229835003614
0664,PRight,3,1,0.0360310859978199,0.015164500009268523,0.012689545881003142,0.010449512470513582,0.008892013393342498,0.007822902943007625,0.005531392619013787,0.004324971418827774,0.003239489742554724
0664,PRight,3,2,0.02226109430193901,0.01304737742058933,0.011598621141165494,0.009969128211960197,0.008885837197303775,0.007954814424738279,0.005193910654634237,0.004231525119394064,0.00332741835154593
0664,PRight,3,3,0.016230635344982147,0.011596902925521136,0.010493498258292676,0.009461161913350226,0.008562339656054975,0.007995473127812146,0.005146814463660123,0.00417224271222949,0.0033760605147108436
0669,PRight,1,0,0.08713851124048233,0.021085497196763753,0.01665036626160145,0.014679875643923878,0.013357306271791458,0.012335224123671643,0.009561388846486808,0.007275752630084754,0.004383650375530124
0669,PRight,1,1,0.044890355318784714,0.01723834786564112,0.014642289634793998,0.012433477891609073,0.010797333307564263,0.009518582513555878,0.007632065610960128,0.00651201568543911,0.004914148012176156
0669,PRight,1,2,0.029471687972545624,0.015393855459988117,0.0138171823695302,0.01207167286425829,0.01040310386568308,0.00928452396765349,0.007148085953667761,0.006278822384774685,0.005143307847902179
0669,PRight,1,3,0.021392324939370155,0.014063118817284705,0.012669909615069629,0.011530271405354144,0.010430189408361911,0.009335871320217848,0.007082525454461577,0.006214186735451222,0.005241570295765996
0669,PRight,2,0,0.08713851124048233,0.018945869132876398,0.01461038049310446,0.012073173364624382,0.010662990584969521,0.009714074805378897,0.00723737576045096,0.0055241122841835025,0.003385268966667354
0669,PRight,2,1,0.042434148490428925,0.01591583387926221,0.013240773435682059,0.011025734459981323,0.009065584614872934,0.007868487248197196,0.00605520959943533,0.004966964945197105,0.0037226155400276184
0669,PRight,2,2,0.026309363543987274,0.013906731940805913,0.01242168303579092,0.010580156240612275,0.00900896165519953,0.007902352791279538,0.005721151409670713,0.0048436811193823814,0.0038882610388100147
0669,PRight,2,3,0.0188093613833189,0.012637813352048397,0.011155812069773674,0.010091072907671333,0.00896064478904009,0.007933476381003854,0.005636810371652245,0.004817549046128989,0.0039543816819787025
0669,PRight,3,0,0.08713851124048233,0.017065222170203925,0.012744479216635234,0.010587963704019787,0.009090040810406208,0.008162510721012931,0.006108627980574965,0.004592744819819927,0.0028409261722117662
0669,PRight,3,1,0.037211161106824875,0.014284900175407534,0.011928272005170586,0.009800230171531442,0.00801749099045992,0.006951795844361173,0.005122230853885412,0.004113882593810559,0.0030962383607402444
0669,PRight,3,2,0.022344287484884262,0.012614387534558773,0.010959256421774626,0.009262055046856404,0.00802615907043219,0.007082546921446912,0.004874074645340443,0.00402743984013796,0.0032192543148994446
0669,PRight,3,3,0.015966080129146576,0.011335097178816795,0.009904371034353975,0.008867477215826512,0.007782868612557651,0.007116244244389235,0.00488465903326869,0.003985592816025019,0.003266094019636512
0674,PRight,1,0,0.09358631819486618,0.02394362607970834,0.0196060560643673,0.017667962126433852,0.015976507365703586,0.01475011091679334,0.011714003235101701,0.008600865304470063,0.005058276001363993
0674,PRight,1,1,0.048939671367406845,0.01865528129041195,0.01629730574786663,0.014748738519847393,0.01349828444421292,0.012546299444511529,0.009676521550863983,0.007380137033760549,0.0054642565082758665
0674,PRight,1,2,0.03274809941649437,0.015817433539777995,0.014418937154114247,0.013401974784210326,0.012659355625510219,0.01187813831493258,0.009425617847591642,0.007185279205441476,0.005550118396058679
0674,PRight,1,3,0.023698847740888596,0.014296991918236017,0.013244430013000966,0.012535739671438933,0.011952003240585329,0.011384124774485823,0.009260511025786402,0.007251765485852958,0.005561618600040674
0674,PRight,2,0,0.09358631819486618,0.020618682615458968,0.016160328015685087,0.013842582870274782,0.012534077465534211,0.011467715306207526,0.008219724800437691,0.00599325355142355,0.0037264054408296943
0674,PRight,2,1,0.046537961810827255,0.016251762341707946,0.014018130395561457,0.012284865602850916,0.010635666102170946,0.009641844732686847,0.00684114103205502,0.005338467378169299,0.0040155015885829926
0674,PRight,2,2,0.029352908954024315,0.013945062737911941,0.012323147766292097,0.011096456637606026,0.01006101567298174,0.00919399834237991,0.0067517991643399,0.00516520105302334,0.0041104748379439116
0674,PRight,2,3,0.020816918462514877,0.0123343163728714,0.011036871410906314,0.010200342545285821,0.009497264884412295,0.008845154289156193,0.006764619378373027,0.00518424203619361,0.004157148767262697
0674,PRight,3,0,0.09358631819486618,0.01822532569989562,0.013929449133574964,0.011874486673623326,0.010534673854708677,0.009355863975360987,0.006508556101471186,0.004849504865705967,0.0030649977270513773
0674,PRight,3,1,0.04004703462123871,0.014866063892841341,0.012521072328090669,0.010395031170919538,0.00894598737359048,0.007822546130046248,0.00555431223474443,0.004349085222929716,0.003298727562651038
0674,PRight,3,2,0.02479514852166176,0.012523530554026368,0.010948609896004203,0.009478813149034978,0.008364178836345673,0.007581989327445626,0.005453659920021892,0.004274874739348889,0.003371713566593826
0674,PRight,3,3,0.01741229183971882,0.011139778988435866,0.009902403838932514,0.008843399276956918,0.007813476510345935,0.007183754350990054,0.0054565831087529685,0.0042551285587251195,0.0034127921098843217
0679,PRight,1,0,0.09614140540361404,0.02260550808161498,0.01779953718185425,0.015764317736029626,0.014476166963577272,0.013513181405141949,0.010585642606019975,0.008083442226052286,0.004871076438575983
0679,PRight,1,1,0.04719312861561775,0.018068909775465727,0.015527413822710515,0.013247530441731216,0.011673142500221731,0.01055521047674119,0.0083000629208982,0.007023719046264887,0.005398537497967482
0679,PRight,1,2,0.03206351026892662,0.01598583357408643,0.014324393533170226,0.012922920081764466,0.01127683099359274,0.010341367032378907,0.007737352466210725,0.00667082266882062,0.005535531556233764
0679,PRight,1,3,0.023181132972240448,0.014545262474566698,0.013289728742092848,0.012257404997944832,0.011167001090943813,0.010058122919872401,0.007556981174275281,0.0065386007539927965,0.005582808051258326
0679,PRight,2,0,0.09614140540361404,0.019826058633625514,0.015368345733731989,0.013125666417181492,0.011435468681156635,0.010410777851939184,0.007872834987938405,0.005941299162805082,0.0036114302929490805
0679,PRight,2,1,0.04196139797568321,0.016375111043453218,0.014041779320687061,0.011719457702711232,0.009982219114899639,0.008788557071238714,0.006529222801327706,0.005256797000765801,0.003953369800001383
0679,PRight,2,2,0.027072696015238762,0.014253392945975066,0.01264865752309561,0.011233300864696504,0.009906357452273373,0.008896726835519066,0.006067665852606298,0.005083478521555662,0.004076140932738781
0679,PRight,2,3,0.019528139382600784,0.012859147051349284,0.011610843185335397,0.010664818836376072,0.009596531540155412,0.008728918340057129,0.006000141194090253,0.005014418624341488,0.004132965812459588
0679,PRight,3,0,0.09614140540361404,0.018046777229756117,0.013717862181365491,0.011246669143438342,0.009760762825608258,0.008673492958769203,0.0065262264572083966,0.004879030492156745,0.002976192510686815
0679,PRight,3,1,0.03594691678881645,0.014882729453966022,0.012625012267380954,0.010348150497302417,0.00885624442249537,0.007847084943205114,0.005478067882359031,0.004305998887866736,0.0032507014693692327
0679,PRight,3,2,0.022274820134043694,0.012769732205197216,0.011295918487012387,0.009851482408121228,0.00871151685714722,0.007844353513792153,0.005208449624478818,0.004224755987524987,0.0033300863578915596
0679,PRight,3,3,0.016187898814678192,0.0115378709230572,0.010234684068709613,0.009266299903392793,0.008427873514592647,0.007881413400173185,0.005165132321417334,0.004185040015727282,0.0033785654231905937
0684,PRight,1,0,0.08972617238759995,0.022621294334530834,0.017790229171514516,0.015495483679696918,0.013980409130454063,0.012996953213587356,0.010346745233982805,0.007859433442354204,0.004731049761176109
0684,PRight,1,1,0.05752208083868027,0.018572211060673,0.015795855447649956,0.013589944001287223,0.01204402644187212,0.01082152808085084,0.008193512447178367,0.0066924824379384525,0.005149296717718244
0684,PRight,1,2,0.0353342704474926,0.01653538763523102,0.014821439273655415,0.013378258021548392,0.011885452307760717,0.010768182203173637,0.007678227685391904,0.00635121138766408,0.005248078843578696
0684,PRight,1,3,0.024119334295392036,0.015048584174364806,0.013797577805817128,0.012708476567640903,0.011669078357517721,0.010693468106910582,0.007683280715718868,0.0062448265962302685,0.005299397278577089
0684,PRight,2,0,0.08661127090454102,0.020216347370296716,0.015333690363913787,0.012782492619007827,0.01149444054812193,0.010488849505782119,0.007941818702965975,0.005776095762848855,0.003538059303537011
0684,PRight,2,1,0.05556998774409294,0.016752954684197904,0.014204276204109195,0.01220088124275208,0.010480973310768605,0.009433645848184818,0.006334112491458654,0.005076531320810318,0.0038400073535740376
0684,PRight,2,2,0.031695879995822906,0.01455484143458307,0.013081067707389593,0.011728416411206127,0.010426572598516945,0.009547516983002423,0.005998765304684639,0.004883433319628239,0.003950408659875393
0684,PRight,2,3,0.02073211781680584,0.0132503329962492,0.012018602546304465,0.011052340026944876,0.010140180885791779,0.009475365187972783,0.006086441595107317,0.0048160493373870855,0.0039978420827537775
0684,PRight,3,0,0.08661127090454102,0.01819925935938955,0.013619508016854525,0.011360665839165455,0.009996719174087048,0.009152784245088696,0.006507915072143078,0.004767124447971584,0.002930305665358901
0684,PRight,3,1,0.042732950299978256,0.015155433053150775,0.012782883495092393,0.01093579308129847,0.009441464021801951,0.008608259633183476,0.005342647293582559,0.004186296183615924,0.0031671086326241493
0684,PRight,3,2,0.02644570730626583,0.013034596778452399,0.011650570649653674,0.010334382494911552,0.009365430101752283,0.008759154798462981,0.005156404944136741,0.004077359661459923,0.003250070381909609
0684,PRight,3,3,0.017678260803222656,0.011801717644557357,0.010608895476907493,0.009772993931546809,0.009195895306766034,0.008547600777819752,0.00525168268941343,0.00403280146420002,0.0032909135334193707
0689,PRight,1,0,0.13752742111682892,0.02280445326119662,0.017348660528659826,0.015019392911344766,0.013596720062196255,0.012571246549487087,0.009766142815351486,0.007508329302072525,0.004531006328761578
0689,PRight,1,1,0.06890743225812912,0.01936506265774369,0.015526175405830145,0.013158868225291371,0.01122661005705595,0.009874485712498422,0.0075890062376856825,0.006482687219977379,0.00506554008461535
0689,PRight,1,2,0.03621834143996239,0.016156972758471968,0.014222051221877337,0.012743761744350195,0.011126551330089569,0.010031300038099282,0.007140179816633463,0.006205063220113517,0.005204076413065195
0689,PRight,1,3,0.023197652772068977,0.014490558113902808,0.013026393186300994,0.011904039401561022,0.010858988091349607,0.00979247861541807,0.007091092225164175,0.006141606159508229,0.005256320349872112
0689,PRight,2,0,0.13752742111682892,0.020445543900132184,0.014937976859509946,0.012388167502358556,0.010523773729801178,0.009680282324552536,0.007249046396464113,0.005495194345712662,0.003424691269174218
0689,PRight,2,1,0.06654123961925507,0.017222724836319685,0.013889203686267138,0.01181146406568587,0.009498424008488658,0.007984158257022492,0.005848014447838069,0.0049297291785478595,0.0037824466126039624
0689,PRight,2,2,0.032618433237075806,0.014449988361448049,0.012661145832389593,0.011191494343802334,0.009703991226851947,0.008463546540588103,0.005538553930819037,0.004781430121511221,0.003911313600838184
0689,PRight,2,3,0.0204779040068388,0.012739257216453552,0.01135953875258565,0.010388648817315698,0.009357785284519197,0.00831714794039726,0.005574535531923175,0.004739474132657051,0.0039720486383885145
0689,PRight,3,0,0.13752742111682892,0.018437254466116434,0.01333522666245699,0.010437605297192934,0.009085523709654809,0.00814280370250343,0.00591908656060696,0.004553611855953932,0.0028811558149755
0689,PRight,3,1,0.06573343276977539,0.015010165115818382,0.012687871754169466,0.010630356408655648,0.00833460442721844,0.006847108597867183,0.004912260221317411,0.004085280373692514,0.0031325318850576878
0689,PRight,3,2,0.03171582892537117,0.012705955309793354,0.011199124623090029,0.0097972696647048,0.008635928370058539,0.00740715644787997,0.0047405829653143884,0.003998550307005644,0.0032352746929973364
0689,PRight,3,3,0.018999559804797173,0.011257315743714573,0.010024910643696785,0.009034151118248703,0.008041448816657068,0.0073550336528569425,0.004775006929412485,0.003955047205090523,0.0032908074790611863
0694,PRight,1,0,0.08900213986635208,0.023837612066417935,0.019514206722378732,0.017094316240400077,0.01564607590436936,0.014502019528299551,0.011275818292051555,0.008464798703789711,0.004975851392373443
0694,PRight,1,1,0.04534300044178963,0.018762921448796988,0.016298411823809148,0.014153393004089593,0.012495624087750916,0.0113290645647794,0.008790037501603367,0.00741096679121256,0.005629071732982993
0694,PRight,1,2,0.03044414520263672,0.016651726514101028,0.015163032449781897,0.013744502793997526,0.012303148172795774,0.011034429119899868,0.008243496995419264,0.0070669842883944525,0.005842206068336964
0694,PRight,1,3,0.022134240716695786,0.015395795423537494,0.013965346682816744,0.013053299859166147,0.011989738382399086,0.011147487303242085,0.008237306587398055,0.0069483727216720585,0.005946517689153552
0694,PRight,2,0,0.08900213986635208,0.021278011463582523,0.01685904897749424,0.014367746422067295,0.012499110996723175,0.011405564751476032,0.008333922736346722,0.006161532644182447,0.0036036912351846695
0694,PRight,2,1,0.04370617866516113,0.016808937769383192,0.014468622524291277,0.012454080032184721,0.01075172442942858,0.00944343083538115,0.0069816829171031715,0.005508032441139221,0.004057484911754727
0694,PRight,2,2,0.02669116109609604,0.014860872169956565,0.013350351862609387,0.011943361517041921,0.010585133470594886,0.009370477171614761,0.006510697072371842,0.005312000773847104,0.0042480959091335535
0694,PRight,2,3,0.019156577065587044,0.013579122815281152,0.012144305501133204,0.011304476223886015,0.010251239873468876,0.00941755711100995,0.006519062863662841,0.005213840305805207,0.00433581811375916
0694,PRight,3,0,0.08900213986635208,0.019403117410838614,0.015211369488388301,0.012348255161195995,0.01076878242194653,0.009583180304616688,0.006908951885998252,0.004996711853891611,0.002992088906466961
0694,PRight,3,1,0.04322576895356178,0.015297358687967064,0.013054708242416389,0.011201419243589047,0.009368291571736338,0.0082293644081801,0.0059523318894207505,0.004480913840234282,0.0032807018142193556
0694,PRight,3,2,0.02479381300508976,0.013604115322232248,0.011996973976492882,0.01064892951399088,0.009457645937800407,0.008277198718860733,0.0055794943124055875,0.004362199176102878,0.003425612230785191
0694,PRight,3,3,0.016849292442202568,0.012198065211996437,0.010907110683619976,0.009912789613008503,0.009086694344878197,0.008373045781627288,0.00558160021901131,0.004315305128693582,0.003495536046102643
0699,PRight,1,0,0.09390759468078613,0.023378154523670678,0.018513099476695064,0.016148661579936743,0.014607094228267671,0.013726751971989862,0.010909102391451599,0.00821474585682154,0.004969871835783124
0699,PRight,1,1,0.04745413362979889,0.018980306703597308,0.01576157532632351,0.013792551970109345,0.0122416053339839,0.0110440022777766,0.008458605501800777,0.007045472133904696,0.005439188331365585
0699,PRight,1,2,0.03108607418835163,0.01640785263851285,0.014833746068179608,0.013386049140244726,0.011870278082787991,0.010816525388509024,0.007996259722858667,0.006698369700461626,0.005540494341403246
0699,PRight,1,3,0.02282196655869484,0.014947846960276366,0.013696528226137162,0.01279380082152784,0.011744891293346882,0.010747206164523931,0.007901437208056451,0.0066327529959380625,0.005565284052863717
0699,PRight,2,0,0.09390759468078613,0.020730378776788714,0.01573949258774519,0.01343166843056679,0.011844473294913773,0.010867242002859712,0.007917395234107972,0.0060080237686634085,0.003642393625341356
0699,PRight,2,1,0.04718984290957451,0.017096661683171987,0.013971192203462126,0.012148878276348116,0.010354687757790089,0.009048154670745124,0.006602552067488432,0.0052492122165858765,0.0039707086980342865
0699,PRight,2,2,0.029256129637360573,0.014901072699576617,0.01313185513019562,0.01167389502748847,0.010303018987178803,0.00911048552952706,0.00634110807441175,0.00506387958303094,0.004067314555868506
0699,PRight,2,3,0.020021503791213036,0.013371974369511009,0.01198640201240778,0.011063593393191696,0.010075029730796815,0.009138110838830467,0.006503011286258699,0.0050021600909531125,0.004118537763133645
0699,PRight,3,0,0.09390759468078613,0.018948478922247887,0.014134767670184376,0.01162775233387947,0.010080598667263987,0.008974176319316027,0.006591169489547611,0.004923793580383065,0.003023493802174926
0699,PRight,3,1,0.03997339308261871,0.015346409762278202,0.012709382213652138,0.010827999711036686,0.009164661802351476,0.007820883137173934,0.005643715709447861,0.004343699850142002,0.003253864124417305
0699,PRight,3,2,0.02468239516019821,0.013276473693549635,0.01168785022571683,0.010298943389207126,0.00899047214537859,0.007956003397703157,0.005473661096766592,0.004232521355152131,0.003337469999678433
0699,PRight,3,3,0.017139995470643044,0.011904781674966216,0.010667073652148246,0.00967796468175948,0.008726366646587852,0.00796547629870474,0.005551442690193655,0.004181062709540129,0.0033839565003290772
0704,PRight,1,0,0.11033934354782104,0.02374887036159635,0.01901148438453675,0.01688475595787168,0.015525718741118914,0.014415391627699121,0.011540207639336587,0.008924253843724729,0.005299586337059736
0704,PRight,1,1,0.06836935877799988,0.019069528598338367,0.016410358883440494,0.014158308878540995,0.01265246007591486,0.01167537472210823,0.00916057787835598,0.007494185212999583,0.005713080521672964
0704,PRight,1,2,0.03819826617836952,0.016723776254802942,0.015259684771299367,0.0139051156770438,0.012464084029197695,0.011360843293368799,0.008678475115448238,0.007091041654348373,0.005807697540149093
0704,PRight,1,3,0.025332428514957428,0.01533136835321784,0.014173714052885773,0.013275956502184275,0.01228381156921387,0.011306097311899063,0.008574528060853487,0.006937595549970865,0.005828447174280882
0704,PRight,2,0,0.11033934354782104,0.02102926637977362,0.016470888592302804,0.014047775762155658,0.012526742778718472,0.011453818622976534,0.008640716783702374,0.00630594352260232,0.0037662857212126255
0704,PRight,2,1,0.0649791955947876,0.01716670770198107,0.01458664052188397,0.01254796215333045,0.010940120629966264,0.009661830728873598,0.007094099791720511,0.005490558873862028,0.004095990676432848
0704,PRight,2,2,0.03479693457484245,0.014997897669672968,0.013467656970024111,0.012181970588862898,0.0108191504701972,0.009715632442384941,0.006598169216886166,0.005264288187026978,0.00420416658744216
0704,PRight,2,3,0.02245303802192211,0.01356938404031098,0.012396362014114856,0.01143766039982438,0.010481658019125463,0.009612330282106982,0.006684917211532593,0.005166433658450844,0.004244636511430144
0704,PRight,3,0,0.11033934354782104,0.019092114754021172,0.014365630503743888,0.012196507584303622,0.010886006355285645,0.009652764536440372,0.00708300555124879,0.005077391862869263,0.0031000716844573617
0704,PRight,3,1,0.061922986060380936,0.015447659268975258,0.01309992400929332,0.011245491504669192,0.009605480730533605,0.008728880854323504,0.005963947158306838,0.004476387985050678,0.003340370371006429
0704,PRight,3,2,0.03235815837979317,0.013525798823684454,0.012029052861034872,0.010725318277254703,0.00944501277059317,0.008731296472251406,0.0056275131180882456,0.004340039659291507,0.0034202461829409003
0704,PRight,3,3,0.02060062810778618,0.01216472296975553,0.010999402143061162,0.010095939515158536,0.009260809496045113,0.008705844590440383,0.005716048600152135,0.004287757165730001,0.00347118079662323
0709,PRight,1,0,0.12297092378139496,0.022560042534023526,0.018188087940216067,0.016083067283034325,0.0147431705147028,0.01363274101167917,0.011236202996224165,0.008281276561319828,0.004834112012758851
0709,PRight,1,1,0.06606407463550568,0.018382563795894386,0.015700787976384165,0.013780200220644478,0.01272394094616175,0.011969268042594194,0.008708266634494068,0.007079929672181608,0.005395040148869157
0709,PRight,1,2,0.030646000057458878,0.016555998083204033,0.014832991436123847,0.013411596305668355,0.012451303862035277,0.011728417593985794,0.008126610890030863,0.006805286649614573,0.005570798180997372
0709,PRight,1,3,0.022399039939045906,0.015291070593521002,0.01396434823051095,0.013012494808062911,0.012302730679512024,0.011682426417246457,0.008173163142055278,0.006671569962054491,0.005661447532474995
0709,PRight,2,0,0.10827052593231201,0.020077981632202865,0.015805827565491204,0.013370057214051493,0.0123210921138525,0.01168054984882472,0.008298811782151463,0.005948955379426481,0.0036042482824996114
0709,PRight,2,1,0.05626269429922104,0.016833345387130976,0.014282361753284931,0.01273641201667488,0.011722482852637767,0.010712022799998513,0.006740447413176299,0.005288338009268046,0.003970477730035782
0709,PRight,2,2,0.025226762518286705,0.014908291287720204,0.013272255901247263,0.012216620044782758,0.011452600657939911,0.01067396788857877,0.006324676098302008,0.00515979565680027,0.004106052918359637
0709,PRight,2,3,0.018901240080595016,0.013673861166462303,0.012463507540524006,0.011777739003300668,0.01116273939609528,0.010143489530310032,0.006393079226836563,0.005088403541594744,0.004194349516183138
0709,PRight,3,0,0.09863504022359848,0.018141314946115022,0.01412640266120434,0.012218926101922989,0.01125378254801035,0.010195644060149781,0.0068220181856304424,0.004914251621812582,0.003010741900652647
0709,PRight,3,1,0.049078937619924545,0.015355381248518825,0.01302603639662266,0.011778180086985232,0.01093259584158659,0.009776942711323497,0.0056837270967662334,0.004357368778437377,0.003262891317717731
0709,PRight,3,2,0.021771756932139397,0.013598417304456236,0.012184812221676113,0.01129670498892665,0.010568262599408627,0.009630103688687086,0.005421468429267407,0.004295255243778229,0.003368607838638127
0709,PRight,3,3,0.016374537721276283,0.01241749381646514,0.011495421193540098,0.010861153118312358,0.0100431114807725,0.009104069136083118,0.005496937781572345,0.004260714538395405,0.003434603102505207
0714,PRight,1,0,0.0883820429444313,0.02126561850309372,0.01716664418578148,0.015159938419237738,0.013701069951057434,0.01270592529326676,0.010415545757859945,0.007760800886899234,0.004667508881539106
0714,PRight,1,1,0.04539437219500542,0.01781314441934228,0.014612672217190268,0.012572412053123119,0.011579287461936476,0.010757720004767173,0.008111809194087983,0.0067234356887638565,0.005144360009580851
0714,PRight,1,2,0.03066171333193779,0.015659031011164188,0.013626925982534887,0.012299377750605345,0.01124592084437609,0.010517333913594475,0.0074688631575554635,0.006455630157142877,0.005298623815178871
0714,PRight,1,3,0.022419262677431107,0.014331957744434477,0.01294153792783618,0.01177920188754797,0.011056587733328346,0.010496757319197057,0.007274526730179789,0.006391403917223215,0.005345223005861044
0714,PRight,2,0,0.0883820429444313,0.018757611513137817,0.014763755351305016,0.01238805967383087,0.01132222730666399,0.010631243884563437,0.007798904972150923,0.005782458372414114,0.003510574344545603
0714,PRight,2,1,0.037506889551877975,0.015983712580055,0.013268006909638645,0.011527875224128367,0.010441126413643361,0.009527165303006754,0.0062939827796071775,0.005104895122349263,0.003838286269456148
0714,PRight,2,2,0.02542589232325554,0.014155554389581083,0.012221696991473437,0.011102003166452051,0.010334245301783085,0.009468288021162122,0.005864334153011442,0.004950921051204205,0.003976667067036033
0714,PRight,2,3,0.01876949891448021,0.012894141227006913,0.011540524773299695,0.010669921357184649,0.010089557357132435,0.009177435049787158,0.005775448773056269,0.004905865527689457,0.004045586101710796
0714,PRight,3,0,0.0883820429444313,0.017446836009621627,0.013021766096353537,0.011114723784849049,0.010152110829949384,0.009316127747297287,0.006462592864409093,0.004783914703875781,0.0029218841809779406
0714,PRight,3,1,0.03292740136384964,0.014494021926075221,0.012009718418121339,0.010690889600664378,0.009689421355724336,0.008497486729174853,0.005295380251482129,0.004210257157683374,0.0031814593821763992
0714,PRight,3,2,0.021343382075428963,0.012855528313666584,0.010986618585884572,0.010157670732587578,0.009564990177750587,0.008522528223693362,0.005053492542356253,0.0041271311230957515,0.003290566266514361
0714,PRight,3,3,0.01579589769244194,0.011623367816209793,0.010420936010777952,0.009835584629327059,0.009117175042629242,0.008168719895184025,0.0049805188551545155,0.0041008864529430865,0.0033367936266586185
0719,PRight,1,0,0.5569522380828857,0.09987658746540551,0.06541396260261537,0.0530083142220974,0.04484871149063114,0.03768597953021506,0.021946583129465586,0.01279604770243168,0.005878906697034836
0719,PRight,1,1,0.2360537201166153,0.09500623881816864,0.06615690723061562,0.05132621154189116,0.042656823992729194,0.03704135566949843,0.022988844476640242,0.012247040495276454,0.006413827417418361
0719,PRight,1,2,0.14317713677883148,0.08664748318493368,0.06413356706500054,0.053393573835492134,0.044595034867525106,0.0370256800204513,0.023397066816687583,0.013295180723071114,0.006551417289301753
0719,PRight,1,3,0.11296862363815308,0.07709411747753621,0.06336504518985749,0.05234967522323133,0.043302639573812494,0.037107786908745714,0.02338343467563392,0.014369558542966846,0.006619899533689022
0719,PRight,2,0,0.5569522380828857,0.07610046103596689,0.050286720171570785,0.03981188852339985,0.032389734238386154,0.02722711758688088,0.015802927315235138,0.0092318631708622,0.004192635416984558
0719,PRight,2,1,0.21398113667964935,0.07770040206611158,0.04988785408437252,0.039124268367886544,0.0313880854845047,0.027212588768452308,0.01690349113196135,0.009239224717020992,0.004570432938635349
0719,PRight,2,2,0.12238074839115143,0.06618007265031339,0.049054554551839866,0.04002644244581464,0.03317348405718804,0.027119687106460268,0.016829730570316323,0.010252997092902661,0.004730457440018654
0719,PRight,2,3,0.09336169064044952,0.05666148338466883,0.047105977535247805,0.03946623701602221,0.032345163822174096,0.02710555717349049,0.01648649722337723,0.010788474604487421,0.0048073825892060995
0719,PRight,3,0,0.5569522380828857,0.06666882269084455,0.043754562214016926,0.03222526460886002,0.026136239916086202,0.02191600445657963,0.013216376490890983,0.007202882040292025,0.0033862253185361624
0719,PRight,3,1,0.21201808750629425,0.06828612051904204,0.043492686152458195,0.032479292750358615,0.026806572079658517,0.022667960263788686,0.014169414434581995,0.0075246693566441555,0.003644848009571433
0719,PRight,3,2,0.11277400702238083,0.05725074786692858,0.042481799423694615,0.034049519896507265,0.028052328974008566,0.023281946685165165,0.014270381908863783,0.00861311461776495,0.0037764798616990447
0719,PRight,3,3,0.08503089100122452,0.05014991912990809,0.04005527280271056,0.033366042785346516,0.02745328634977342,0.022988034412264817,0.013757339864969258,0.0092249246314168,0.0038567582378163934
0724,PRight,1,0,0.12329842150211334,0.03024504290893674,0.022382203973829756,0.01865056656301022,0.016509590521454818,0.014962117280811062,0.01113168513402343,0.008143856935203078,0.004858275642618537
0724,PRight,1,1,0.0554330013692379,0.023546282313764096,0.01989206489175558,0.017179104518145326,0.015573292337357998,0.01383349085226655,0.008924138732254507,0.007012082543224096,0.005299147451296449
0724,PRight,1,2,0.032054100185632706,0.021496931202709676,0.01791769400238991,0.016128840409219265,0.014832130745053292,0.013526497408747673,0.008763293549418459,0.006711497623473409,0.00541733019053936
0724,PRight,1,3,0.026052210479974747,0.01963526088744402,0.016827984899282455,0.014900136468932033,0.013768762350082397,0.012868096306920051,0.009085971675813199,0.006643035169690848,0.005476602585986257
0724,PRight,2,0,0.10075158625841141,0.025673296917229894,0.019000554345548155,0.0157310476526618,0.013584673553705216,0.012105989502742883,0.008346750214695931,0.005994269158691169,0.003627582686021924
0724,PRight,2,1,0.050736330449581146,0.02022076785564423,0.01711558233946562,0.015090500069782142,0.013396085388958456,0.011785880476236339,0.006929417978972199,0.005358007736504078,0.00393358594737947
0724,PRight,2,2,0.028482822701334953,0.01781581247225404,0.015548147074878216,0.014031207477673889,0.012670279368758202,0.011489082500338546,0.00694905361160636,0.005177076999098062,0.004050619201734662
0724,PRight,2,3,0.02118617855012417,0.016291588693857193,0.014120895955711605,0.01285839078947902,0.011815760619938373,0.010926224011927835,0.007430971181020143,0.00513125117868185,0.004120998317375779
0724,PRight,3,0,0.09098313003778458,0.023237262181937696,0.017126230448484426,0.014023115150630476,0.01189316436648371,0.010432213218882665,0.00681364256888628,0.00498198252171278,0.0030627400847151875
0724,PRight,3,1,0.049304649233818054,0.01861502297222615,0.01523451002314687,0.013596285609528424,0.011952048689126969,0.010458797728642803,0.005986030213534835,0.004443432483822108,0.003257490578107536
0724,PRight,3,2,0.027325093746185303,0.015815541613847017,0.014025043807923795,0.012581290099769831,0.011238624639809134,0.010095490980893369,0.006100110290572054,0.004349915497004986,0.0033377029467374086
0724,PRight,3,3,0.01898709498345852,0.014627466807141902,0.012576161492615938,0.011506937025114896,0.010495245531201364,0.009545489586889742,0.0064871805720031275,0.004310162924230099,0.003394113853573799
0729,PRight,1,0,0.15031668543815613,0.04919222846627236,0.03533068634569645,0.0283602349460125,0.024259130582213403,0.020872923918068387,0.013104667887091637,0.008716823719441892,0.004653481766581535
0729,PRight,1,1,0.09036055952310562,0.04030023775994778,0.032567032873630525,0.027599944937974217,0.024420394077897083,0.02149376766756171,0.012931625358760362,0.007390165049582725,0.005129658617079258
0729,PRight,1,2,0.05525393784046173,0.03706124253571034,0.030063327476382257,0.027002248708158733,0.024548987373709683,0.02188286129385232,0.013748186919838217,0.006961970962584023,0.0053021227940917015
0729,PRight,1,3,0.04722171649336815,0.03408455427736044,0.02859335646033288,0.026285657584667207,0.02432065382599831,0.02199726440012454,0.01394491568207741,0.0070485886186361325,0.005353545770049095
0729,PRight,2,0,0.11351791024208069,0.036317601613700394,0.028273285552859313,0.023066175822168588,0.0194498373568058,0.016660780273377893,0.010147156193852425,0.006460015662014488,0.00356634974014014
0729,PRight,2,1,0.06968563795089722,0.030440288782119754,0.02520072963088751,0.021727723721414807,0.019167721047997494,0.01720830025151369,0.010151471197605138,0.005634867772459986,0.003871456836350262
0729,PRight,2,2,0.04512810334563255,0.026508215479552746,0.023003903478384023,0.021158593185245992,0.019017980918288234,0.016794824413955158,0.01109129497781396,0.005387472826987505,0.0040011294186115265
0729,PRight,2,3,0.03582654148340225,0.024920567758381366,0.021849002949893476,0.02038601752370596,0.01829287827014923,0.016708877682685846,0.011251671984791758,0.005414090026170019,0.004040584899485111
0729,PRight,3,0,0.10269753634929657,0.0311774024553597,0.024553401395678524,0.01994601406157017,0.01671807542443276,0.014663349883630853,0.008740610722452403,0.005334930960088969,0.0029779071919620037
0729,PRight,3,1,0.06626588106155396,0.025360596626996995,0.021191792227327828,0.018376660160720357,0.01636704467236996,0.014992511784657823,0.008861504029482603,0.0047286138869822025,0.0032101133838295937
0729,PRight,3,2,0.04153971001505852,0.02280672112479806,0.020021411627531054,0.01756765080615879,0.01552598234266043,0.014093480259180053,0.009427717886865142,0.004556777048856021,0.003298293799161911
0729,PRight,3,3,0.03074503131210804,0.020998174566775562,0.019242073334753515,0.01705862490460277,0.015199316553771497,0.013441205350682113,0.009716826211661105,0.004568795673549176,0.0033249383559450507
0734,PRight,1,0,0.46865352988243103,0.07937157653272153,0.059615739360451704,0.048778186514973655,0.042235895544290546,0.03727748282253736,0.024472856894135475,0.015205076895654202,0.007025359896942973
0734,PRight,1,1,0.22112563252449036,0.061673287637531764,0.05131774075329304,0.04488674730062485,0.03956741183996201,0.03606133703142402,0.024842687882483006,0.015206047892570502,0.007321005454286933
0734,PRight,1,2,0.11747417598962784,0.05304557476192713,0.04619206391274929,0.042035764269530776,0.0386521278321743,0.03490555528551331,0.02562239579856396,0.016008592024445534,0.007238723104819655
0734,PRight,1,3,0.0742342546582222,0.04827400829643011,0.04370641008019448,0.0398491171374917,0.03677374929189682,0.03433067239820957,0.025759850442409516,0.016974839195609093,0.00716217583976686
0734,PRight,2,0,0.4513234794139862,0.05916118171066046,0.04283026710152627,0.0358316205441952,0.031266391128301624,0.027642562985420203,0.01826486233621837,0.010842573828995228,0.004652591189369559
0734,PRight,2,1,0.20983216166496277,0.048074822537601,0.03755702733993534,0.032070950232446195,0.02857980072498323,0.025768985133618038,0.018310442380607136,0.010993041843175897,0.0050083305686712265
0734,PRight,2,2,0.10583413392305374,0.040785018652677536,0.035335915759205826,0.030839055310934782,0.027284981459379198,0.024922762531787147,0.01847499664872886,0.011637745983898645,0.005087810568511486
0734,PRight,2,3,0.0648147389292717,0.03765437245368958,0.033272940441966055,0.029553341027349234,0.026590552628040325,0.024262786377221332,0.018495395220816144,0.012397329136729246,0.005100387381389737
0734,PRight,3,0,0.4488559067249298,0.04900310639292003,0.0360947608947754,0.029697141796350492,0.025678937137126927,0.022826536744832992,0.015342191886156813,0.008571614511311054,0.003681128961034119
0734,PRight,3,1,0.20060302317142487,0.04140147786587478,0.03097689110785723,0.02685051376000047,0.023472648859024052,0.0214902770705521,0.015454769693315029,0.00900916568934918,0.003913220250979066
0734,PRight,3,2,0.09550175070762634,0.035191912837326526,0.029639579467475415,0.02560438206419349,0.022509730234742172,0.020697191916406153,0.015628789924085142,0.009360070899128926,0.0040479537565261126
0734,PRight,3,3,0.05702166631817818,0.03267743322998286,0.02812790401279927,0.02443966368213296,0.021759365424513823,0.01961297634989022,0.015382778365165,0.010083343461155895,0.0040869759395718575
0739,PRight,1,0,0.11040722578763962,0.03890764836221934,0.028843995369970805,0.02409718966111542,0.020792322978377343,0.01876425519585609,0.013867198769003154,0.009797234274446967,0.0053942883387207985
0739,PRight,1,1,0.061758290976285934,0.031255477108061314,0.025395108684897427,0.022092018425464634,0.01989053025841713,0.018028224632143975,0.012602140288800016,0.00830831415951252,0.005760879954323173
0739,PRight,1,2,0.040591586381196976,0.026806610468775034,0.02285912066698075,0.02081959893926978,0.01917428106069565,0.01797882476821542,0.013012250885367397,0.008050822094082833,0.005842793732881546
0739,PRight,1,3,0.03144682198762894,0.0241059747338295,0.02129652302712202,0.01992490841075778,0.018700760900974275,0.01768815219402313,0.01312253223732114,0.008219300769269466,0.005839295219630003
0739,PRight,2,0,0.11040722578763962,0.0342457490041852,0.02494266852736474,0.020501028019934905,0.017601465061306953,0.015539170103147606,0.010519496630877256,0.0068811871111393,0.0039056960958987474
0739,PRight,2,1,0.05834750458598137,0.02815341625362635,0.021902864016592506,0.019088415149599313,0.01729462221264839,0.01569858305156229,0.009897954482585201,0.006003283336758619,0.004183357814326882
0739,PRight,2,2,0.03712264820933342,0.024172179233282805,0.02004230868071318,0.01778560971841216,0.016444848030805592,0.015369478426873683,0.01037839036434889,0.005815103929489852,0.004267936106771231
0739,PRight,2,3,0.028319785371422768,0.02145597493276,0.018689598143100738,0.016934773549437523,0.015998581349849703,0.015123982308432446,0.01065903725102544,0.005937409214675427,0.004309243988245726
0739,PRight,3,0,0.09230349212884903,0.03061169305816294,0.022578956559300423,0.01837788449600339,0.015481652170419694,0.013665108010172827,0.00874355118721724,0.005471009388566018,0.0032219470012933016
0739,PRight,3,1,0.05638476833701134,0.024811502490192653,0.01964050311595202,0.017095966022461658,0.015409126058220864,0.013954188907518981,0.008378297463059427,0.004821847379207615,0.0033915668027475476
0739,PRight,3,2,0.0353047177195549,0.021913754492998126,0.017934283427894118,0.01592669196426869,0.014465834088623524,0.013648061826825139,0.008969554118812088,0.004687338601797819,0.0034605995751917362
0739,PRight,3,3,0.026616716757416725,0.019786097556352616,0.016890050135552885,0.01512964051216841,0.01396916750818491,0.01317620016634463,0.009155362658202654,0.0047477904707193385,0.0034999955678358674
0744,PRight,1,0,0.32852673530578613,0.09346950612962247,0.06422180250287057,0.05260461382567888,0.04566277980804444,0.04001081343740221,0.025672047398984432,0.014449795521795754,0.005883065052330494
0744,PRight,1,1,0.17458012700080872,0.0694981785863638,0.056333393007516865,0.049133314117789276,0.04293151348829271,0.038676991499960414,0.025992346741259102,0.015974576771259314,0.0063276332803070545
0744,PRight,1,2,0.11565859615802765,0.057388697527349,0.050095837637782095,0.04509212274104357,0.04120695963501931,0.037558267079293724,0.025948965921998024,0.017591872438788424,0.0063180148135870695
0744,PRight,1,3,0.08431321382522583,0.05224403824657202,0.04606403850018978,0.04221313431859017,0.038695357888937,0.03509807419031857,0.025385029427707206,0.018247255310416228,0.006352918455377221
0744,PRight,2,0,0.25790777802467346,0.07267136961221696,0.0507044790685177,0.04212083026766778,0.035929813832044605,0.03191324155777691,0.019862672314047813,0.010997010581195356,0.004301116103306413
0744,PRight,2,1,0.1221574991941452,0.05477620635181666,0.04397274754941464,0.03731702372431756,0.033365227580070496,0.030091161467134937,0.020686905272305014,0.012438922934234148,0.004610843025147915
0744,PRight,2,2,0.08420681208372116,0.046526780240237715,0.039542045816779135,0.0355874140560627,0.031719067543745046,0.02851786147803068,0.019966798275709154,0.013549609296023848,0.00469700014218688
0744,PRight,2,3,0.06386268883943558,0.04269865803420544,0.03676348350942135,0.033160144947469244,0.02961565732955933,0.026995989866554722,0.01934443209320307,0.014178282022476198,0.004733764100819826
0744,PRight,3,0,0.20699675381183624,0.06168079003691673,0.043902792260050776,0.035519038848578946,0.03069056518375875,0.026969673577696078,0.016949936561286467,0.00881779491901398,0.0035144834546372294
0744,PRight,3,1,0.10588142275810242,0.04705226875841618,0.03711210109293461,0.031703111939132216,0.02803458996117116,0.02548090452328323,0.01768407765775919,0.010603487491607668,0.0037246457068249583
0744,PRight,3,2,0.06866592168807983,0.04029543194919825,0.0340800765901804,0.03048850670456887,0.02684098474681378,0.02430694103240962,0.017036783695220957,0.011604476347565666,0.0038293144898489118
0744,PRight,3,3,0.05390463024377823,0.037141892090439804,0.03213987670838833,0.02816337244585157,0.025125451162457468,0.022916674520820378,0.016700070723891257,0.01191849671304226,0.0038649783236905932
0749,PRight,1,0,0.3303580582141876,0.06523528568446638,0.050999633967876434,0.042770580239593986,0.03716850385069849,0.03309959769248949,0.020876467414200312,0.013112349063158038,0.006027958123013377
0749,PRight,1,1,0.13930116593837738,0.0509703565388918,0.04172410391271115,0.03687845338135959,0.03347239196300507,0.030899572931230048,0.022144828364253053,0.013630138151347646,0.006254141218960285
0749,PRight,1,2,0.0736440122127533,0.04297162089496851,0.036953736841678624,0.03348172876983881,0.030859539732337002,0.028732152190059413,0.0226392162963748,0.014875641465187077,0.0062369725201278925
0749,PRight,1,3,0.05056147649884224,0.037994749359786514,0.03403226420283318,0.031128680892288686,0.028616669178009032,0.027109087258577323,0.022717540897428997,0.015846672281622887,0.006203897763043642
0749,PRight,2,0,0.1788364201784134,0.05233854804188014,0.03922604307532311,0.032671066001057625,0.02779645949602128,0.02424136428162446,0.01622524093836546,0.009366761147975923,0.004270640201866627
0749,PRight,2,1,0.09509556740522385,0.03813689704984427,0.031643485575914385,0.028388957530260096,0.025901293307542803,0.023818170372396696,0.017271747440099718,0.00977869909256697,0.004464196506887674
0749,PRight,2,2,0.05276070535182953,0.03188731551170349,0.027436420135200024,0.025756579972803593,0.024021316170692444,0.022562738694250583,0.017819739133119586,0.010913218930363658,0.0045093202497810125
0749,PRight,2,3,0.03691748529672623,0.027972327768802645,0.02521615948528052,0.023720377422869206,0.022402901872992514,0.021382702700793736,0.017868577875196936,0.011839761584997183,0.00452403980307281
0749,PRight,3,0,0.13984562456607819,0.0453328762575984,0.033484415337443355,0.027260928936302664,0.023244915157556535,0.02039362536743283,0.013670768309384594,0.007272215932607653,0.0035015884786844254
0749,PRight,3,1,0.06245727464556694,0.03197129979729653,0.027157970406115055,0.024194101653993133,0.021879691109061246,0.020006132498383518,0.014852892048656943,0.007854893989861018,0.003601697739213705
0749,PRight,3,2,0.04098719358444214,0.026958648171275863,0.02347575731575489,0.02192167652770877,0.020414205193519594,0.01923053571954369,0.015280748810619119,0.008891696482896807,0.003646444412879646
0749,PRight,3,3,0.031844254583120346,0.02361320687457919,0.021723402962088585,0.02014310965314508,0.019092326760292055,0.018257586937397714,0.015310924965888267,0.009715073183178902,0.0036634631687775254
0754,PRight,1,0,0.22526217997074127,0.049203497357666506,0.03607173569500447,0.029464806802570822,0.02516520768404007,0.022081721667200307,0.015046149399131547,0.010108976438641549,0.005439489847049117
0754,PRight,1,1,0.1076829805970192,0.03666899781674148,0.030251022204756745,0.026145796291530136,0.023715938478708266,0.02171352058649059,0.015251665003597738,0.008698319830000401,0.005925520323216915
0754,PRight,1,2,0.07070812582969666,0.029795540049672126,0.025795435048639775,0.023594242446124555,0.022092654407024386,0.02074836371466516,0.016398631595075132,0.008393418975174429,0.006019230931997299
0754,PRight,1,3,0.0521070696413517,0.025278927460312847,0.023100953176617624,0.021935009937733414,0.02106695979833603,0.02024436835199594,0.016562092863023282,0.008732154965400708,0.006068292539566755
0754,PRight,2,0,0.2052483856678009,0.04019240099936724,0.028854133784770968,0.023322747312486174,0.01940696150064469,0.017032359912991516,0.011576774902641775,0.007372423261404044,0.003941062837839127
0754,PRight,2,1,0.09699699282646179,0.03087314182892442,0.024288261123001576,0.020695048402994874,0.018542292192578316,0.01703419629484414,0.011593318730592729,0.006695308908820153,0.004302546149119735
0754,PRight,2,2,0.062394753098487854,0.024424756895750768,0.020625192411243918,0.01903557430952788,0.01748535938560963,0.01634607752785086,0.012571516633033757,0.006600753217935564,0.004426758969202638
0754,PRight,2,3,0.04618355631828308,0.020701824985444546,0.01872632756829262,0.017544152531772852,0.016509706750512124,0.015528526296839117,0.012859696056693794,0.006983409821987157,0.004469001200050116
0754,PRight,3,0,0.2052483856678009,0.03521411843597892,0.025001374371349815,0.019907220359891654,0.016889231503009798,0.014902342995628712,0.009674127027392388,0.006013263575732709,0.0032278927974402905
0754,PRight,3,1,0.09681987017393112,0.026900776978582144,0.021276914142072202,0.018154278360307217,0.016498319134116174,0.015028287936002003,0.009836429916322238,0.0055870060808956646,0.0034705790458247066
0754,PRight,3,2,0.061805129051208496,0.021522244196385147,0.01825534343719483,0.016479929555207495,0.015217363797128201,0.014369291579350815,0.010777212120592594,0.005605435092002153,0.0035622803261503577
0754,PRight,3,3,0.04418720304965973,0.018668565284460783,0.016488122642040255,0.015208142502233386,0.014211643151938918,0.013482596864923833,0.011101129185408357,0.005728957895189558,0.003596449736505747
