frame,component,offset,sigma,q_1_00,q_0_99,q_0_98,q_0_97,q_0_96,q_0_95,q_0_90,q_0_80,q_0_50
0004,RoboArm,1,0,0.1511440873146057,0.0560581024363637,0.04141967080533505,0.033546325601637374,0.0276586750894785,0.02386523988097905,0.01605846900492907,0.010646549984812742,0.00497027114033699
0004,RoboArm,1,1,0.07854663580656052,0.043814732134342206,0.03575280211865902,0.02973186837509275,0.025658666640520102,0.022813998162746384,0.016113013401627543,0.010567632876336575,0.005331807304173708
0004,RoboArm,1,2,0.0480421707034111,0.036319492012262346,0.031632924750447274,0.02730406129732729,0.02433280378580094,0.022107074968516823,0.0156405333429575,0.010569299012422562,0.005478438921272755
0004,RoboArm,1,3,0.038570865988731384,0.03150105591863394,0.029113293550908567,0.026690420545637607,0.024524265825748445,0.022725611273199248,0.0149143579415977,0.010411599464714533,0.005669702542945743
0004,RoboArm,2,0,0.14507229626178741,0.04952274501323702,0.03619621567428112,0.028684040363878022,0.023465702310204506,0.02007718747481703,0.01457380410283804,0.008432920090854168,0.0038346960209310055
0004,RoboArm,2,1,0.07316090911626816,0.03826577238738537,0.03145866647362709,0.025900654476135977,0.022330350354313855,0.019751579035073488,0.01444637831300497,0.008873741328716277,0.004185631172731519
0004,RoboArm,2,2,0.04535351321101189,0.031948271207511425,0.02737273786216975,0.024073677249252797,0.021392531245946887,0.01952330954372882,0.013880907092243436,0.00888167191296816,0.004318832419812679
0004,RoboArm,2,3,0.034675512462854385,0.027741608154028655,0.025597761310637,0.023587980009615424,0.021751368567347534,0.019931228924542625,0.01317606307566166,0.00871556494385004,0.0044829759281128645
0004,RoboArm,3,0,0.14507229626178741,0.046305108815431595,0.033539760559797314,0.026131064910441638,0.020998281389474873,0.018175601959228477,0.013416920788586148,0.007215656246989968,0.003260127385146916
0004,RoboArm,3,1,0.07255010306835175,0.0356076841801405,0.028756837435066705,0.023657125514000666,0.020456542298197756,0.018220848683267832,0.013297332730144263,0.007896119728684427,0.003564813989214599
0004,RoboArm,3,2,0.04454763978719711,0.029592532366514206,0.025554393902421,0.022263129521161322,0.019913080781698227,0.018154489621520026,0.012935889698565007,0.007933740317821503,0.0037268600426614285
0004,RoboArm,3,3,0.03227798268198967,0.025883919671177865,0.02389425151050091,0.022057087514549496,0.02042139731347561,0.018195260874927042,0.012168034631758945,0.007790046837180855,0.0038864644011482596
0009,RoboArm,1,0,0.1468750387430191,0.03030907286331058,0.022749682702124123,0.019307768624275926,0.017619377225637438,0.017059926129877567,0.015210275538265705,0.008937661163508892,0.004244327079504728
0009,RoboArm,1,1,0.04219161719083786,0.022235265690833332,0.018455620855093002,0.01715206624940038,0.016749119311571123,0.01643487019464373,0.013944096677005293,0.008650131523609161,0.004698741948232055
0009,RoboArm,1,2,0.029173552989959717,0.01971176017075777,0.01690320756286383,0.016552350968122485,0.016201496571302414,0.01580425780266523,0.012870282400399446,0.008827968500554562,0.004978047451004386
0009,RoboArm,1,3,0.024714946746826172,0.017222931087017064,0.01647448793053627,0.016150502283126117,0.015669690892100335,0.015225487062707542,0.012590092886239291,0.008648409694433213,0.005134256090968847
0009,RoboArm,2,0,0.09204065054655075,0.025775346532464032,0.019785684570670127,0.017336952276527883,0.01664888471364975,0.016310218349099143,0.013413853570818902,0.006850473489612342,0.00332350458484143
0009,RoboArm,2,1,0.038369301706552505,0.018836036790162325,0.016828430555760863,0.01642704924568534,0.016088774874806405,0.01569134443998337,0.012162480782717472,0.007000381965190178,0.0036515614483505487
0009,RoboArm,2,2,0.023075155913829803,0.016698345355689526,0.01626272711902857,0.015897563919425012,0.015470006912946702,0.014895782247185704,0.011317315045744186,0.007267468422651295,0.0038843416841700673
0009,RoboArm,2,3,0.01992679201066494,0.01608817184343934,0.015708307437598705,0.015157610597088934,0.01466841246932745,0.013953030621632933,0.01107137491926551,0.007064419612288477,0.004012394463643432
0009,RoboArm,3,0,0.09204065054655075,0.023160248547792438,0.018133935816586025,0.01653863063082099,0.016184480860829353,0.015731794759631157,0.012221650034189228,0.005887345410883427,0.002807558747008443
0009,RoboArm,3,1,0.03774602338671684,0.01693937649950385,0.016239631064236162,0.01587971741333604,0.0155148034542799,0.01508153560571372,0.011012259870767593,0.0061369482427835525,0.0031147057889029384
0009,RoboArm,3,2,0.020915215834975243,0.0161003783531487,0.015735340118408204,0.015281048892065883,0.014748520962893964,0.014060228271409864,0.010268164984881882,0.006435849517583848,0.0032876706682145596
0009,RoboArm,3,3,0.017384042963385582,0.01570067087188363,0.01517501998692751,0.014575992301106455,0.01379664395004511,0.012975401990115643,0.010046362690627576,0.006295815110206607,0.003420723951421678
0014,RoboArm,1,0,0.303728312253952,0.07693477712571622,0.0525724414736033,0.041237120293080805,0.033330347388982794,0.028740184754133195,0.01889339368790389,0.011734876595437527,0.005353161133825779
0014,RoboArm,1,1,0.1770751178264618,0.05934146948158742,0.046842818930745135,0.039145735017955305,0.032829094827175144,0.028999043628573407,0.01986428406089545,0.0124713433906436,0.0057231883984059095
0014,RoboArm,1,2,0.0906640961766243,0.04647528812289238,0.04144208051264286,0.0367410372197628,0.03345881581306458,0.030178983043879257,0.019804445654153825,0.012968677654862409,0.005889596184715629
0014,RoboArm,1,3,0.06361733376979828,0.0418175857141614,0.037011327967047696,0.03470111064612866,0.03228908136487008,0.029619206767529223,0.019508479535579687,0.013285153172910215,0.006093542091548443
0014,RoboArm,2,0,0.28340256214141846,0.061757690608501455,0.041811056435108185,0.03144879054278136,0.02649378657341004,0.023472003452479826,0.01556598506867886,0.009801499545574188,0.004178115865215659
0014,RoboArm,2,1,0.1180502325296402,0.05145750585943461,0.03815499573945999,0.0314591170847416,0.026231791079044345,0.022995872609317226,0.015908961556851866,0.010342214070260527,0.004430058877915144
0014,RoboArm,2,2,0.05790386721491814,0.03913745861500502,0.03489986576139927,0.03061203906312585,0.026855429261922845,0.024319310579448934,0.015664650313556194,0.010711885243654256,0.004626929759979248
0014,RoboArm,2,3,0.04115970805287361,0.03444383379071951,0.03139589115977287,0.02939979510381818,0.0265946900844574,0.023745533358305693,0.015235377009958029,0.01096000410616398,0.004842773545533419
0014,RoboArm,3,0,0.2489228993654251,0.05324219912290573,0.03609451651573181,0.027630812712013748,0.022892352640628815,0.020355677511543022,0.013744900655001422,0.008791831322014332,0.003544971696101129
0014,RoboArm,3,1,0.09911216795444489,0.044704090990126136,0.03257759086787704,0.026268672291189437,0.022675723135471344,0.019805454276502134,0.013956959266215563,0.009492218121886255,0.0037768714828416705
0014,RoboArm,3,2,0.051373522728681564,0.035232921093702324,0.03049692187458277,0.02665398970246315,0.023430110588669777,0.021083032991737114,0.013557125069200999,0.009611676447093487,0.003957552136853337
0014,RoboArm,3,3,0.037798818200826645,0.030789459347724916,0.027945516929030422,0.025919596031308174,0.023142926096916205,0.020654124300926918,0.01304357973858714,0.00974232275038958,0.004145921673625708
0019,RoboArm,1,0,0.13270142674446106,0.032568545639514924,0.02599918324500323,0.022599350661039352,0.019839111119508743,0.017487633880227792,0.012752343621104978,0.008853819593787194,0.0049023013561964035
0019,RoboArm,1,1,0.06061439588665962,0.024896679036319258,0.020984556712210178,0.0185143063403666,0.017233135551214217,0.015971100889146304,0.012154066748917107,0.00835440792143345,0.005251017166301608
0019,RoboArm,1,2,0.03961990028619766,0.02087230509147048,0.018018811047077178,0.016832570806145673,0.01584498383104801,0.015090322680771349,0.012113933358341458,0.008308708854019653,0.005407215328887105
0019,RoboArm,1,3,0.02947797253727913,0.01848791230469942,0.016744820401072502,0.01568020259961486,0.01492248073220253,0.01444821623153984,0.011898837797343732,0.008347607031464577,0.005512050585821271
0019,RoboArm,2,0,0.11750167608261108,0.02836131298914552,0.021745136193931106,0.018028959669172763,0.016005121171474457,0.014240495953708885,0.01014085179194808,0.007289063185453415,0.0036391664762049913
0019,RoboArm,2,1,0.05722535029053688,0.020471884459257128,0.01715270321816206,0.015520031526684762,0.014233709946274759,0.013352662650868295,0.01004638466984034,0.007125303428620101,0.003966798773035407
0019,RoboArm,2,2,0.035001158714294434,0.01669915309175849,0.014982740320265293,0.0139650262799114,0.013220405019819737,0.012592444010078906,0.009959256369620565,0.007238218840211636,0.004108916036784649
0019,RoboArm,2,3,0.0249872338026762,0.015073127336800099,0.0136570362187922,0.012918439842760563,0.012397713623940945,0.011998293688520786,0.009618429839611054,0.007245149835944182,0.004189840750768781
0019,RoboArm,3,0,0.11750167608261108,0.025114033147692685,0.01902850531041622,0.015862409565597774,0.013505863957107067,0.012402959074825049,0.00877019399777055,0.006544013507664204,0.0030363830737769604
0019,RoboArm,3,1,0.05655575171113014,0.01788664070889354,0.01517164219170809,0.01360369305126369,0.012611883766949179,0.01185089615173637,0.008919499628245833,0.0064139056019485025,0.0033116143895313144
0019,RoboArm,3,2,0.03398028388619423,0.014713884154334665,0.013197739161551002,0.012300195749849082,0.01166628196835518,0.01115279379300772,0.00873785894364119,0.006521935295313597,0.0034309551119804382
0019,RoboArm,3,3,0.023596318438649178,0.013141261516138912,0.012141553051769734,0.011493166340515018,0.011059869192540647,0.010675865365192293,0.008493309561163188,0.006519520841538906,0.0035046535776928067
0024,RoboArm,1,0,0.2550358772277832,0.07595402605831625,0.05533808745443821,0.04486294552683833,0.03802609071135521,0.033543702214956284,0.021628539077937627,0.012821128591895105,0.005265356507152319
0024,RoboArm,1,1,0.12597523629665375,0.055320259965956214,0.04674321241676807,0.04059104014188052,0.03662331759929658,0.03333060219883912,0.02250300291925669,0.013396869599819188,0.00562682468444109
0024,RoboArm,1,2,0.07170002907514572,0.04497807618230582,0.040872897282242776,0.03784185353666544,0.03473469898104668,0.03204309139400717,0.022933420911431354,0.01361354570835829,0.005848490400239825
0024,RoboArm,1,3,0.05110534280538559,0.04007648758590222,0.037334343865513805,0.03514789070934057,0.033232085257768634,0.03088724464178085,0.021867964416742325,0.014320236817002306,0.00608760304749012
0024,RoboArm,2,0,0.2510848939418793,0.06422762878239159,0.04604380100965501,0.03713984809815884,0.03142480552196503,0.027475512959063052,0.01794071309268475,0.01004219595342877,0.004194890381768346
0024,RoboArm,2,1,0.11816959083080292,0.046882768720388414,0.03928181067109109,0.03421382538974285,0.030596383213996887,0.027722359634935852,0.018244601413607602,0.010928544960916045,0.004519432550296187
0024,RoboArm,2,2,0.06494948267936707,0.03854376282542944,0.03471119098365307,0.03201613552868366,0.02936366736888886,0.0268394455313682,0.018432904779911042,0.011089317500591285,0.004736690316349268
0024,RoboArm,2,3,0.046341463923454285,0.03452143136411905,0.03210903622210026,0.029950991831719877,0.028181163370609295,0.026149293407797786,0.01762796919792892,0.01147066801786423,0.004931384697556496
0024,RoboArm,3,0,0.2510848939418793,0.05606179524213076,0.040209958776831665,0.03315517216920855,0.027711544185876846,0.024616608209907995,0.016668954864144325,0.008606291376054287,0.0036045624874532223
0024,RoboArm,3,1,0.11574679613113403,0.041431818157434464,0.03453089900314808,0.030209074262529625,0.027051696777343752,0.024409391172230233,0.016656615771353245,0.00960108432918787,0.0038909196155145764
0024,RoboArm,3,2,0.06258910894393921,0.03424741297960281,0.030511011965572838,0.02824414754286409,0.025957402512431147,0.023999472148716446,0.01635636072605849,0.009791325591504578,0.004097694763913751
0024,RoboArm,3,3,0.04436422511935234,0.031140116266906263,0.028419660180807115,0.02640569696202874,0.02481145516037941,0.02321999296545982,0.015595215745270275,0.009969609044492251,0.004304097732529044
0029,RoboArm,1,0,0.6280012726783752,0.08980985783040528,0.05277710892260075,0.04109113056212665,0.033357603847980505,0.028660069964826076,0.017520357854664347,0.011495900340378284,0.00501067191362381
0029,RoboArm,1,1,0.31930094957351685,0.08782858766615392,0.0545772683620453,0.03934640482068063,0.030034889653325094,0.025882730539888005,0.017070486210286624,0.011677609197795391,0.005522506311535835
0029,RoboArm,1,2,0.1929442584514618,0.08494142413139344,0.05524306297302247,0.039847561903297926,0.0306854472309351,0.025548639800399356,0.0160954924300313,0.011858460307121278,0.005814441945403814
0029,RoboArm,1,3,0.1272144913673401,0.08326304197311403,0.05658689342439176,0.038746682703495024,0.03068498998880387,0.025262240786105377,0.015399984922260046,0.011730756796896457,0.0062945198733359575
0029,RoboArm,2,0,0.548900842666626,0.05572370871901512,0.03822484932839871,0.0299528911523521,0.024384409263730065,0.021142611932009354,0.012994743883609772,0.009366319701075577,0.003821392310783267
0029,RoboArm,2,1,0.29627594351768494,0.05425884570926429,0.0355661727488041,0.026534718666225678,0.02106021009385586,0.01844661189243192,0.012893240712583066,0.009748389944434168,0.004168411949649453
0029,RoboArm,2,2,0.160692036151886,0.05680204536765815,0.03798767544329167,0.02643472936004401,0.020701473802328133,0.017171205859631285,0.012334456853568555,0.009913384728133679,0.004409552784636617
0029,RoboArm,2,3,0.10468286275863647,0.058313307091593755,0.036924684867262844,0.02587934257462621,0.020438653454184535,0.01732895830646151,0.01185895148664713,0.009676857851445677,0.00474515138193965
0029,RoboArm,3,0,0.5407968163490295,0.04918097991496325,0.03270189210772515,0.024853680282831192,0.02033089153468609,0.01753358310088508,0.01186560932546854,0.007881513237953186,0.0032275666017085314
0029,RoboArm,3,1,0.2825242280960083,0.04670887526124717,0.030062907934188855,0.021928579192608596,0.017904634997248654,0.01584712676703929,0.011670949682593352,0.008325136266648771,0.003491593641228974
0029,RoboArm,3,2,0.14691440761089325,0.04703713405877352,0.031985098570585256,0.021977046187967062,0.017175312563776975,0.014312890917062754,0.01116993585601449,0.00851404704153538,0.0037428674986585975
0029,RoboArm,3,3,0.09122170507907867,0.04737050410360098,0.03207992188632489,0.022070318926125765,0.016935450434684755,0.014509345125406949,0.01072767730802298,0.008306669630110267,0.004018711857497692
0034,RoboArm,1,0,0.3994390070438385,0.050954245328903226,0.03577984727919102,0.028722607009112836,0.024326326251029973,0.021553858648985603,0.01421316377818585,0.010051571764051914,0.004891017451882362
0034,RoboArm,1,1,0.1778315305709839,0.04518352139741184,0.0347761394828558,0.02812374517321588,0.02404613330960274,0.021030384767800565,0.013986349757760764,0.009945684857666493,0.005279394797980785
0034,RoboArm,1,2,0.08996644616127014,0.03925885554403068,0.032753516063094144,0.02768655193969608,0.02422152593731881,0.021044863946735836,0.013417653460055592,0.009952483139932158,0.0055102095939219
0034,RoboArm,1,3,0.058619920164346695,0.036318908743560314,0.029910798594355588,0.026362745724618435,0.023992343246936804,0.021603481750935304,0.013043315149843693,0.009855176880955701,0.005675002699717879
0034,RoboArm,2,0,0.18851351737976074,0.04015210136771202,0.027894508056342606,0.02242061123251915,0.019303582385182382,0.01696945456787943,0.011423907149583105,0.008582494221627712,0.0037892956752330065
0034,RoboArm,2,1,0.09379709511995316,0.03480425473302603,0.02545234635472299,0.02091765936464072,0.018341483920812612,0.01659890934824941,0.011406504083424808,0.00872765239328146,0.004099281504750252
0034,RoboArm,2,2,0.056371986865997314,0.029580683056265118,0.024667634889483467,0.020478052422404292,0.018067104220390325,0.016099663823842977,0.01120437188073993,0.008698338083922863,0.004293392179533839
0034,RoboArm,2,3,0.045352984219789505,0.02731375763192773,0.022545972429215914,0.01987161142751575,0.018019971773028373,0.01611277135089039,0.011007436923682692,0.008505394682288175,0.004439439857378602
0034,RoboArm,3,0,0.18851351737976074,0.034933287687599665,0.023895999267697338,0.01941605200991035,0.016601713374257088,0.014767711982131004,0.010361590422689915,0.007546886336058378,0.003207973437383771
0034,RoboArm,3,1,0.08539683371782303,0.029591059815138595,0.021509227864444258,0.017691220734268428,0.01562935180962086,0.014179859077557916,0.010405690968036653,0.007955420576035977,0.003463635570369661
0034,RoboArm,3,2,0.048841893672943115,0.025251528248190887,0.020671709775924686,0.017086649276316167,0.015094342157244684,0.013718867674469915,0.01024281280115247,0.00790536478161812,0.00362171174492687
0034,RoboArm,3,3,0.03898738697171211,0.024077480789273978,0.01908722694963217,0.01664084382355213,0.01485942613333464,0.013306286232545955,0.010042834188789129,0.007725552935153247,0.0037641982780769467
0039,RoboArm,1,0,0.8065969347953796,0.06603258691728119,0.03490786202251912,0.027051728311926135,0.02210813976824286,0.019422806799411774,0.01355908922851086,0.009257919900119307,0.004696764284744859
0039,RoboArm,1,1,0.7710813879966736,0.056340617500245584,0.03666676461696629,0.027971327975392365,0.023035785704851163,0.020024958066642236,0.013981594983488327,0.009526993334293367,0.005124838091433048
0039,RoboArm,1,2,0.592251181602478,0.0422880943864584,0.033288728296756755,0.027534919865429403,0.023539848551154145,0.021270928997546425,0.014423484075814489,0.009896401502192027,0.0053137068171054125
0039,RoboArm,1,3,0.422004371881485,0.040167366713285454,0.028957227841019634,0.025822042468935255,0.023527514412999155,0.021587542444467527,0.015128169022500528,0.010025372542440892,0.005522467894479632
0039,RoboArm,2,0,0.7975251078605652,0.04950709566473961,0.029801470786333096,0.022811430450528886,0.01889607049524784,0.016392938606441018,0.01099827000871301,0.007523091509938241,0.003636298351921141
0039,RoboArm,2,1,0.7291108965873718,0.04639929972589017,0.027830455042421817,0.02182863868772984,0.0185740415006876,0.016764664091169806,0.011826105881482366,0.008105711452662947,0.0039737955667078495
0039,RoboArm,2,2,0.5366840362548828,0.03595340289175511,0.026583608686923995,0.021772880088537932,0.018860169202089314,0.017184908688068334,0.012229048553854234,0.00858501959592104,0.004152851179242134
0039,RoboArm,2,3,0.37238648533821106,0.03201023750007165,0.023218681365251542,0.02086458284407854,0.01887017361819744,0.01726404735818504,0.012404558621346954,0.00868209507316351,0.004319742554798722
0039,RoboArm,3,0,0.739988386631012,0.04281880453228955,0.02649124972522259,0.02062108740210533,0.01705789990723135,0.014284028159454459,0.009901193901896477,0.006495505012571814,0.0030821770196780562
0039,RoboArm,3,1,0.7018129229545593,0.03857917919754984,0.02322303418070078,0.018861795198172337,0.016627160161733632,0.014938315283507081,0.01079220995306969,0.007196781691163779,0.00337691034656018
0039,RoboArm,3,2,0.5115867257118225,0.031797446981072446,0.021843307912349702,0.01797616984695196,0.016081460118293766,0.014577968372032034,0.011031491030007601,0.007694871164858341,0.0035606740275397897
0039,RoboArm,3,3,0.3483366072177887,0.02911602901294829,0.01982693750411273,0.01738284116610885,0.01585670448839665,0.014658899139612913,0.011054134834557772,0.00785011239349842,0.003704346250742674
0044,RoboArm,1,0,0.6503000855445862,0.08562369629740717,0.04954044237732888,0.036047719866037393,0.027125425040721896,0.02295280955731866,0.013132402300834657,0.009594043716788292,0.004322686232626438
0044,RoboArm,1,1,0.29716768860816956,0.08996331892907619,0.05577171824872498,0.03298717081546784,0.023658069223165518,0.01950989011675109,0.013020995538681747,0.009544076584279538,0.0047446247190237045
0044,RoboArm,1,2,0.1826360821723938,0.08989307366311554,0.06325331822037701,0.03358693119138481,0.022480470538139345,0.018481291644275154,0.012936608772724872,0.009598026797175408,0.004884976660832763
0044,RoboArm,1,3,0.1402217447757721,0.08822326548397541,0.06656082943081856,0.03222693901509051,0.022861679345369347,0.01767066586762666,0.012783544976264242,0.00955335572361946,0.00497614243067801
0044,RoboArm,2,0,0.5368844866752625,0.05873661860823631,0.03751898519694805,0.02715704046189785,0.02179699771106244,0.018317841179668882,0.01121367048472166,0.008135211281478412,0.0033856157679110765
0044,RoboArm,2,1,0.23693954944610596,0.061747522242367285,0.038744885250926044,0.024824381377548003,0.01857231840491295,0.015606551337987166,0.011084471829235554,0.008297295495867742,0.0036799542140215635
0044,RoboArm,2,2,0.14040690660476685,0.0605953123793006,0.043829278573393846,0.023270497340708993,0.01707262881100178,0.014484106516465525,0.010817434731870891,0.008371176198124886,0.0038383780047297478
0044,RoboArm,2,3,0.10555477440357208,0.05900734838098288,0.0450931948423386,0.023206867985427385,0.016837298944592478,0.013825287343934177,0.010678443871438506,0.008312206156551838,0.00394160021096468
0044,RoboArm,3,0,0.5368844866752625,0.04529317181557418,0.030328581891953966,0.023616091832518588,0.018973715603351593,0.015772103797644373,0.010229746624827387,0.00690921675413847,0.0028985440731048584
0044,RoboArm,3,1,0.21821428835391998,0.05148711916059256,0.030088988170027746,0.020409073252230892,0.016007478311657927,0.013906401116400955,0.01018572682514787,0.007401557173579935,0.003136351006105542
0044,RoboArm,3,2,0.12686951458454132,0.05057678673416376,0.03469323039054873,0.01898419091477991,0.014530313648283482,0.012793971272185421,0.009962763637304306,0.0075309693813324,0.00329681858420372
0044,RoboArm,3,3,0.09330768138170242,0.04942046023905277,0.03590708568692211,0.0188729377090931,0.013787188157439243,0.012010327214375135,0.009811881557106971,0.00748353302478791,0.0034051003167405725
0049,RoboArm,1,0,0.2525618076324463,0.07041925936937332,0.05397459819912911,0.046846007965505136,0.040800340473651886,0.036235655099153496,0.023938187584280967,0.013196808099746707,0.00513814203441143
0049,RoboArm,1,1,0.07908637076616287,0.04810592077672483,0.042082513198256497,0.038921333923935895,0.0360849766433239,0.03350555058568715,0.024860168434679517,0.014830407500267043,0.00562085909768939
0049,RoboArm,1,2,0.05044578015804291,0.0402126657217741,0.037132954671978954,0.0350204772874713,0.03298648715019226,0.03134256135672331,0.02360503189265728,0.015031465515494348,0.00593447545543313
0049,RoboArm,1,3,0.042351365089416504,0.036779775284230716,0.034333591312170036,0.03272524930536747,0.03156993195414543,0.030145124904811336,0.021634770929813387,0.014946013875305652,0.006457838928326964
0049,RoboArm,2,0,0.22130703926086426,0.06031092256307602,0.04859685458242893,0.04080800276249647,0.03610273763537407,0.03200821261852977,0.020390339568257337,0.010294907726347446,0.004086801782250404
0049,RoboArm,2,1,0.07282038778066635,0.04294280730187893,0.037564093098044406,0.03419852353632451,0.031163653507828716,0.02889436352998017,0.021081693843007093,0.012215689383447177,0.0044202180579304695
0049,RoboArm,2,2,0.0474311001598835,0.035549903213977815,0.03285002999007702,0.03049231816083193,0.02861635148525238,0.026882627233862873,0.019823060557246235,0.012611051835119727,0.004702023928985
0049,RoboArm,2,3,0.0389033742249012,0.03238671872764826,0.030222800299525263,0.028766864128410816,0.027707407251000404,0.026371518708765505,0.018294731527566912,0.012477284856140615,0.005059057846665382
0049,RoboArm,3,0,0.17440634965896606,0.056077054589986804,0.04392345286905767,0.037361451536417005,0.0320981927216053,0.02808075016364441,0.01841111108660698,0.008967875875532636,0.0034923283383250237
0049,RoboArm,3,1,0.06892397999763489,0.03877395994961262,0.034287834241986274,0.03059973325580359,0.028123559504747396,0.02580990092828869,0.01858947183936835,0.010844442434608942,0.0038135944632813334
0049,RoboArm,3,2,0.0452166348695755,0.032886413075029854,0.02990017712116242,0.027462465427815913,0.025587875545024872,0.02398464335128665,0.017511412501335158,0.01126928273588419,0.004067386966198683
0049,RoboArm,3,3,0.036391958594322205,0.029783828333020214,0.027545573376119136,0.026253222804516557,0.025110313519835475,0.023641532566398362,0.01604024525731803,0.011169013753533364,0.004390831803902984
0054,RoboArm,1,0,0.2471162974834442,0.0327799691259861,0.024919363483786604,0.021325675528496513,0.018644617423415184,0.01667730323970315,0.011887698713690043,0.009505599923431874,0.004686490632593632
0054,RoboArm,1,1,0.09063486754894257,0.027137496899813415,0.01989835236221552,0.017644932921975855,0.01608394131064415,0.014819925138726825,0.0112731097266078,0.009003416821360589,0.005139057757332921
0054,RoboArm,1,2,0.049303144216537476,0.026276347599923613,0.01852001834660769,0.015538228144869208,0.014547264613211156,0.013845950271934259,0.011081398092210294,0.008922680281102663,0.005298953736200929
0054,RoboArm,1,3,0.03896041586995125,0.023812318779528153,0.018210592567920694,0.014494528807699684,0.01358259253203869,0.012915745005011546,0.010819849371910096,0.008845240250229838,0.005390556063503027
0054,RoboArm,2,0,0.11816206574440002,0.026392731871455907,0.020559435710310936,0.01722730049863458,0.014901321120560173,0.013412179006263606,0.01026950217783451,0.007396445516496902,0.003497273428365588
0054,RoboArm,2,1,0.05189690738916397,0.019463341776281597,0.016065379828214647,0.01433204470202327,0.013014969676733018,0.011997865792363872,0.010092837270349266,0.007293666806071998,0.00386111275292933
0054,RoboArm,2,2,0.032787103205919266,0.01711255544796586,0.013437767326831818,0.012531628021970392,0.0118598373234272,0.011280869785696267,0.009950978495180608,0.007315304502844813,0.0040338654071092606
0054,RoboArm,2,3,0.026256822049617767,0.015719945151358845,0.012304130867123605,0.011742299990728497,0.011199348568916322,0.010695153567939996,0.009655351843684917,0.0072218218818306925,0.00411670608446002
0054,RoboArm,3,0,0.11170964688062668,0.023339827246963978,0.018122238889336603,0.014939919114112854,0.013134141564369206,0.011654231650754743,0.009734108764678246,0.006286962516605855,0.0029766522347927094
0054,RoboArm,3,1,0.05004153400659561,0.016884284894913434,0.01428804136812687,0.012530389614403248,0.011336828283965589,0.010784879326820365,0.009525017440319061,0.0062954770401120195,0.0032388411927968264
0054,RoboArm,3,2,0.027056869119405746,0.013781245201826097,0.01219573760405183,0.011165244327858094,0.010587073527276517,0.010295005841180675,0.00920659163966775,0.006470969691872598,0.0033987784991040826
0054,RoboArm,3,3,0.021160170435905457,0.012663586596027017,0.01105345904827118,0.010525585263967515,0.010184179022908212,0.00992719708010554,0.008830965310335162,0.006359594780951739,0.003492546849884093
0059,RoboArm,1,0,0.1305837780237198,0.028687010537832996,0.02176743678748608,0.018169946316629652,0.015993038192391396,0.014502126909792409,0.010740488488227128,0.008339610323309902,0.004292011726647615
0059,RoboArm,1,1,0.044381942600011826,0.021073401309549815,0.017690796069800854,0.015705892872065308,0.01422866314649582,0.013065189588814955,0.010221414640545845,0.007914825156331063,0.0046911032404750586
0059,RoboArm,1,2,0.030615629628300667,0.018130611591041096,0.015350798126310112,0.013794890716671945,0.012639957144856455,0.011839260067790737,0.010038879700005056,0.007820535637438298,0.004882273962721229
0059,RoboArm,1,3,0.023953892290592194,0.015852349288761617,0.013995640687644487,0.012691518208011987,0.011962571814656259,0.01133764330297708,0.009702546987682581,0.00772408749908209,0.005026642233133316
0059,RoboArm,2,0,0.12017891556024551,0.02528162151575089,0.018966704420745373,0.015748000741004946,0.013776207342743875,0.012161802593618628,0.009525147173553709,0.006658390536904335,0.00335765874478966
0059,RoboArm,2,1,0.03750791400671005,0.018582349848002198,0.01568770378828049,0.013624859051778912,0.012294343523681164,0.011281176516786217,0.009248070418834686,0.0066024622879922445,0.003658542293123901
0059,RoboArm,2,2,0.025364156812429428,0.015539429085329175,0.013158957380801441,0.011826559510082012,0.011032729335129261,0.010535860061645502,0.00905459262430668,0.006676755473017701,0.0038669698406010866
0059,RoboArm,2,3,0.019610915333032608,0.013624473959207536,0.01188216343522072,0.011002398487180473,0.01047264039516449,0.010073778592050074,0.008685991168022157,0.006609867699444295,0.003978813765570521
0059,RoboArm,3,0,0.08490239083766937,0.023423765059560536,0.017409882396459585,0.014422601331025365,0.012355863042175775,0.01110243792645633,0.008814454078674316,0.005719326436519623,0.002851498080417514
0059,RoboArm,3,1,0.02771148458123207,0.016648968905210497,0.014211983121931554,0.01242096219211817,0.011238230392336847,0.010522083146497595,0.008716334961354735,0.005776156950742008,0.003120922949165106
0059,RoboArm,3,2,0.019432291388511658,0.013639743719249966,0.01194980397820473,0.010864846352487804,0.010251951068639758,0.009849126171320676,0.008481890242546797,0.005957764107733965,0.003288127016276121
0059,RoboArm,3,3,0.015968456864356995,0.011894794097170236,0.01073968529701233,0.010190786877647044,0.00975100111216307,0.009489564737305042,0.008115119766443971,0.005927508044987919,0.0034005133202299476
0064,RoboArm,1,0,0.24299639463424683,0.06870365887880325,0.04457883909344673,0.03259044513106346,0.02721905134618283,0.02364814179018136,0.016559451818466187,0.011575723998248577,0.005152176134288311
0064,RoboArm,1,1,0.12511685490608215,0.05648070335388187,0.039272109046578414,0.030971347205340862,0.026603422686457635,0.02368680192157624,0.016845269314944743,0.01180370468646288,0.005457279738038778
0064,RoboArm,1,2,0.08286123722791672,0.04823405243456364,0.03639552593231202,0.030391489248722793,0.026173825040459633,0.023505128268152414,0.016392006725072863,0.011939160153269773,0.0055457171984016895
0064,RoboArm,1,3,0.07390844076871872,0.0433792282640934,0.034063417837023734,0.029521409515291457,0.026186240911483773,0.022763968165963863,0.0156227245926857,0.012003726698458195,0.005667545599862933
0064,RoboArm,2,0,0.2028338611125946,0.05941086135804653,0.03540430419147015,0.027225976809859276,0.022752826064825062,0.01973475823178887,0.014329785481095314,0.0095311662182212,0.00394488126039505
0064,RoboArm,2,1,0.08769235759973526,0.04591782443225384,0.0327122710645199,0.02516817815601826,0.021713261455297474,0.01976059200242157,0.014592180866748104,0.010226375423371795,0.004190635867416859
0064,RoboArm,2,2,0.05544000118970871,0.03825667578727008,0.030373605303466323,0.025133898463100195,0.022060194611549386,0.01963722165673971,0.014043496362864972,0.010403642244637015,0.004319827305153012
0064,RoboArm,2,3,0.04565632715821266,0.03622705210000277,0.029151220023632053,0.025348842572420836,0.021717826426029208,0.018994639161974143,0.013251863326877358,0.010425468347966673,0.004458084236830473
0064,RoboArm,3,0,0.16590115427970886,0.052422128990292576,0.031195535175502307,0.02464869948104024,0.019850461110472683,0.0172960945405065,0.013321919087320565,0.008230569399893287,0.003361541894264519
0064,RoboArm,3,1,0.08258358389139175,0.04064750034362079,0.028890522792935375,0.021969008613377826,0.019076068252325058,0.017224603425711388,0.01331064542755485,0.00900150611996651,0.003588467021472752
0064,RoboArm,3,2,0.051552917808294296,0.03423495762050152,0.027115110233426096,0.022950796410441402,0.019695827215909963,0.017306779418140645,0.012618265673518182,0.009343024902045726,0.003680268651805818
0064,RoboArm,3,3,0.04011857509613037,0.03155273340642453,0.026178688481450083,0.022815056405961515,0.01990148574113847,0.016695391107350566,0.011899981368333102,0.009361840039491656,0.003811943926848471
0069,RoboArm,1,0,0.20377987623214722,0.033938061930239204,0.025033507496118546,0.02105219140648842,0.018597303405404095,0.0167405929416418,0.012050146702677015,0.009658715501427653,0.004568828735500574
0069,RoboArm,1,1,0.07977692782878876,0.026184996757656336,0.020635839588940143,0.01784514317288995,0.01637434482574463,0.01494212970137595,0.011600037571042776,0.009156059846282009,0.005031878128647804
0069,RoboArm,1,2,0.05011099576950073,0.024561804588884115,0.01948895193636418,0.016646001487970356,0.015042143650352955,0.014029237767681476,0.011454656999558213,0.009227990917861464,0.005170142278075218
0069,RoboArm,1,3,0.036044247448444366,0.023262115679681304,0.0191967086493969,0.016089175920933486,0.014583654999732977,0.013486726908013221,0.011299397423863412,0.009149495325982573,0.0053053058218210936
0069,RoboArm,2,0,0.17469556629657745,0.027855747044086467,0.021342430338263517,0.0179394679516554,0.015465003401041035,0.01391276344656944,0.0107381209731102,0.007620236463844777,0.0034909292589873075
0069,RoboArm,2,1,0.0671204924583435,0.02125173440203071,0.01702852968126536,0.015254392838105561,0.013830428384244446,0.012597794830799097,0.010558670666068793,0.0076737781986594205,0.0038311295211315155
0069,RoboArm,2,2,0.04072384163737297,0.019067245833575733,0.015224213879555465,0.013685352401807904,0.012703256756067281,0.011932630697265266,0.010425067506730558,0.007751469034701587,0.003955266671255231
0069,RoboArm,2,3,0.028184253722429276,0.017732110898941757,0.014898183755576614,0.013018546346575028,0.01210933554917574,0.011509711155667898,0.010249816067516803,0.007682026363909245,0.0040487428195774555
0069,RoboArm,3,0,0.17469556629657745,0.025262164268642678,0.019410055689513688,0.015649641416966918,0.013647935353219509,0.012486568419262746,0.010284317657351494,0.006440693698823456,0.002970763249322772
0069,RoboArm,3,1,0.06097569316625595,0.018749096635729077,0.015655224174261094,0.013940252698957921,0.012460629902780056,0.011457954673096536,0.009976550936698914,0.0067288020625710585,0.0032382479403167963
0069,RoboArm,3,2,0.03547148033976555,0.016544979084283117,0.013738442417234185,0.012436286341398959,0.011516984403133394,0.011022067070007325,0.009785603359341623,0.006874758657068021,0.0033570650266483426
0069,RoboArm,3,3,0.024444498121738434,0.015461697708815341,0.013103700913488866,0.01176751962862909,0.011044839918613434,0.010692430473864077,0.009577869437634947,0.00680633578449488,0.003445931593887508
0074,RoboArm,1,0,0.47562432289123535,0.09421708285808564,0.06808026269078256,0.0548357767239213,0.04532718643546105,0.03791702017188064,0.02241020109504462,0.013944986276328564,0.005240417784079909
0074,RoboArm,1,1,0.19756530225276947,0.07121987245976925,0.05673981130123139,0.04871308051049711,0.04391323849558831,0.03910895623266695,0.025031390786170962,0.01454883012920619,0.005716957850381732
0074,RoboArm,1,2,0.08991000801324844,0.05590102244168521,0.04898915074765684,0.043882625922560696,0.03990741029381752,0.03623203057795757,0.025895464420318606,0.015330477803945555,0.005966274533420801
0074,RoboArm,1,3,0.0628843754529953,0.046756077483296396,0.042368699833750724,0.038978559486567976,0.03665150746703148,0.03439182173460722,0.027123569697141654,0.016363883018493657,0.006304191658273339
0074,RoboArm,2,0,0.47556787729263306,0.07460879474878312,0.054906771183013924,0.0423421011120081,0.03430468961596491,0.028462608717381942,0.017707348614931118,0.011257683299481869,0.003989527467638254
0074,RoboArm,2,1,0.19631607830524445,0.05677498210221529,0.04506986431777477,0.03900006242096425,0.03424575105309487,0.029457387328147858,0.01971011441200972,0.012183814309537412,0.00440731062553823
0074,RoboArm,2,2,0.0823979303240776,0.04564406275749207,0.039744974523782735,0.03533103432506323,0.031580536514520655,0.028565262071788302,0.019991194456815735,0.012880302593111995,0.004629341186955571
0074,RoboArm,2,3,0.0516786091029644,0.037635492086410524,0.03463744401931763,0.03209039613604546,0.029963727667927743,0.027765313629060977,0.02056256178766489,0.013205665908753876,0.004908828530460596
0074,RoboArm,3,0,0.47131386399269104,0.06709057703614235,0.046857309415936486,0.03615068003535275,0.028534398302435877,0.024370397813618144,0.015831079334020615,0.00968267023563385,0.003428974887356162
0074,RoboArm,3,1,0.19483545422554016,0.0500710466131568,0.03974168986082077,0.03401611723005773,0.029173373207449914,0.025250839162617878,0.01688126847147942,0.010870803520083431,0.0037527395179495215
0074,RoboArm,3,2,0.08069173991680145,0.04046009827405215,0.035128087624907496,0.03140121910721065,0.02774457924067975,0.024752200115472047,0.01735541056841612,0.011275495961308482,0.003930917475372553
0074,RoboArm,3,3,0.046656373888254166,0.03347425773739815,0.030701067037880423,0.02861433500424028,0.026620993986725818,0.024683915451169006,0.017521683126688004,0.011577439308166505,0.004189321305602789
0079,RoboArm,1,0,0.7660929560661316,0.11913761936128144,0.06440327435731893,0.04351697489619255,0.033119792193174374,0.026489315740764123,0.015211476944386963,0.01077054813504219,0.004866973729804158
0079,RoboArm,1,1,0.5333206653594971,0.10441247910261156,0.055797915458679244,0.04011257667094469,0.03253393530845643,0.026958363596349944,0.016464415006339553,0.010922714322805406,0.005285006016492844
0079,RoboArm,1,2,0.3391832709312439,0.11743712410330798,0.052175034582614924,0.036567674428224596,0.03020764254033567,0.02656921017915009,0.016825039312243464,0.011354249529540538,0.005444162292405963
0079,RoboArm,1,3,0.22724641859531403,0.12251995787024501,0.05638396009802821,0.037041347809135934,0.03062811456620694,0.025779372360557273,0.016684816591441633,0.011685131490230564,0.005634663626551628
0079,RoboArm,2,0,0.6397008895874023,0.0812590941786766,0.04763551272451883,0.03046927759423853,0.023273502215743085,0.01952439863234758,0.012850585673004395,0.008968656137585644,0.0037374882958829403
0079,RoboArm,2,1,0.34723544120788574,0.07211652934551241,0.03999015644192701,0.029147486183792357,0.022093878909945495,0.019576480798423276,0.013159082457423211,0.00943600255995989,0.004056248581036925
0079,RoboArm,2,2,0.21511833369731903,0.08136795170605184,0.034824697673320776,0.026516700722277166,0.021709959134459497,0.019143885187804688,0.01320155141875148,0.0096561748534441,0.004217312205582857
0079,RoboArm,2,3,0.17299646139144897,0.0838259169459343,0.03753720417618752,0.025204204227775348,0.021460714265704162,0.01855992991477243,0.01311633549630642,0.009683054685592656,0.004389745881780982
0079,RoboArm,3,0,0.6334814429283142,0.06325881808996205,0.036611110642552375,0.02456353509798648,0.019019086807966233,0.016478782054036842,0.011743197776377204,0.0074148902669548995,0.003189751645550132
0079,RoboArm,3,1,0.2925512492656708,0.061677260473370556,0.032422487363219274,0.02262429632246496,0.01861167751252651,0.016271384339779562,0.011848235968500384,0.008178014308214191,0.0033906587632372975
0079,RoboArm,3,2,0.17859742045402527,0.06334968075156212,0.028982472233474263,0.020930339246988297,0.01748279497027397,0.015828248392790553,0.011615776550024761,0.008444594778120523,0.003561894758604467
0079,RoboArm,3,3,0.13515672087669373,0.059673015587031863,0.026398945190012464,0.019940529838204386,0.016782135367393505,0.01509122299030423,0.011579159647226335,0.008520282059907916,0.0037063888739794493
0084,RoboArm,1,0,0.17649562656879425,0.030851829089224365,0.02283065140247345,0.019352796580642474,0.016901413574814797,0.015125996153801615,0.01108952732756734,0.008458558470010757,0.00431461539119482
0084,RoboArm,1,1,0.08099088817834854,0.02387457305565477,0.018529821261763574,0.016479668486863375,0.01507587339729071,0.013925728807225823,0.010824596136808397,0.008152521401643754,0.0046266617719084024
0084,RoboArm,1,2,0.054803065955638885,0.020974255744367842,0.01646414492279291,0.014769355598837137,0.013842994533479222,0.012969451257958998,0.010581726580858233,0.008333621360361579,0.004788240417838097
0084,RoboArm,1,3,0.03838307783007622,0.01903566334396601,0.015895503498613836,0.0140363800060004,0.013140052072703839,0.012327082874253386,0.010349166300147775,0.008304782211780548,0.004941853461787105
0084,RoboArm,2,0,0.0906899943947792,0.025673684924840928,0.018978872522711764,0.015902501530945308,0.013720565475523472,0.012360812164843082,0.010118127800524235,0.0066211982630193355,0.0033811377361416817
0084,RoboArm,2,1,0.06844213604927063,0.018150449525564914,0.015075922012329103,0.013652139846235515,0.01243344221264124,0.011557415174320339,0.009932673070579767,0.006615983601659543,0.0036694479640573263
0084,RoboArm,2,2,0.043225377798080444,0.014612015681341291,0.01283935371786356,0.012086530299857264,0.011471716798841954,0.010966603364795442,0.009594866912811995,0.00693328781053424,0.003829078166745603
0084,RoboArm,2,3,0.02894686907529831,0.012964337235316635,0.011960355788469315,0.011401966447010638,0.010879659689962864,0.010496489051729434,0.009311988484114408,0.006922134291380646,0.00394787173718214
0084,RoboArm,3,0,0.0906899943947792,0.023818193450570114,0.017320738583803178,0.013989700935781002,0.012137932963669303,0.011005634441971779,0.009474374540150168,0.0057445975020527845,0.0028741927817463875
0084,RoboArm,3,1,0.05682500824332237,0.016013089437037706,0.013531877789646388,0.01213496156036854,0.011226632744073869,0.010633051488548513,0.009361501131206753,0.005762895755469812,0.003112774807959795
0084,RoboArm,3,2,0.03329560533165932,0.013031693883240223,0.011696545630693438,0.010968731259927155,0.010563170462846756,0.010283317696303128,0.008850920479744675,0.006118215620517731,0.0032552287448197603
0084,RoboArm,3,3,0.02201146073639393,0.011685488792136312,0.010909534953534604,0.010476528899744153,0.010176700539886951,0.009861959004774684,0.008551770076155664,0.006095960550010206,0.0033737405901774764
0089,RoboArm,1,0,0.20185446739196777,0.07194814734160904,0.055199887454509745,0.04670091766864062,0.04069247305393221,0.03580040205270041,0.02368605136871338,0.013725919276475908,0.0056535108014941216
0089,RoboArm,1,1,0.09041909873485565,0.04989855960011482,0.04393503181636334,0.039861305616796024,0.03615042284131051,0.03278000112622976,0.023648638650774958,0.015480847284197812,0.0060681551694869995
0089,RoboArm,1,2,0.04705243930220604,0.04088083002716303,0.03783985033631325,0.03502627700567246,0.03212314933538438,0.030178476031869638,0.02264248486608267,0.01585462205111981,0.006471941247582436
0089,RoboArm,1,3,0.042052123695611954,0.03718663185834885,0.03389968864619732,0.0320837039873004,0.030463547855615617,0.02845976268872618,0.021647515334188946,0.015761182457208634,0.0069837854243814945
0089,RoboArm,2,0,0.20185446739196777,0.060350846499204636,0.046206589117646225,0.03927038352936508,0.03337628528475762,0.028970689512789232,0.020028841868042956,0.010414642281830328,0.004472928121685982
0089,RoboArm,2,1,0.08503001928329468,0.042178180627524854,0.03704572342336178,0.03324848446995021,0.029969369322061543,0.026709158997982724,0.019256591796875003,0.012514074891805659,0.004824401810765266
0089,RoboArm,2,2,0.040799401700496674,0.035038666799664504,0.03206803627312183,0.02909171592444182,0.02684381127357484,0.02485369620844722,0.017777278833091263,0.012828192859888086,0.005237280623987317
0089,RoboArm,2,3,0.03773896023631096,0.03237245343625546,0.029361828453838827,0.027877853903919458,0.025667459517717366,0.022788739204406726,0.016966844722628594,0.01261641755700112,0.005751551361754537
0089,RoboArm,3,0,0.20185446739196777,0.05323787521570921,0.04180672600865365,0.03409126438200474,0.028408599272370345,0.025239352881908417,0.017669079825282097,0.00883002188056708,0.0038047432899475098
0089,RoboArm,3,1,0.0847386047244072,0.038548490926623345,0.03325002565979958,0.02951258895918727,0.026029687523841872,0.022976920846849668,0.016785408183932305,0.010727258771657956,0.004082000581547618
0089,RoboArm,3,2,0.03906197473406792,0.03197482146322727,0.02925917122513056,0.02655053034424782,0.024316270947456375,0.022231387253850685,0.015320040658116344,0.011078717187047006,0.004497441696003079
0089,RoboArm,3,3,0.03519909828901291,0.029493355620652438,0.027094399742782115,0.025586896911263465,0.023397696763277055,0.020591927226632785,0.014578515477478505,0.010907319188117985,0.004992342554032803
0094,RoboArm,1,0,0.8442811965942383,0.24027149870991737,0.10167531833052643,0.060647431574761865,0.044814146906137504,0.036064111255109256,0.020665242895483986,0.011969928815960899,0.005362865747883916
0094,RoboArm,1,1,0.5682143568992615,0.2092090006172657,0.1118231700360775,0.06969576060771948,0.0538318380713463,0.0431437401100993,0.021192582882940816,0.01194809675216675,0.005762356799095869
0094,RoboArm,1,2,0.5111750960350037,0.18247219339013102,0.12622426837682726,0.08598846301436444,0.055173613876104366,0.044977303966879704,0.023714844509959223,0.011978217959403991,0.00612331205047667
0094,RoboArm,1,3,0.39835307002067566,0.16508546411991123,0.13221624433994295,0.0923364442586899,0.05968199849128727,0.04405485391616819,0.026771685481071488,0.01204949859529734,0.006559408502653241
0094,RoboArm,2,0,0.8295267820358276,0.15790412440896046,0.06364859670400622,0.03859785277396441,0.030247442647814756,0.025626629032194606,0.015243383590132,0.010341348126530647,0.003969146637246013
0094,RoboArm,2,1,0.5594342947006226,0.13903785228729257,0.0720784567296505,0.04857523422688249,0.03673856914043428,0.03007291341200453,0.01565435454249382,0.010410794988274576,0.004354110453277826
0094,RoboArm,2,2,0.47852790355682373,0.12850673586130143,0.07839949131011964,0.054787668846547684,0.04099214285612107,0.03388859294354913,0.016669924929738084,0.010458691790699961,0.004620397230610251
0094,RoboArm,2,3,0.35422199964523315,0.12724409431219103,0.08129292681813248,0.06068305402994162,0.04301240324974061,0.03455664888024325,0.019554896280169494,0.010486646741628651,0.004978085169568658
0094,RoboArm,3,0,0.822393000125885,0.10487870231270796,0.04680402040481569,0.02998853042721749,0.024833280593156815,0.021942638978362083,0.012952474877238274,0.009077966213226318,0.0033179819583892822
0094,RoboArm,3,1,0.5528123378753662,0.11042691677808769,0.0529059904068709,0.03673908356577158,0.028034651726484307,0.02388002974912521,0.013013787008821966,0.009258568100631243,0.0036240157205611467
0094,RoboArm,3,2,0.43794310092926025,0.10638514146208766,0.059492316991090775,0.03973285872489214,0.03210745975375176,0.027162888273596725,0.0134819400496781,0.009303169324994089,0.003889131359755993
0094,RoboArm,3,3,0.30536773800849915,0.10209606155753138,0.062398014590144164,0.04489325836300852,0.03408047065138821,0.028641914669424277,0.015728748589754107,0.009520823508501053,0.004236346576362848
0099,RoboArm,1,0,0.18591228127479553,0.03484669711440802,0.026653461903333665,0.0227396352030337,0.019957487210631373,0.017995399981737138,0.012816096376627685,0.009660440310835842,0.004553640726953745
0099,RoboArm,1,1,0.11226761341094971,0.02757447136566043,0.021626134552061558,0.019139576461166145,0.01741606213152409,0.016147781629115336,0.012655854225158697,0.009531758725643161,0.0049199811182916164
0099,RoboArm,1,2,0.0602315217256546,0.024077577963471417,0.019509477280080317,0.017217789720743896,0.015894263014197354,0.014785331115126595,0.012273523677140475,0.009580660052597523,0.005108067998662591
0099,RoboArm,1,3,0.039538271725177765,0.021043084468692547,0.017683135829865932,0.016205443404614925,0.015205008089542392,0.014335407130420204,0.01198425563052297,0.009271266870200634,0.00526518770493567
0099,RoboArm,2,0,0.14833170175552368,0.029042541552335023,0.022416883446276188,0.019055466279387482,0.01639630161225796,0.014527506101876496,0.011416069045662888,0.007529970724135639,0.0035128798335790634
0099,RoboArm,2,1,0.050132930278778076,0.020997391007840635,0.01770639576017857,0.015869723688811066,0.01435155525803566,0.01324085048399864,0.011186878383159638,0.007800754252821211,0.0038138304371386766
0099,RoboArm,2,2,0.027451196685433388,0.01770876444876194,0.015557206124067307,0.01400012294761837,0.013101063854992392,0.012519152509048581,0.010634646564722062,0.007895560562610628,0.004008906427770853
0099,RoboArm,2,3,0.021736642345786095,0.015421005403622987,0.014038609769195319,0.0130804293602705,0.01242757298052311,0.01195911094546318,0.010338954068720343,0.00771519634872675,0.004157680319622159
0099,RoboArm,3,0,0.14743837714195251,0.026073448359966278,0.01998322777450085,0.016818571593612434,0.01439827106893063,0.01270114579237997,0.010560438968241215,0.006577179301530123,0.00293504458386451
0099,RoboArm,3,1,0.04944857582449913,0.018167367987334728,0.01572501964867115,0.014083181498572234,0.012716917656362058,0.01224738350138068,0.010213911067694429,0.006811168789863588,0.0032179233385249972
0099,RoboArm,3,2,0.024927129969000816,0.015295488396659493,0.01349003540351987,0.01250737144611776,0.012035805210471155,0.011519907927140591,0.009812022186815738,0.0069333475083112744,0.0034002792090177536
0099,RoboArm,3,3,0.0169534794986248,0.01330119819380343,0.012366662621498109,0.011872065858915449,0.011384231001138688,0.011018989467993378,0.009515162557363512,0.006776743661612273,0.0035360977053642273
0104,RoboArm,1,0,0.30531832575798035,0.07497093081474304,0.053052485138177875,0.042082564048469086,0.035560519695281984,0.03062922097742557,0.02001611292362214,0.014166147448122501,0.005308884661644697
0104,RoboArm,1,1,0.1256115883588791,0.058210798576474196,0.04634580239653588,0.03916396345943213,0.033531930744647984,0.029652421176433543,0.02039332650601864,0.01509784609079361,0.005718805827200413
0104,RoboArm,1,2,0.07592091709375381,0.047304940521717076,0.040975544527173044,0.036095084995031355,0.03180754438042642,0.028952610585838555,0.020235776901245124,0.015439072623848919,0.005989486118778586
0104,RoboArm,1,3,0.054661825299263,0.0410497472435236,0.03698947340250015,0.03428742844611407,0.031750529855489734,0.029089184477925266,0.02019932270050049,0.015181151591241362,0.006357065634801984
0104,RoboArm,2,0,0.2996772229671478,0.06353010982275009,0.0448332354426384,0.03511617682874204,0.029089195132255562,0.02559586465358734,0.017491187900304794,0.011337879672646524,0.004072400741279125
0104,RoboArm,2,1,0.1235443502664566,0.048544497825205334,0.03799641385674477,0.032367124035954487,0.027694626897573474,0.024465068522840736,0.017833539098501206,0.012530989199876792,0.004439322277903557
0104,RoboArm,2,2,0.07177651673555374,0.04030480746179819,0.034093264490365996,0.029621474165469407,0.026307015568017962,0.02409019507467742,0.017496630735695365,0.012827744334936142,0.00472111557610333
0104,RoboArm,2,3,0.04989081993699074,0.03510639540851116,0.03109812080860138,0.028908057343214753,0.026557523757219318,0.02391649903729558,0.017261505499482164,0.012592003494501128,0.005053834756836295
0104,RoboArm,3,0,0.2996772229671478,0.05544757287949325,0.03917018920183185,0.030519266333431005,0.026176165938377384,0.02263895152136679,0.01659495383501053,0.010002120397984982,0.003508718917146325
0104,RoboArm,3,1,0.11843089759349823,0.04265635151416063,0.033363371863961225,0.02838219914585352,0.024367949664592752,0.021766023337841,0.016704442724585534,0.011045175045728684,0.003814982483163476
0104,RoboArm,3,2,0.06297630071640015,0.03569499958306551,0.03044200669974089,0.02617638982832432,0.022767411097884178,0.02075398229062555,0.016135334223508838,0.011358984000980862,0.004081181949004531
0104,RoboArm,3,3,0.04459136351943016,0.031268066950142386,0.027792800441384317,0.025531651172786954,0.023773713782429696,0.021187323145568367,0.01564325373619795,0.01127445660531521,0.004360320512205362
0109,RoboArm,1,0,0.233298197388649,0.054216885529458546,0.038095698580145845,0.028778122495859863,0.024215104058384895,0.021510028839111274,0.014086189027875671,0.00985685270279646,0.0047981650568544865
0109,RoboArm,1,1,0.1304900050163269,0.05025299802422525,0.0357384391129017,0.02946853017434479,0.024472785219550135,0.02081267843022942,0.013920801505446435,0.009884193539619448,0.005071982508525252
0109,RoboArm,1,2,0.10680408030748367,0.04476346299052242,0.036566837057471276,0.030383205208927403,0.024634101763367652,0.020686610508710145,0.013817028235644107,0.009985969960689546,0.005222333362326026
0109,RoboArm,1,3,0.08227840065956116,0.044040030352771285,0.03579420216381551,0.029800891391932975,0.02419225960969925,0.02105316929519176,0.01369948936626315,0.009923243150115014,0.005405314266681671
0109,RoboArm,2,0,0.22468870878219604,0.04373344026505948,0.029169366471469428,0.02312314366921784,0.0200622332841158,0.017492701020091758,0.011522296350449327,0.008467515185475354,0.0037145058158785105
0109,RoboArm,2,1,0.11855579167604446,0.037611997686326504,0.02776966106146574,0.022802923507988453,0.019691378697752955,0.017026796657592054,0.011566028092056514,0.008518114872276784,0.003974794177338481
0109,RoboArm,2,2,0.07212649285793304,0.035184944756329065,0.027269975207746034,0.023347750622779155,0.019211371541023266,0.016281670238822602,0.011424164660274983,0.008673604018986229,0.004125934559851885
0109,RoboArm,2,3,0.056352388113737106,0.03527672484517098,0.026863234117627147,0.022143614273518325,0.018657291829586038,0.016199954319745292,0.011265011131763458,0.008580439537763598,0.0042736942414194345
0109,RoboArm,3,0,0.22468870878219604,0.03639610704034568,0.024940955974161627,0.020286453887820244,0.017423473745584492,0.015633859997615192,0.010617063194513323,0.007668678555637603,0.003126298077404499
0109,RoboArm,3,1,0.09509871900081635,0.03205469883978367,0.023483902812004093,0.019820458889007575,0.01713135726749897,0.015202790452167365,0.010553404409438383,0.007799975480884314,0.00336809444706887
0109,RoboArm,3,2,0.05661087855696678,0.029856763258576398,0.023681563362479213,0.01970124091953039,0.016470900028944017,0.01389889810234307,0.01037183851003647,0.007922283932566646,0.0035439740167930722
0109,RoboArm,3,3,0.04266497120261192,0.029057692736387256,0.022668908163905144,0.019427557792514566,0.01623807549476624,0.013788275327533456,0.010236745886504653,0.00782921463251114,0.0036886605666950345
0114,RoboArm,1,0,0.30420178174972534,0.09781661555171013,0.0689640021324158,0.05463619407266379,0.04651864141225816,0.04114605020731686,0.027096722461283217,0.015802813693881035,0.0066442834213376045
0114,RoboArm,1,1,0.13297012448310852,0.06568814739584923,0.05540744945406915,0.04971326593309642,0.045346647500991835,0.0414344809949398,0.02907704282552004,0.017020424827933322,0.007277466123923659
0114,RoboArm,1,2,0.0850982815027237,0.05209756806492805,0.045499759241938595,0.042648190595209606,0.04023264169692994,0.038195618055760834,0.029581062868237498,0.018894308432936668,0.00783127872273326
0114,RoboArm,1,3,0.06482032686471939,0.044635129496455206,0.04065973564982414,0.038555497005581855,0.03718851879239082,0.035924004390835755,0.029885568097233774,0.019361286982893976,0.008106970693916082
0114,RoboArm,2,0,0.2638879716396332,0.07766586787998676,0.055486707165837305,0.042791971340775496,0.036790104061365125,0.032100592739880085,0.021565955318510535,0.013400314562022687,0.004842598456889391
0114,RoboArm,2,1,0.11229360848665237,0.05254625484347344,0.0439026089012623,0.03866334065794945,0.03494213595986366,0.03201640062034128,0.02348325438797474,0.013916928879916671,0.00539642758667469
0114,RoboArm,2,2,0.06756138801574707,0.04160815715789795,0.03596342593431473,0.0335891318321228,0.03149938836693764,0.02982590300962321,0.02367218248546124,0.01469088662415743,0.005799936829134822
0114,RoboArm,2,3,0.05036094784736633,0.035631747618317604,0.0319684150069952,0.030553602408617736,0.029627246633172035,0.028662440460175263,0.023784401267766955,0.014854017458856108,0.006124784471467137
0114,RoboArm,3,0,0.21700125932693481,0.06454622343182564,0.0467215094715357,0.03727790426462892,0.03171252310276032,0.027984959725290512,0.018305033817887333,0.012212943285703659,0.004004549700766802
0114,RoboArm,3,1,0.086717888712883,0.04522141724824905,0.03669542357325554,0.03216616831719876,0.029501026645302776,0.027236330416053507,0.01960820369422436,0.012610334157943727,0.0044122382532805204
0114,RoboArm,3,2,0.05327681079506874,0.035570570528507234,0.03098467394709587,0.028876235540956263,0.02714087918400765,0.02549811350181698,0.019882305525243293,0.012959849461913111,0.004706303123384714
0114,RoboArm,3,3,0.04057428613305092,0.030584824718534947,0.027914035096764572,0.02673978783190251,0.02583794288337231,0.025035797711461763,0.020064666494727153,0.012754617258906366,0.005086565390229225
0119,RoboArm,1,0,0.2439163625240326,0.0637622245401144,0.040521860122680664,0.03220478545874358,0.027663327381014843,0.024541609175503253,0.017523681931197643,0.011444544978439813,0.004923308035358787
0119,RoboArm,1,1,0.12214044481515884,0.04720970645546914,0.03557551860809327,0.029965421818196798,0.02649397291243077,0.023595259152352787,0.01748866327106953,0.012179522402584556,0.005216158227995038
0119,RoboArm,1,2,0.08921521157026291,0.039895077124238024,0.030309142507612706,0.027069464568048717,0.024683445841074004,0.022597062308341256,0.017385426163673404,0.01280984338372946,0.005391520215198398
0119,RoboArm,1,3,0.06596095114946365,0.035591443367302425,0.0292194102331996,0.026224463861435655,0.023740604221820845,0.021623658575117582,0.017166531458497048,0.012731804326176646,0.005580745870247483
0119,RoboArm,2,0,0.19265210628509521,0.05185265250504017,0.03338037833571435,0.027170138340443375,0.022799685224890724,0.0203867490403354,0.01468356978148222,0.009297208860516566,0.003830111352726817
0119,RoboArm,2,1,0.09619033336639404,0.03862217850983144,0.02868415139615536,0.024255665894597784,0.021616146266460422,0.01955105746164912,0.014782804157584907,0.00997209735214711,0.004106209147721529
0119,RoboArm,2,2,0.07594050467014313,0.03213386364281179,0.025122862197458743,0.022136906106024985,0.019755049496889117,0.018261563125997776,0.01436760574579239,0.01050677262246609,0.004256791202351451
0119,RoboArm,2,3,0.055694106966257095,0.02941363915801049,0.02451190058141947,0.021325326338410378,0.019005442410707483,0.017381044570356597,0.013958139251917601,0.010544801689684396,0.0044400624465197325
0119,RoboArm,3,0,0.19265210628509521,0.04430908158421517,0.030149832367897037,0.023860661294311292,0.020009899362921715,0.017654741182923317,0.013414482586085803,0.008390666730701926,0.003266269457526505
0119,RoboArm,3,1,0.09205793589353561,0.03312410451471806,0.024378110244870188,0.02113399146124721,0.018664173781871796,0.017057042755186543,0.013196522276848557,0.008997132442891598,0.0035267717903479934
0119,RoboArm,3,2,0.06879740953445435,0.028924437481909992,0.02119189642369747,0.018601281065493823,0.017122115716338166,0.016059443820267916,0.012708100955933332,0.00937262196093798,0.0036794192856177688
0119,RoboArm,3,3,0.04958462715148926,0.02586572278290987,0.02191444862633944,0.017871355060487985,0.015639401972293857,0.014803147129714466,0.012189745530486107,0.009408358484506607,0.003837088355794549
0124,RoboArm,1,0,0.24612565338611603,0.06226205103099348,0.04104905292391778,0.03214372061192991,0.027398957535624508,0.023608263488858937,0.014883843995630744,0.010540536604821687,0.005153739592060447
0124,RoboArm,1,1,0.1260114461183548,0.05203615114092827,0.03965726487338543,0.03167364489287139,0.026594928428530715,0.02232011882588259,0.0139626631513238,0.010104648023843765,0.005633496679365635
0124,RoboArm,1,2,0.08437511324882507,0.047140071578323846,0.03701945222914219,0.03135292835533619,0.026630728170275696,0.022771006729453726,0.013210518099367631,0.010043009743094446,0.00574863119982183
0124,RoboArm,1,3,0.0657704547047615,0.04516371492296458,0.03629336133599282,0.029805566668510444,0.025566344112157833,0.022400964517146345,0.012943803053349268,0.009938264638185501,0.0058165742084383965
0124,RoboArm,2,0,0.16983510553836823,0.04890481989830733,0.03221425838768483,0.02653938841074705,0.02242696695029737,0.01945648770779371,0.012043698225170376,0.008797949180006981,0.0037880607414990664
0124,RoboArm,2,1,0.109693743288517,0.03979732509702446,0.029982151351869105,0.02437303472310306,0.020551011785864833,0.017878890503197877,0.011615618597716093,0.00864765178412199,0.004181375959888101
0124,RoboArm,2,2,0.07101864367723465,0.03676757287234068,0.028316851556301127,0.02367931939661503,0.020546557679772384,0.017586540430784198,0.011200966965407134,0.008745351433753967,0.004291626624763012
0124,RoboArm,2,3,0.05491206422448158,0.03494130231440067,0.02875808328390122,0.02231583049520851,0.019571708664298058,0.016475114412605758,0.010942375939339402,0.00856394935399294,0.004375553224235773
0124,RoboArm,3,0,0.12318408489227295,0.04127369329333306,0.028825648203492166,0.02389136515557766,0.02006874606013298,0.01706520738080141,0.010974698234349496,0.007605469599366193,0.003150228876620531
0124,RoboArm,3,1,0.06951887160539627,0.03467114709317685,0.025340178757905975,0.02119595415890217,0.017851949557662013,0.015805774554610248,0.010844273772090674,0.007727377023547888,0.0034580728970468044
0124,RoboArm,3,2,0.05719495937228203,0.03254433006048203,0.02525284212082625,0.02016095768660307,0.01744300469756127,0.014965560846030708,0.010441442113369705,0.007925899326801301,0.0035935614723712206
0124,RoboArm,3,3,0.04712921380996704,0.031215456798672676,0.025497693680226804,0.019334915094077594,0.01611291125416756,0.0140412262640893,0.010235852748155593,0.0077132570557296295,0.0036830584285780787
0129,RoboArm,1,0,0.13601601123809814,0.05508786384016275,0.043194108679890646,0.03523204185068608,0.030402274802327156,0.026509833894670008,0.01756017878651619,0.010936366021633153,0.004937381949275732
0129,RoboArm,1,1,0.06092683970928192,0.04038341633975506,0.034861582294106484,0.030634251497685932,0.027492216825485246,0.02481443202123043,0.017562480270862584,0.011625819094479085,0.0053206628654152155
0129,RoboArm,1,2,0.045042671263217926,0.03329138860106468,0.029545455835759644,0.026860639303922657,0.024836794510483744,0.022937617823481544,0.017539076507091526,0.011636263132095339,0.005590049084275961
0129,RoboArm,1,3,0.03817002847790718,0.02950371949002147,0.026897814758121967,0.024958512391895057,0.02380235865712167,0.022504959348589166,0.016774618811905385,0.011683914065361024,0.005835248623043299
0129,RoboArm,2,0,0.13050520420074463,0.048331493996083746,0.03642203904688359,0.030506920609623196,0.026313327401876453,0.022329874895513045,0.015294468682259336,0.009177342429757127,0.0038364779902622104
0129,RoboArm,2,1,0.058770228177309036,0.03580627977848053,0.030165478251874447,0.026286964807659394,0.023190997093915942,0.021157050225883718,0.015235693845897914,0.00985555984079838,0.004208741709589958
0129,RoboArm,2,2,0.04075267165899277,0.02944395925849676,0.02614793848246336,0.023545135334134104,0.02163998186588288,0.019757320359349233,0.014755305927246812,0.009826996922492984,0.004446795908734202
0129,RoboArm,2,3,0.034038297832012177,0.026262715831398963,0.023718720227479936,0.0221125659532845,0.020968263298273088,0.0197137174196541,0.0140029632486403,0.009842992760241032,0.004642855608835816
0129,RoboArm,3,0,0.13050520420074463,0.044740594103932385,0.03305361658334733,0.028334174845367672,0.023571572899818434,0.020136339589953423,0.01416272558271885,0.008248772285878662,0.003275218070484698
0129,RoboArm,3,1,0.05666075274348259,0.032755949422717104,0.027535033561289318,0.024093696456402545,0.021230555400252343,0.019184105657041064,0.014088002685457469,0.008960331417620182,0.0036040699342265725
0129,RoboArm,3,2,0.03554338216781616,0.026610709149390458,0.023971586227416995,0.021674544028937818,0.01995610423386097,0.01824487121775746,0.013553021010011436,0.008904677629470826,0.003846104838885367
0129,RoboArm,3,3,0.02886570245027542,0.02393788563087583,0.021835533380508424,0.020531456414610152,0.019348363131284716,0.017941347789019336,0.012884604465216398,0.008933580107986927,0.004011736949905753
0134,RoboArm,1,0,0.15122583508491516,0.03739801805466414,0.0293696677684784,0.024801490828394893,0.02185604639351368,0.02026081131771206,0.01420427905395627,0.009401792660355568,0.004751019179821014
0134,RoboArm,1,1,0.06956010311841965,0.029503910876810552,0.024666364900767807,0.02190328920260072,0.020238521620631222,0.018779957480728617,0.01435417216271162,0.00932568982243538,0.004984996281564236
0134,RoboArm,1,2,0.04235081374645233,0.02514621656388045,0.022018392495810987,0.020502587202936413,0.019246475026011466,0.018123617861419913,0.014014914724975826,0.009482366405427461,0.005053417757153511
0134,RoboArm,1,3,0.03178170695900917,0.022827032953500748,0.020769769288599492,0.019396396111696957,0.018282371386885644,0.017373130843043323,0.013915976975113155,0.009235965460538864,0.00514167663641274
0134,RoboArm,2,0,0.14007353782653809,0.032645899690687666,0.025034969300031663,0.021336213443428283,0.019444200545549396,0.0177132748067379,0.012125152163207531,0.007681807130575181,0.003616084810346365
0134,RoboArm,2,1,0.060483116656541824,0.02550444092601538,0.02116258777678013,0.019323252607136965,0.017732319310307505,0.01642919229343533,0.01224307166412473,0.007998485863208773,0.0038543171249330044
0134,RoboArm,2,2,0.03641371428966522,0.021677681747823956,0.019031661897897723,0.017566028628498317,0.0165080014616251,0.015536072757095093,0.011964032799005512,0.00817420799285174,0.003974799765273929
0134,RoboArm,2,3,0.027851784601807594,0.019568752963095903,0.017664694115519526,0.016388813443481923,0.015457761473953726,0.014754499960690733,0.011809423193335533,0.008108798041939737,0.004046049900352955
0134,RoboArm,3,0,0.13751158118247986,0.030172951333224785,0.022767324484884742,0.019847065210342407,0.017953358441591266,0.016286299470812053,0.010768597107380642,0.006661652959883214,0.003019212861545384
0134,RoboArm,3,1,0.050919510424137115,0.022652129344642166,0.01931765973567963,0.017691808026283982,0.016176120415329936,0.014999443897977454,0.011001375038176778,0.00707641821354628,0.003264888538978994
0134,RoboArm,3,2,0.031624287366867065,0.01955498231574893,0.017329501584172253,0.015971433352679018,0.01495648555457592,0.014131417497992509,0.010710685513913631,0.007389285136014224,0.0033881221897900105
0134,RoboArm,3,3,0.024774771183729172,0.017889454085379838,0.016150199435651304,0.01494034891016782,0.014005274884402756,0.013334602443501348,0.010558131057769067,0.007326786685734988,0.003474587923847139
0139,RoboArm,1,0,0.256544291973114,0.034870189912617214,0.026720471493899823,0.021827555540949128,0.01897393882274628,0.01704192599281667,0.011809414252638817,0.009024966694414615,0.004327256930992007
0139,RoboArm,1,1,0.07110696285963058,0.03049388207495213,0.023206955492496496,0.01978812834247947,0.017619964331388478,0.016145681031048294,0.011531187407672406,0.008744969218969348,0.004678327823057771
0139,RoboArm,1,2,0.044325534254312515,0.026068888939917087,0.021877553053200247,0.01861943731084466,0.016247658729553225,0.014981102850288142,0.011389653477817776,0.008908354118466383,0.004838043358176947
0139,RoboArm,1,3,0.03406396135687828,0.0235692373290658,0.021022705622017385,0.018168908134102824,0.015731262788176537,0.014153666282072663,0.011104394309222703,0.008931282162666322,0.005007465602830052
0139,RoboArm,2,0,0.12514835596084595,0.028757845293730502,0.022316883318126212,0.018590558096766473,0.016011469513177872,0.01439486350864172,0.010393828991800547,0.007224414870142937,0.0033581473398953676
0139,RoboArm,2,1,0.0441276915371418,0.022951538134366276,0.01916379626840353,0.016779959276318552,0.015076029524207136,0.013671933766454458,0.010333347320556642,0.007286114245653153,0.0036577113205567002
0139,RoboArm,2,2,0.025030096992850304,0.020005695261061194,0.01696292117238045,0.01473570334725082,0.013549781404435636,0.012638036301359531,0.010254086088389158,0.007601572759449483,0.0038119973614811897
0139,RoboArm,2,3,0.02080531418323517,0.017744465600699186,0.015689173862338066,0.014040877446532252,0.012506978288292885,0.011804036144167179,0.009989293478429319,0.007640947587788105,0.0039619519375264645
0139,RoboArm,3,0,0.08547574281692505,0.026452442053705456,0.019873635284602644,0.016418282352387906,0.01439486350864172,0.012673393962904808,0.009796588402241471,0.006335930991917849,0.002846894320100546
0139,RoboArm,3,1,0.034718673676252365,0.01969185395166278,0.016900921165943147,0.014831655751913796,0.013309987969696527,0.012143588066101071,0.009720846451818943,0.0065314858220517705,0.0031156180193647742
0139,RoboArm,3,2,0.022288354113698006,0.016618822999298573,0.014389420654624705,0.013064426295459274,0.01207701787352562,0.011233296943828458,0.00960385613143444,0.006859187595546247,0.0032862909138202667
0139,RoboArm,3,3,0.018705055117607117,0.014637254253029825,0.013131611570715905,0.011915515717118982,0.011136872470378876,0.010617861058562992,0.009380015823990109,0.006816396582871678,0.0034113265573978424
0144,RoboArm,1,0,0.24042922258377075,0.09323193855583671,0.06826317459344872,0.05373371731489898,0.045395806878805164,0.0382169911637902,0.022401458211243168,0.013397611305117622,0.0052364603616297245
0144,RoboArm,1,1,0.1040574163198471,0.06460450515151024,0.05512694001197816,0.048358465954661374,0.04306436866521837,0.03882422409951685,0.025112547166645533,0.014412359893322,0.005772643955424428
0144,RoboArm,1,2,0.06772732734680176,0.05126620404422283,0.04573014684021473,0.04151760306209327,0.03828004762530328,0.035564659722149325,0.02571492083370686,0.015609424561262132,0.0061461059376597404
0144,RoboArm,1,3,0.05486489087343216,0.0437918858602643,0.040019429475069056,0.03730979576706887,0.035254294425249105,0.03338453471660613,0.025995022058486954,0.0164038609713316,0.006499371491372585
0144,RoboArm,2,0,0.22856122255325317,0.0749693363904953,0.05264397330582142,0.041958145797252655,0.03458398580551149,0.02948902584612366,0.017541266977787025,0.011437725275754929,0.004069501534104347
0144,RoboArm,2,1,0.08829858154058456,0.052577021010220056,0.044426054060459144,0.03888766683638097,0.0343450252711773,0.030595929082482994,0.019561840407550338,0.012378139793872835,0.004509566351771355
0144,RoboArm,2,2,0.05440431833267212,0.04111912250518799,0.036587574332952504,0.033514287360012544,0.030762849897146227,0.027705651242285936,0.0201137213036418,0.012755211070179939,0.004826251184567809
0144,RoboArm,2,3,0.04533315822482109,0.03610949471592903,0.03217709012329578,0.029930285550653937,0.028276396170258525,0.026506014913320525,0.019390820525586605,0.013075382821261892,0.005107573000714183
0144,RoboArm,3,0,0.22807642817497253,0.06544680893421173,0.045905534252524395,0.03554445985704661,0.029696050211787253,0.02550804428756237,0.015030376799404626,0.009932221285998834,0.003508072695694864
0144,RoboArm,3,1,0.08578633517026901,0.04576891604810953,0.03872732110321523,0.033369879424572,0.029357204288244256,0.02589862337335941,0.016853692941367633,0.010936580784618857,0.0038221427239477634
0144,RoboArm,3,2,0.05021986737847328,0.03724719554185867,0.032041772529482856,0.029171679578721525,0.026209345906972898,0.02371027376502752,0.017100341059267526,0.011352582275867464,0.004111926071345806
0144,RoboArm,3,3,0.04188942536711693,0.03224492322653533,0.02873738490045071,0.02650899138301611,0.024705066308379178,0.022944869007915255,0.016307609342038634,0.011631559021770956,0.0043907626532018185
0149,RoboArm,1,0,0.19727367162704468,0.050144884437322616,0.03395347326993942,0.028078334648162142,0.02452690526843071,0.022086027916520822,0.015457871370017537,0.01008596513420344,0.0045892782509326935
0149,RoboArm,1,1,0.08855508267879486,0.038510961569845695,0.02955193974077702,0.025740837547928098,0.02313658058643342,0.02121518421918153,0.01575926989316941,0.010559800453484062,0.004928327864035964
0149,RoboArm,1,2,0.05330214649438858,0.03141132067888975,0.02629519321024418,0.023345290496945382,0.021633682847023016,0.020348354242742055,0.01569228377193214,0.010858811996877197,0.005050887120887637
0149,RoboArm,1,3,0.039239704608917236,0.027645532712340357,0.023877338059246543,0.02184159511700273,0.020471799969673157,0.01940308511257171,0.015783485397696497,0.01080642752349377,0.005209490889683366
0149,RoboArm,2,0,0.16060739755630493,0.04066380731761456,0.028774665929377084,0.02342581333592535,0.020797405391931534,0.019305986445397116,0.01257758215069771,0.008084812760353088,0.0035745236091315746
0149,RoboArm,2,1,0.07766981422901154,0.02966966999694706,0.024194215312600142,0.02170771365985275,0.01980857565999031,0.01824289700016378,0.013128236029297118,0.008844698406755926,0.003855988965369761
0149,RoboArm,2,2,0.04374031722545624,0.025491698756814004,0.021532685942947865,0.019552207104861736,0.018307733312249195,0.01720909476280211,0.012968973815441131,0.00915493089705706,0.004006526665762067
0149,RoboArm,2,3,0.032953258603811264,0.02248687854036689,0.019567024856805802,0.01798964047804475,0.017051074355840683,0.0163092229515314,0.013000013213604698,0.009050992131233216,0.004127721302211285
0149,RoboArm,3,0,0.16060739755630493,0.03515755943953992,0.0250028694048524,0.021256433110684165,0.019399449229240417,0.017160531133413315,0.011334875877946616,0.006860306300222874,0.003031133906915784
0149,RoboArm,3,1,0.07097413390874863,0.026551295686513186,0.021280689984560015,0.01937693795189262,0.017833863124251368,0.016511611733585594,0.011763233412057164,0.007732596714049579,0.003280307399109006
0149,RoboArm,3,2,0.03936890512704849,0.0226497726328671,0.019242700524628165,0.01756189262494445,0.01640027537941933,0.015286989649757741,0.011666126269847156,0.008057050965726379,0.003448575851507485
0149,RoboArm,3,3,0.028988195583224297,0.020391369778662922,0.017384268529713157,0.01616377791389823,0.015342723801732065,0.014602083573117843,0.011637741513550282,0.008012523129582415,0.003575319889932871
0154,RoboArm,1,0,0.23562322556972504,0.045099344328045854,0.03067116361111403,0.02437234221026303,0.020771505534648904,0.01865257574245332,0.012480310257524253,0.00902431104332209,0.004634325625374913
0154,RoboArm,1,1,0.09202012419700623,0.03872249696403742,0.025924935154616843,0.02108184773474932,0.01851331420242787,0.01691128546372054,0.012237000279128553,0.008877211436629296,0.005032431101426482
0154,RoboArm,1,2,0.05424937978386879,0.03523763917386532,0.026250223480165008,0.020067898817360402,0.016789942830801013,0.015423762146383512,0.011914896871894601,0.00902507696300745,0.005194386234506965
0154,RoboArm,1,3,0.04203006252646446,0.030905496813356876,0.02488780241459608,0.02032704394310713,0.01704890236258507,0.014738318882882583,0.011563288047909742,0.009064972214400769,0.005333968438208103
0154,RoboArm,2,0,0.22458471357822418,0.03404884029179812,0.02400799803435803,0.019789818674325943,0.01702284812927246,0.015140721527859568,0.009982986561954022,0.007575578521937134,0.003581109456717968
0154,RoboArm,2,1,0.08080940693616867,0.027673938740044843,0.020160393826663497,0.016613226104527718,0.014716888330876832,0.013544147880747905,0.010072181187570105,0.00766038736328483,0.0038556749932467937
0154,RoboArm,2,2,0.04385417699813843,0.024997171536087992,0.020149222649633886,0.01573439318686724,0.01351545918732882,0.012475097784772512,0.009763801749795676,0.007725905440747739,0.004020811524242163
0154,RoboArm,2,3,0.033115360885858536,0.02233590677380562,0.018910400532186032,0.016123213972896337,0.013355767130851752,0.011865879455581303,0.009503753669559956,0.0075406257994473,0.004135798662900925
0154,RoboArm,3,0,0.22458471357822418,0.029874522406607876,0.021323358640074733,0.017591847702860833,0.015001238696277142,0.013193655479699359,0.009100265800952911,0.0065580854192376255,0.0030245205853134394
0154,RoboArm,3,1,0.0787632018327713,0.023659443557262426,0.017446248643100275,0.014745186893269422,0.013121774643659592,0.012016458949074148,0.00922689735889435,0.006811009254306556,0.0032713809050619602
0154,RoboArm,3,2,0.043308183550834656,0.020879559330642228,0.017251190803945066,0.013777406653389336,0.012120692990720272,0.011169843794777989,0.008999605476856232,0.006892930064350368,0.0034470459213480353
0154,RoboArm,3,3,0.03247492015361786,0.018436779007315638,0.016278076656162745,0.013792800130322577,0.011698071882128716,0.010730711789801716,0.008783339802175761,0.006721211411058906,0.0035544573329389095
0159,RoboArm,1,0,0.1970970332622528,0.05908921834081413,0.04498269058763981,0.03666149724274874,0.03136715292930603,0.02769222371280188,0.018164111115038403,0.010848782770335675,0.005059974966570735
0159,RoboArm,1,1,0.0861871987581253,0.04429118424654008,0.03762960895895959,0.03278151229023933,0.029388257786631584,0.02639341913163661,0.018085377477109445,0.011501999571919445,0.005462614120915532
0159,RoboArm,1,2,0.05097980797290802,0.036732447072863585,0.03195572622120381,0.028577327392995358,0.02649027995765209,0.024753919709473847,0.018294924870133407,0.011576862446963791,0.005663848482072353
0159,RoboArm,1,3,0.03929619863629341,0.03235973190516234,0.0293501041457057,0.027480253726243978,0.025930169597268113,0.024022967834025594,0.017548174411058427,0.011706123687326908,0.005901175085455179
0159,RoboArm,2,0,0.18332462012767792,0.05049100257456304,0.03905293971300128,0.031846594810485844,0.026993366107344628,0.022861422598361957,0.015309500321745878,0.0088671799749136,0.0038934829644858837
0159,RoboArm,2,1,0.0806991457939148,0.03723726078867912,0.03152511462569238,0.027384966239333154,0.024634639099240307,0.02232404053211211,0.015593187790364027,0.00955608580261469,0.0042713002767413855
0159,RoboArm,2,2,0.0440569631755352,0.03133778594434262,0.027686024084687233,0.024602121729403736,0.022479706034064295,0.020898131746798745,0.015459988638758665,0.009676967002451421,0.004493222571909428
0159,RoboArm,2,3,0.03393622860312462,0.028161865789443255,0.025563891604542734,0.023907026629894974,0.02227736346423626,0.020393071882426676,0.01464329054579139,0.009850570000708117,0.00473179598338902
0159,RoboArm,3,0,0.16977457702159882,0.04662030056118966,0.03610674470663071,0.028731349390000126,0.024237098023295413,0.020527989882975814,0.013836070057004692,0.007914061658084393,0.003359785070642829
0159,RoboArm,3,1,0.07095026224851608,0.03488311301916838,0.029368477165699007,0.025039542131125928,0.022161358445882802,0.02006931891664856,0.014067610912024976,0.008641380816698078,0.003628774546086788
0159,RoboArm,3,2,0.04074928164482117,0.029060911647975446,0.025506400279700758,0.022842513974756007,0.020809402391314517,0.019216647744178757,0.013796518370509164,0.008715048618614675,0.003877699258737266
0159,RoboArm,3,3,0.031483277678489685,0.025807247664779428,0.02357320386916399,0.022122738342732193,0.020496326535940173,0.018715676479041574,0.013166861515492201,0.00884661413729191,0.004096743417903781
0164,RoboArm,1,0,0.15553279221057892,0.04358771923929453,0.0317670613527298,0.026391156893223536,0.02243114873766899,0.019897479284554605,0.013898406364023693,0.009208403155207635,0.0046536733862012625
0164,RoboArm,1,1,0.06012437492609024,0.03318580273538828,0.027045253477990628,0.02316487565636635,0.02047349698841573,0.018840393703430866,0.014034441765397792,0.00943873282521964,0.0050111759919673204
0164,RoboArm,1,2,0.04407024011015892,0.02682059181854129,0.02232987225055695,0.02021384784951806,0.01887877278029919,0.017718726303428387,0.013868697546422481,0.009766262583434583,0.005188800161704421
0164,RoboArm,1,3,0.03460870310664177,0.023750203382223844,0.02089731950312853,0.018940636254847053,0.017634558081626894,0.016694500017911194,0.013871703203767538,0.009568504430353645,0.005371719365939498
0164,RoboArm,2,0,0.15553279221057892,0.03552677556872368,0.02665093515068293,0.0213793045654893,0.018559809103608133,0.016772852931171627,0.011558700911700727,0.007578922901302576,0.0035764349158853292
0164,RoboArm,2,1,0.05645222216844559,0.02631647849455476,0.021522938497364523,0.01894225835800171,0.017219610586762434,0.01569972690194844,0.011850370280444625,0.008009958639740944,0.003888882347382605
0164,RoboArm,2,2,0.03299257159233093,0.020983353294432162,0.018077618815004828,0.016620606742799283,0.015646481662988664,0.014645015541464083,0.01175282532349229,0.008228890225291254,0.004059634869918227
0164,RoboArm,2,3,0.02560645155608654,0.01848473032936454,0.016596667878329755,0.01556093942373991,0.014650740250945093,0.013883581850677722,0.011559943854808808,0.008226453326642513,0.004221457289531827
0164,RoboArm,3,0,0.14257799088954926,0.031658514104783535,0.023564266487956058,0.01902000352740288,0.01669027008116246,0.014669882925227284,0.010257053188979627,0.00676950784400106,0.0030182970222085714
0164,RoboArm,3,1,0.04130223020911217,0.021877462863922118,0.01860365379601717,0.01676331801339984,0.015349909849464894,0.014110298454761501,0.010628721024841071,0.007190990634262567,0.003302679513581097
0164,RoboArm,3,2,0.031697168946266174,0.0176125699095428,0.01577368002384901,0.01466046852990985,0.013845500200986863,0.013121314393356438,0.010607074573636058,0.007411518134176731,0.0034690883476287127
0164,RoboArm,3,3,0.02425837144255638,0.01567137401551008,0.01429293405264616,0.013495183615013959,0.012898839078843594,0.01241936488077044,0.010288636200129988,0.007427694275975229,0.0036139904987066984
0169,RoboArm,1,0,0.25803565979003906,0.059054231904447106,0.04122940257191658,0.03341448735445738,0.02921806208789349,0.02520460104569792,0.016553593054413798,0.00989343412220478,0.005087231984362006
0169,RoboArm,1,1,0.1577932983636856,0.05082108914852143,0.037698699384927765,0.031030120998620996,0.026921868994832045,0.023929309006780326,0.01619843952357769,0.010137636587023735,0.005429612705484033
0169,RoboArm,1,2,0.09916908293962479,0.04677018418908121,0.034589111506938934,0.030001727156341078,0.02679055407643318,0.024490361008793093,0.015438018459826714,0.01025418732315302,0.005639876471832395
0169,RoboArm,1,3,0.07627774029970169,0.04392941873520614,0.03464723855257035,0.029594028163701318,0.025751322656869892,0.023380597494542577,0.01503474218770863,0.010310293547809126,0.005892143817618489
0169,RoboArm,2,0,0.24105258285999298,0.04677883010357619,0.03277094818651679,0.026683868039399386,0.022491693049669265,0.019916223548352673,0.012854621279984721,0.008175384812057021,0.0039005676517263055
0169,RoboArm,2,1,0.1481313407421112,0.0387569792568684,0.028232136107981216,0.024006729591637854,0.021264924854040145,0.018550352100282882,0.013033688161522157,0.008516673743724824,0.004169341409578919
0169,RoboArm,2,2,0.0769416093826294,0.036162058524787426,0.026742755211889745,0.02299101842567325,0.020769033357501035,0.01864400608465075,0.012349812779575588,0.00867939982563258,0.00436424626968801
0169,RoboArm,2,3,0.049764517694711685,0.03417807411402464,0.026781013384461413,0.02249378886073828,0.019724170938134195,0.018002057541161774,0.011820518318563702,0.008670443668961527,0.004600132117047906
0169,RoboArm,3,0,0.23405411839485168,0.039534122310578824,0.02886493716388941,0.022716604731976994,0.01954018935561181,0.01752405259758234,0.010911134723573924,0.007161326240748167,0.003324358258396387
0169,RoboArm,3,1,0.14248138666152954,0.032573002614080915,0.024007483981549744,0.02104225231334567,0.018604230135679252,0.01638694312423467,0.011223913542926312,0.007679897546768192,0.0035262868041172624
0169,RoboArm,3,2,0.07258984446525574,0.029071405418217195,0.022558836713433266,0.019830133039504292,0.01799635075032711,0.016524498630315052,0.010841320827603343,0.007796463929116727,0.003689095377922058
0169,RoboArm,3,3,0.04453157261013985,0.027295474838465457,0.022922642678022385,0.01969830444082618,0.017214517742395404,0.01581582324579358,0.010336648300290109,0.007759121991693973,0.0038993621710687876
0174,RoboArm,1,0,0.23665118217468262,0.08936184577643873,0.06373843371868135,0.050530935041606426,0.04319929674267771,0.0378641108050942,0.024127641320228578,0.01527567766606808,0.006560593843460083
0174,RoboArm,1,1,0.11573360115289688,0.06391073301434518,0.05156027220189572,0.04483242452144623,0.039881030023098,0.035900348797440515,0.025129042938351633,0.016276199370622642,0.007424335926771164
0174,RoboArm,1,2,0.07811975479125977,0.04976146850734949,0.044153774678707125,0.03915557723492384,0.03583438128232957,0.033215542137622824,0.024673777259886266,0.01721661984920502,0.008050124626606703
0174,RoboArm,1,3,0.05877054110169411,0.042204895466566084,0.038907787427306176,0.035984117984771725,0.033492862135171914,0.03149838093668222,0.024988369271159175,0.01731647066771984,0.008464659098535776
0174,RoboArm,2,0,0.22383487224578857,0.06961719572544099,0.049136340618133545,0.039778708480298526,0.03433428809046746,0.030111860111355745,0.01928610801696778,0.012228908948600292,0.00487868650816381
0174,RoboArm,2,1,0.10289723426103592,0.049804643392562874,0.04013247512280941,0.03475169144570829,0.030876562595367453,0.028353763092309227,0.019782945327460767,0.013166744261980058,0.005396529566496611
0174,RoboArm,2,2,0.06623165309429169,0.03984895940870047,0.03491297319531442,0.03092828242108226,0.02810933731496334,0.026079809758812175,0.01976150441914797,0.01357882209122181,0.005914146779105067
0174,RoboArm,2,3,0.04830640181899071,0.034178322814404964,0.0312142438814044,0.028750520274043085,0.026658146604895596,0.025192958582192636,0.019653937779366974,0.013660840317606927,0.006357045844197273
0174,RoboArm,3,0,0.21438299119472504,0.05687177460640669,0.042441857084631926,0.03522405941039324,0.030087195038795474,0.02624040208756921,0.01669022459536791,0.01066711638122797,0.004086465109139681
0174,RoboArm,3,1,0.09388755261898041,0.042365650571882726,0.03440795883536339,0.029998288210481408,0.027296322956681253,0.024892628658562888,0.017357951030135158,0.011371481046080599,0.004499683855101466
0174,RoboArm,3,2,0.058042529970407486,0.03460216108709574,0.029968823790550235,0.02707065183669329,0.024946191757917405,0.022860455513000484,0.017290086299180985,0.01173217222094536,0.004874786362051964
0174,RoboArm,3,3,0.04109560698270798,0.03014355568215251,0.027073660120368003,0.02520266314968467,0.023653782457113266,0.022171679511666282,0.016939660161733646,0.01182068083435297,0.0052929657977074385
0179,RoboArm,1,0,0.23067182302474976,0.08642680868506435,0.058164295777678496,0.04638549029827118,0.03882046684622765,0.033665205165743825,0.021526443772017963,0.013510940223932276,0.006056530633941293
0179,RoboArm,1,1,0.11718085408210754,0.05851122938096526,0.048225073516368865,0.040952967628836635,0.03654555514454842,0.03292786125093698,0.02286998499184847,0.015026751905679706,0.006453186506405473
0179,RoboArm,1,2,0.06885391473770142,0.04462811928242445,0.03994418248534204,0.03621933612972498,0.0329984025657177,0.031048676744103425,0.022954507730901248,0.016331621631979945,0.006829419871792197
0179,RoboArm,1,3,0.05008827522397041,0.03742062047123909,0.03454816684126854,0.03254936993122101,0.030978352129459385,0.02946832720190285,0.023145953565835955,0.016645805165171633,0.007264409214258194
0179,RoboArm,2,0,0.22415924072265625,0.06694685958325865,0.04441722482442858,0.03605655379593373,0.03083394415676594,0.027029437851160732,0.01727255992591381,0.01141615211963654,0.0047365715727210045
0179,RoboArm,2,1,0.10095255076885223,0.04682185143232346,0.03759250350296498,0.03234957095235587,0.02874111793935299,0.02575959851965296,0.018159414082765585,0.012377332150936128,0.005053712287917733
0179,RoboArm,2,2,0.05662742257118225,0.03549918558448553,0.031714881956577304,0.02864378470927477,0.026683743968605997,0.024812310654669982,0.017896597459912303,0.013051533699035644,0.005428374512121081
0179,RoboArm,2,3,0.04094564542174339,0.030328833013772965,0.027612686082720758,0.026249761115759614,0.02502543814480305,0.02389785237610339,0.017954790219664576,0.013187368214130404,0.005769415060058236
0179,RoboArm,3,0,0.19198831915855408,0.05660080242902042,0.0383631755411625,0.03162011139094832,0.026649871394038203,0.023644393775612112,0.015053547546267509,0.009882582910358907,0.004042013548314571
0179,RoboArm,3,1,0.08421997725963593,0.04087067898362876,0.032110019475221636,0.028344427943229684,0.024916341975331324,0.0221892649307847,0.01590409092605114,0.010977303422987465,0.004290087381377816
0179,RoboArm,3,2,0.04974014312028885,0.03148762796074152,0.027247582376003276,0.024959074333310127,0.02329375669360161,0.02150354860350487,0.01582155823707581,0.011339272558689118,0.004659711383283138
0179,RoboArm,3,3,0.036436595022678375,0.026889098398387445,0.024306262433528902,0.022954535819590092,0.02188002370297909,0.020796227548271373,0.015611958410590888,0.011421257071197033,0.005002475576475263
0184,RoboArm,1,0,0.4740520715713501,0.08492092818021775,0.04936510294675827,0.03770413402467969,0.03041832022368908,0.026416570413857657,0.016570312902331352,0.010503200814127922,0.005129069555550814
0184,RoboArm,1,1,0.35747477412223816,0.07938329257071018,0.049847948253154764,0.036217009909451016,0.02980228625237942,0.02576183471828699,0.016161814890801908,0.010260960459709177,0.005463744746521115
0184,RoboArm,1,2,0.23248568177223206,0.06979891374707223,0.04998070247471333,0.03902721278369429,0.03162704318761826,0.02711142124608158,0.015513337403535846,0.010180853120982648,0.005549800815060735
0184,RoboArm,1,3,0.16476762294769287,0.07129348061978819,0.05185868464410308,0.03940032750368119,0.032458657473325735,0.027978352736681537,0.015068160090595488,0.010292203910648827,0.0056245888117700815
0184,RoboArm,2,0,0.4740520715713501,0.06221373930573465,0.03715275198221207,0.02850799391046167,0.023892235085368158,0.021232630871236304,0.01353703048080206,0.008575838059186935,0.0038767849327996373
0184,RoboArm,2,1,0.3483726382255554,0.05859597943723202,0.03519098341464997,0.02751596108078957,0.022711195275187498,0.020325260888785085,0.013192791957408193,0.008682133257389073,0.004136294359341264
0184,RoboArm,2,2,0.22311680018901825,0.055254701264202614,0.03694325491786004,0.027958876620978124,0.023419352769851687,0.020446561463177176,0.01255393521860242,0.008714571408927445,0.004279229557141662
0184,RoboArm,2,3,0.15548934042453766,0.054294974282383925,0.03834280520677567,0.027598533611744643,0.0233060946315527,0.02068407610058775,0.012216032296419148,0.008644072711467745,0.0044271915685385466
0184,RoboArm,3,0,0.4643823802471161,0.05069737508893013,0.03156846009194851,0.024900099877268076,0.02142953604459763,0.018909854069352142,0.012255926243960859,0.007767037022858858,0.003279094584286213
0184,RoboArm,3,1,0.34639933705329895,0.04542959604412318,0.029268540516495706,0.023328555095940832,0.019986774846911432,0.01772275529801844,0.01188636226579547,0.007913886569440367,0.003484862274490297
0184,RoboArm,3,2,0.22062945365905762,0.04179080214351416,0.030125557184219366,0.024327391795814047,0.020205176919698718,0.017690238635987034,0.011226944811642174,0.00793089382350445,0.0036533381789922714
0184,RoboArm,3,3,0.15232782065868378,0.044506525956094264,0.030927397944033153,0.023469770345836888,0.020466535165905953,0.01785332262516017,0.010918105021119121,0.007789780478924514,0.0037879537558183074
0189,RoboArm,1,0,0.15652857720851898,0.03400577701628209,0.026011634282767777,0.02222710188478232,0.01951559677720071,0.017543644830584487,0.012062238529324532,0.00910307038575411,0.004359293496236205
0189,RoboArm,1,1,0.05665111541748047,0.027153611183166514,0.0213020433858037,0.018862187732011086,0.017310499399900436,0.016121006477624156,0.012039468251168728,0.009115897491574288,0.004670135676860809
0189,RoboArm,1,2,0.03991755098104477,0.023505956381559376,0.019892098754644396,0.01786002101376653,0.016503584235906605,0.015153088979423029,0.011564460303634406,0.009089854545891288,0.004867613548412919
0189,RoboArm,1,3,0.0324392132461071,0.020576638579368593,0.01864604335278273,0.01735931435599924,0.016212533190846444,0.015103296795859925,0.010992060881108049,0.008865769207477574,0.00504482863470912
0189,RoboArm,2,0,0.15652857720851898,0.02989905394613744,0.02305264737457037,0.019519459269940864,0.01710033304989339,0.015117240604013173,0.01048607099801302,0.0075931044295430225,0.003346629673615098
0189,RoboArm,2,1,0.04892493039369583,0.022632328998297455,0.018350239321589475,0.016456518378108742,0.015205876231193544,0.014318557735532518,0.010565062426030636,0.007958564162254335,0.00366830185521394
0189,RoboArm,2,2,0.0322771780192852,0.019396966695785525,0.016794422194361693,0.015494398167356848,0.014288123399019246,0.013196767447516309,0.010254915617406369,0.007918808422982693,0.0038667256012558937
0189,RoboArm,2,3,0.02614913508296013,0.017383172418922187,0.01579825483262539,0.014810389168560506,0.013723558969795706,0.012846293020993448,0.009899008367210629,0.007631613500416279,0.004017281578853726
0189,RoboArm,3,0,0.13200150430202484,0.026917668841779232,0.021292231716215613,0.017819175422191625,0.015340800397098064,0.013859619759023178,0.009666590020060541,0.006724500842392454,0.0028787875780835748
0189,RoboArm,3,1,0.03780927509069443,0.01949457427486778,0.01631731104105711,0.015060909045860172,0.013992078267037869,0.013133239513263104,0.009847891144454479,0.007132154889404788,0.0031547275139018893
0189,RoboArm,3,2,0.029835477471351624,0.017012966014444828,0.015122729111462833,0.01398103971965611,0.012876289151608945,0.011938284896314143,0.009568669274449349,0.007118928153067833,0.003342648968100548
0189,RoboArm,3,3,0.0244514849036932,0.015308508696034551,0.014311530347913505,0.013232342675328256,0.012342494614422323,0.011507512303069223,0.009345921594649554,0.0068382353521883495,0.003489695256575942
0194,RoboArm,1,0,0.27157431840896606,0.07545727856457234,0.058602645546197894,0.049307027459144594,0.043104996830225006,0.03828220646828394,0.025638064742088323,0.014788318425416953,0.005715440027415752
0194,RoboArm,1,1,0.0953354462981224,0.05297571767121554,0.04638682626187802,0.04206119321286678,0.03789764061570168,0.03481204602867363,0.02521049585193396,0.016451564803719527,0.006262968294322491
0194,RoboArm,1,2,0.05638151615858078,0.04415606737136841,0.03951410114765167,0.03670126903802157,0.034454717338085174,0.03227807767689228,0.02440843787044287,0.016541892662644386,0.006949273170903325
0194,RoboArm,1,3,0.04425583407282829,0.038769686743617054,0.035710960328578956,0.03364943951368332,0.032341423183679587,0.031008687987923618,0.02308290116488934,0.016548929736018184,0.007537121418863535
0194,RoboArm,2,0,0.27157431840896606,0.06385978110134602,0.049219799116253855,0.04182250220328571,0.035636388063430786,0.03201368115842342,0.021426825784146803,0.011854426190257079,0.004647964145988226
0194,RoboArm,2,1,0.0852956771850586,0.04503940805792809,0.03944272577762604,0.03490740779787302,0.03171882420778275,0.028944110125303263,0.02112755086272955,0.01354159414768219,0.004988291533663869
0194,RoboArm,2,2,0.05107983946800232,0.03780376125127077,0.03344738438725472,0.03082235608249903,0.028558883219957355,0.026683126389980293,0.02023348137736321,0.013817627169191842,0.005576689261943102
0194,RoboArm,2,3,0.03930310904979706,0.0332963165268302,0.03030157458037138,0.028745897375047208,0.027552220150828362,0.026140044257044782,0.01879975311458111,0.013705519773066046,0.006134587340056896
0194,RoboArm,3,0,0.19975335896015167,0.05760950211435557,0.04469970434904101,0.03700698275119067,0.0320915573835373,0.028845733031630516,0.019059665873646745,0.010511427931487571,0.004039867781102657
0194,RoboArm,3,1,0.07823432981967926,0.04095865000039339,0.035303454697132114,0.031337653100490574,0.02838517747819424,0.025725292507559044,0.018874713778495793,0.011985987238585951,0.004348719492554665
0194,RoboArm,3,2,0.04682336002588272,0.03455452084541321,0.03071311786770821,0.027848355472087874,0.025693900734186176,0.023837866634130473,0.017772144451737408,0.012257739529013637,0.004805212141945958
0194,RoboArm,3,3,0.03493744134902954,0.03037135370075703,0.027994299530982973,0.02645073115825653,0.025046968981623653,0.02348702121525998,0.016563356108963492,0.012232726067304613,0.005321256350725889
0199,RoboArm,1,0,0.18162593245506287,0.05126151811331511,0.0359936633706093,0.0333710639178753,0.030380561500787752,0.025754086486995204,0.016369564831256872,0.009956054762005808,0.004616603953763843
0199,RoboArm,1,1,0.10366518795490265,0.04219603940844536,0.03432858109474182,0.031220540925860414,0.027284836247563365,0.02448775917291641,0.016746029444038867,0.010186749696731568,0.0049785347655415535
0199,RoboArm,1,2,0.08046714961528778,0.03634922672063112,0.03252989523112774,0.02895103856921196,0.026424950584769253,0.02341001564636824,0.016063738614320755,0.010390024818480018,0.005203139968216419
0199,RoboArm,1,3,0.06294287741184235,0.03357948802411556,0.030796888880431656,0.02759578982368112,0.024814623221755032,0.02242021504789591,0.01578503157943488,0.010406211018562326,0.005381210241466761
0199,RoboArm,2,0,0.16760745644569397,0.03895585611462593,0.0329519584774971,0.028949296660721338,0.02417023666203022,0.021227406617253985,0.013530512433499101,0.00798006635159254,0.003534001996740699
0199,RoboArm,2,1,0.0770307257771492,0.0330747177824378,0.02870471984148026,0.024375605173408987,0.02176434628665447,0.019709807634353635,0.013886647298932079,0.008439323864877243,0.0038599983090534806
0199,RoboArm,2,2,0.0544317327439785,0.029867301601916554,0.025415990948677063,0.022683156374841928,0.02070000104606152,0.01885729124769566,0.01334159392863512,0.008532229624688626,0.004058831138536334
0199,RoboArm,2,3,0.042290329933166504,0.027738617789000275,0.023358147814869883,0.021601445358246568,0.019929777234792716,0.018000761512666937,0.0129227913916111,0.0084633968770504,0.0042155778501182795
0199,RoboArm,3,0,0.1658085435628891,0.03400780931115151,0.030904952436685562,0.024908841941505677,0.02128927178680897,0.018862931057810783,0.01187985073775053,0.0070551965385675505,0.003010426415130496
0199,RoboArm,3,1,0.06355956196784973,0.030848183706402778,0.02479198522865773,0.0210932662896812,0.019125712215900422,0.017503366060554977,0.012225399073213346,0.007641688361763958,0.0032836212776601315
0199,RoboArm,3,2,0.039457328617572784,0.026744461450725794,0.022045652382075787,0.019797128196805725,0.01817917250096798,0.016610290668904754,0.011854890733957296,0.007655862160027028,0.0034788273042067885
0199,RoboArm,3,3,0.031424541026353836,0.024497535675764088,0.02066668137907982,0.018961738608777524,0.01735588498413563,0.015945760067552325,0.011469714902341365,0.00755592677742243,0.0036147276405245066
0204,RoboArm,1,0,0.16613100469112396,0.043574871346354495,0.031307077929377564,0.026704479418694978,0.022729369029402743,0.020138490106910458,0.013257825747132308,0.008916684612631799,0.00480935862287879
0204,RoboArm,1,1,0.09217952936887741,0.03532233800739051,0.028309846632182604,0.024058328829705718,0.020798191204667096,0.018688010796904533,0.012788002192974093,0.00877776835113764,0.0051024057902395725
0204,RoboArm,1,2,0.05241265892982483,0.03054085455834866,0.026568069979548456,0.023127095289528374,0.02034192711114884,0.017806664202362276,0.01241920366883278,0.008785684406757355,0.005202974658459425
0204,RoboArm,1,3,0.04020566865801811,0.028139589931815864,0.024623612239956856,0.02210233734920621,0.020222729891538626,0.017965088132768845,0.011997768096625816,0.008740987256169322,0.00533541408367455
0204,RoboArm,2,0,0.14778420329093933,0.0346746762469411,0.026146303229033954,0.021527422647923233,0.018838604092597966,0.01667713113129135,0.010567926801741123,0.007423363160341978,0.0036216177977621555
0204,RoboArm,2,1,0.05799315124750137,0.02723026303574443,0.02225062631070614,0.019234512764960528,0.016913695111870766,0.015390109177678808,0.010494163539260628,0.007470632251352073,0.0038872146978974342
0204,RoboArm,2,2,0.04222650080919266,0.024153007194399834,0.021049341149628163,0.018356678020209082,0.015980132818222047,0.014253108529373998,0.010405611526221051,0.007481899019330742,0.004024461377412081
0204,RoboArm,2,3,0.033473383635282516,0.02154316857457161,0.01958868555724621,0.017814914695918563,0.01607054136693478,0.014131360920146056,0.009891968034207822,0.007403051014989619,0.004130212357267737
0204,RoboArm,3,0,0.08570024371147156,0.030681688562035563,0.023047612793743615,0.019349928330630067,0.01673310324549675,0.014623953262343971,0.009393900074064737,0.006855180300772191,0.0030334199545904994
0204,RoboArm,3,1,0.047542404383420944,0.023546317741274837,0.01928044490516186,0.016930488515645267,0.015201453045010577,0.013716579088941215,0.009443348553031685,0.006920768786221743,0.0032711619278416038
0204,RoboArm,3,2,0.04098661243915558,0.021014394219964743,0.018297720216214664,0.015851220823824407,0.01381926763802768,0.012422960344701995,0.009331096336245537,0.006917435862123966,0.003423713380470872
0204,RoboArm,3,3,0.03187647834420204,0.018958874996751546,0.017251626178622248,0.01526573340408504,0.013602669090032589,0.011923899361863721,0.008903115801513196,0.006752546224743129,0.0035324078053236008
0209,RoboArm,1,0,0.26669275760650635,0.08633268848061562,0.06476761892437935,0.05252277851104736,0.043948572576045994,0.03828520905226468,0.025281096808612357,0.016103063896298418,0.005851672263815999
0209,RoboArm,1,1,0.09745346009731293,0.057158888988196856,0.05055939055979252,0.04551699329167604,0.04175393268465996,0.03797105010598893,0.02647048737853766,0.016801974549889565,0.006453822134062648
0209,RoboArm,1,2,0.06593776494264603,0.04644743412733078,0.042419217452406885,0.03896333158016205,0.03658883944153786,0.034429973736405356,0.02631244752556086,0.017653058841824536,0.0071418138686567545
0209,RoboArm,1,3,0.049038466066122055,0.03983072616159916,0.03754159405827522,0.03568094324320555,0.03391649901866913,0.03218991495668888,0.026267052814364436,0.017744425311684617,0.007827751338481903
0209,RoboArm,2,0,0.20408895611763,0.06913737006485467,0.04955492630600929,0.04019618064165118,0.03360279932618144,0.02959123216569421,0.020190418511629123,0.0135508356615901,0.004587877541780472
0209,RoboArm,2,1,0.0809955969452858,0.045304618403315546,0.03845098286867142,0.034721878208220015,0.031690476834774016,0.029213327169418313,0.02060192283242941,0.014552531763911249,0.005071423249319196
0209,RoboArm,2,2,0.05698512867093086,0.03668123286217451,0.03300801031291485,0.030378006268292665,0.028248537331819538,0.026359192468225944,0.020332756452262405,0.014704432152211677,0.005553680006414652
0209,RoboArm,2,3,0.04309618100523949,0.031623258888721466,0.02966130170971155,0.02786187091842294,0.026531570553779603,0.02530908137559887,0.019789403118193154,0.014666576497256755,0.006137226941064
0209,RoboArm,3,0,0.17421336472034454,0.058933413363993166,0.042110195830464374,0.0343335946649313,0.029094756469130522,0.025921466946601864,0.017464501783251762,0.011905309744179249,0.0038713456597179174
0209,RoboArm,3,1,0.07724349200725555,0.03971205480396747,0.033526891693472866,0.02996030401438475,0.027430962175130847,0.02482637260109184,0.018057978339493276,0.012713104113936426,0.004270683974027634
0209,RoboArm,3,2,0.05252045392990112,0.032371710427105425,0.0288496420532465,0.026403627693653106,0.02456253804266453,0.022573339566588396,0.01772601306438447,0.01286540422588587,0.004706443753093481
0209,RoboArm,3,3,0.03940972313284874,0.027812715321779254,0.025757702812552453,0.024481157921254635,0.02328617334365845,0.022165123838931315,0.017078940197825434,0.01291008703410626,0.005179163534194231
0214,RoboArm,1,0,0.3204668164253235,0.07757921874523165,0.05035801433026791,0.039746322929859176,0.03339777946472168,0.028567652124911542,0.018640736490488054,0.012248921394348147,0.005380284506827593
0214,RoboArm,1,1,0.16700536012649536,0.05469518333673477,0.04242092221975327,0.035689864680171046,0.030783025175333035,0.02766975592821836,0.019616419635713103,0.013314231485128407,0.0057564841117709875
0214,RoboArm,1,2,0.10204160213470459,0.0433160787820816,0.03671164676547051,0.03250635687261821,0.029118201285600675,0.026742753759026513,0.01956771053373814,0.013993750885128982,0.006022574380040169
0214,RoboArm,1,3,0.07417533546686172,0.04129427552223207,0.0336375043541193,0.0296437780559063,0.02756304979324341,0.025852831080555905,0.01903255674988032,0.014295211993157874,0.006245833355933428
0214,RoboArm,2,0,0.21432672441005707,0.0603363960981369,0.04359839335083962,0.033010808788239976,0.027345137000083935,0.02395843854174015,0.01568188425153495,0.0100707333534956,0.004135233582928777
0214,RoboArm,2,1,0.10514447093009949,0.04469450496137143,0.0338690422475338,0.029000190906226648,0.025600759759545327,0.022800387535244222,0.016405558958649646,0.011174362152814865,0.004439022159203887
0214,RoboArm,2,2,0.06218835711479187,0.03457241896539927,0.029720783680677414,0.026467776019126185,0.023959415256977087,0.021844978909939517,0.0160437049344182,0.011678291112184526,0.004651848925277591
0214,RoboArm,2,3,0.04402210935950279,0.03123459469527006,0.02745704032480717,0.02472742741927505,0.02305977605283261,0.021354141365736688,0.01544791674241424,0.011855212971568113,0.004885384347289801
0214,RoboArm,3,0,0.1876818686723709,0.052490610033273696,0.037193632423877736,0.028949724584817888,0.024498574435710907,0.02129395864903927,0.014027631748467688,0.009100865758955483,0.003513077739626169
0214,RoboArm,3,1,0.08586480468511581,0.03864337868988516,0.029370619617402557,0.02540136300027371,0.022078452929854393,0.01983500355854629,0.014710667263716462,0.010025209374725823,0.0037573250010609627
0214,RoboArm,3,2,0.051824185997247696,0.031037824377417565,0.0261193984374404,0.02298201441764832,0.021111733764410022,0.019171159714460328,0.014328170195221902,0.01044312119483948,0.003977783257141709
0214,RoboArm,3,3,0.03813592344522476,0.02785111365839839,0.024463761523365976,0.022227238323539497,0.020426404625177384,0.018628219328820673,0.013788089994341137,0.010488353483378888,0.004198529291898012
0219,RoboArm,1,0,0.22207140922546387,0.05056627277284863,0.03571261435747148,0.02902979874983432,0.024145511388778688,0.021460458077490325,0.013553925789892673,0.009454349242150786,0.004524001153185964
0219,RoboArm,1,1,0.1041456088423729,0.04116716604679823,0.0327374816685915,0.02677032470703125,0.02266813099384308,0.020018152240663677,0.013569198455661544,0.009432363137602807,0.004880045540630817
0219,RoboArm,1,2,0.06493383646011353,0.03592970937490464,0.03105334933847189,0.02605990204960108,0.022137264460325243,0.019298642221838233,0.013106754887849095,0.0095265431329608,0.005074510583654046
0219,RoboArm,1,3,0.04906084015965462,0.03294346902519465,0.02805287621915341,0.024592856857925657,0.021831379905343066,0.019399505574256154,0.012725252006202937,0.009437148645520211,0.005242294631898403
0219,RoboArm,2,0,0.12174564599990845,0.0379132677614689,0.028254718221724037,0.022799569629132748,0.019643729478120812,0.017415180243551726,0.010848370753228665,0.00802095141261816,0.003493842203170061
0219,RoboArm,2,1,0.055828191339969635,0.03169599387794734,0.0253671606257558,0.02077493578195573,0.017838012948632243,0.015755327790975566,0.010777263436466462,0.00821193661540747,0.0037689899327233434
0219,RoboArm,2,2,0.03794785216450691,0.02846878368407488,0.023934955634176736,0.020110373701900247,0.01694600403308869,0.014671821286901832,0.010466943867504599,0.008164888247847557,0.0039039498660713434
0219,RoboArm,2,3,0.03164789453148842,0.025668132007122042,0.021991700902581214,0.018876361325383197,0.016700752303004274,0.014767447765916554,0.010261550173163417,0.007952133938670159,0.004040912026539445
0219,RoboArm,3,0,0.12174564599990845,0.03239275626838209,0.023983269184827807,0.019722649566829207,0.017106082066893583,0.015312808053568005,0.009800493437796832,0.006975805945694449,0.0029563934076577425
0219,RoboArm,3,1,0.04896009340882301,0.02580895183607936,0.021094747707247737,0.01805924749001861,0.015685354322195064,0.01390478289686143,0.009769532829523088,0.007260844856500629,0.003190610441379249
0219,RoboArm,3,2,0.03572046756744385,0.0234496377594769,0.02000688906759024,0.017148536350578076,0.014603906869888305,0.0129597377963364,0.009617137257009745,0.007184406835585833,0.0033518284326419234
0219,RoboArm,3,3,0.02675197646021843,0.021667099092155695,0.01861938484013081,0.016305836178362378,0.014328762851655494,0.012568469764664764,0.009411528799682855,0.007041174825280905,0.003484304645098746
0224,RoboArm,1,0,0.17227858304977417,0.04160200756043197,0.03040065538138152,0.0247497245669365,0.021576648429036144,0.01873159045353529,0.01325355563312769,0.009724541567265987,0.004672617185860872
0224,RoboArm,1,1,0.06792598962783813,0.031579205095767976,0.02568331841379404,0.02227685445919633,0.020002368167042737,0.01814068667590618,0.013358230236917734,0.00969859380275012,0.004981443984434009
0224,RoboArm,1,2,0.04312150925397873,0.028300433028489357,0.02332102827727795,0.020241009127348667,0.018183113485574724,0.01676297197118401,0.013126778602600099,0.00999434366822243,0.005153724225237966
0224,RoboArm,1,3,0.035753607749938965,0.025613733734935525,0.021976404301822187,0.019329471904784443,0.017273981794714927,0.01592293046414852,0.012877771910279992,0.009866393543779854,0.00535138207487762
0224,RoboArm,2,0,0.14746062457561493,0.03359757989645004,0.024743960276246073,0.020838888008147486,0.017622163146734253,0.015585700748488208,0.011952945031225683,0.007911420986056334,0.0036167497746646404
0224,RoboArm,2,1,0.05489243194460869,0.02492355827242136,0.020442293398082255,0.017995618637651208,0.016407969146966933,0.015118006337434053,0.012009582947939636,0.008222245238721374,0.0038792574778199196
0224,RoboArm,2,2,0.027675718069076538,0.022101330123841762,0.01885476313531399,0.0165000475756824,0.015049201361835005,0.013960302434861658,0.011602090764790778,0.008490422926843167,0.0040666030254215
0224,RoboArm,2,3,0.02349044568836689,0.019913783092051746,0.017650380246341232,0.015786742828786376,0.01444497462362051,0.013376558665186153,0.011222756374627352,0.008342245966196064,0.004214905900880694
0224,RoboArm,3,0,0.13130386173725128,0.02855174506083131,0.022095080576837064,0.018349442258477216,0.015774492695927622,0.014147167000919577,0.010991433262825012,0.006793496198952198,0.003081440692767501
0224,RoboArm,3,1,0.03848480060696602,0.020950482189655305,0.017845646291971207,0.016025649290531876,0.014701871648430826,0.013643369451165196,0.011095237918198109,0.007295943424105646,0.0032906761625781655
0224,RoboArm,3,2,0.026989545673131943,0.018530972972512244,0.016009193733334544,0.014643728090450168,0.013552067764103415,0.012827635509893295,0.010713285952806477,0.007518533803522587,0.0034841725137084723
0224,RoboArm,3,3,0.022201213985681534,0.01690611980855465,0.01526245914399624,0.014034621976315975,0.012878311984241008,0.012210604129359122,0.010423140600323677,0.007398455496877432,0.0036006614100188017
0229,RoboArm,1,0,0.20025479793548584,0.05837761472910643,0.04460050486028195,0.03662739004939795,0.031425514072179805,0.02745443237945435,0.01868942640721798,0.012196864373981958,0.005604965379461646
0229,RoboArm,1,1,0.07496175169944763,0.04156981982290745,0.03560034841299059,0.03160436037927866,0.028172954320907603,0.025974955875426513,0.018688283860683445,0.01262584924697877,0.006111815571784973
0229,RoboArm,1,2,0.05170420557260513,0.0336027641966939,0.02999091688543559,0.02753048609942198,0.025384049043059354,0.023864410258829568,0.018796575069427494,0.01268662326037884,0.006376639008522034
0229,RoboArm,1,3,0.04054781794548035,0.029813210144639016,0.027260184362530714,0.025639937017112972,0.02429706983268261,0.022989094350486988,0.017665442451834684,0.012950313650071625,0.006617410574108362
0229,RoboArm,2,0,0.1849273443222046,0.05210112106055022,0.03959205612540245,0.031522578820586206,0.026982853189110763,0.023874761443585153,0.016065811365842824,0.009977943263947964,0.00428800075314939
0229,RoboArm,2,1,0.06546373665332794,0.03641072999686003,0.031086099483072765,0.027214029598981147,0.024425132274627687,0.021910355519503356,0.016017032973468306,0.010635474324226384,0.004705434665083885
0229,RoboArm,2,2,0.04527215659618378,0.029107861947268252,0.025964682660996916,0.0239100606366992,0.022023069187998772,0.020677845738828176,0.015846531838178635,0.01066578272730112,0.0050032311119139194
0229,RoboArm,2,3,0.035324279218912125,0.026186180803924798,0.02385144092142582,0.022389236576855185,0.02114920899271965,0.019832806475460506,0.01483577685430646,0.010796880722045899,0.005324601661413908
0229,RoboArm,3,0,0.1849273443222046,0.04866232667118311,0.03611710518598558,0.02894854782149196,0.024684114530682567,0.021353217400610445,0.014693314488977208,0.008806484565138823,0.003636620589531958
0229,RoboArm,3,1,0.05869099870324135,0.03372041705995798,0.02830572180449964,0.02498621538281441,0.0222736132144928,0.020020053721964356,0.01466533765196801,0.00948963668197394,0.003934146603569388
0229,RoboArm,3,2,0.03859352320432663,0.026338047590106727,0.0240835302695632,0.02196815852075816,0.020304211527109147,0.01901553887873888,0.014447368774563077,0.009581691771745685,0.004253903403878212
0229,RoboArm,3,3,0.030903410166502,0.02361508572474122,0.02187706507742405,0.020646693725138904,0.019513952806591996,0.018064692802727222,0.013595897238701582,0.009705009497702123,0.00462484871968627
0234,RoboArm,1,0,0.26299843192100525,0.07276622883975509,0.05220689691603186,0.04134049765765667,0.03491422116756441,0.030561764724552618,0.019757429137825966,0.013085566088557246,0.005529619054868817
0234,RoboArm,1,1,0.11678682267665863,0.05252723302692176,0.044062221571803104,0.037012113034725194,0.03251077979803086,0.0285799904726445,0.019709591940045356,0.01393717601895333,0.0059740624856203794
0234,RoboArm,1,2,0.07911946624517441,0.044493576735258104,0.038656756132841114,0.033662426136434095,0.029980173707008374,0.027125847525894597,0.019505446404218675,0.014002207480371013,0.006506400182843208
0234,RoboArm,1,3,0.060116030275821686,0.03997196339070797,0.0351899902522564,0.03164341881871224,0.029003036096692088,0.027025218028575156,0.01862686499953271,0.013981501199305059,0.006987345404922962
0234,RoboArm,2,0,0.190360426902771,0.06072399113327265,0.04437223859131338,0.03511182311922313,0.0295627745985985,0.025606182590126973,0.016720747947692877,0.010866462998092177,0.004288099939003587
0234,RoboArm,2,1,0.0930066928267479,0.04639846816658974,0.03753654666244984,0.031657227464020256,0.026847339794039735,0.023562692478299115,0.01688789539039135,0.011588442884385592,0.00465502729639411
0234,RoboArm,2,2,0.066390261054039,0.038970671221613885,0.03317989684641363,0.02867988394573331,0.02497577860951424,0.022438714094460008,0.016456516459584236,0.011452523246407512,0.005100669106468558
0234,RoboArm,2,3,0.05034155398607254,0.03519667692482472,0.030653990097343934,0.027405046224594116,0.02476102501153946,0.02265773750841617,0.015512235183268787,0.011463936045765878,0.005537552991881967
0234,RoboArm,3,0,0.1551898568868637,0.055986618809402006,0.03930023930966854,0.031429822221398354,0.026023823320865634,0.022797745931893557,0.01488049374893308,0.00949336849153042,0.0036842875415459275
0234,RoboArm,3,1,0.08409702777862549,0.04096430607140064,0.03321435824036599,0.0279677158035338,0.023813104331493393,0.02128697857260704,0.015100431162863977,0.010373936034739017,0.003991250414401293
0234,RoboArm,3,2,0.0510980561375618,0.03418373242020607,0.029848281219601633,0.02575558438897133,0.022357716113328936,0.02017164630815384,0.014835594408214097,0.010201218165457248,0.004387678578495979
0234,RoboArm,3,3,0.03933645784854889,0.030611508805304766,0.027219679951667786,0.024545980282127858,0.02250636793673039,0.02036945493891834,0.014034237526357176,0.010165454447269441,0.004795160377398133
0239,RoboArm,1,0,0.14914652705192566,0.04186144944280388,0.030429409332573414,0.025812064073979856,0.022725091353058818,0.020380141027271745,0.015395817812532188,0.010427164845168597,0.0048089106567204
0239,RoboArm,1,1,0.05974326655268669,0.030953040570020685,0.025424158051609996,0.022601366303861142,0.020519413575530054,0.019140207488089794,0.015273207332938911,0.01056263707578183,0.0050565158016979694
0239,RoboArm,1,2,0.037755176424980164,0.026402608882635833,0.023234893567860126,0.02097002135589719,0.01934028819203377,0.018296935409307463,0.01491984222084284,0.010484073497354985,0.005178898572921753
0239,RoboArm,1,3,0.029969749972224236,0.02398839432746172,0.02193332772701979,0.01998041018843651,0.018344576209783553,0.017379433475434757,0.0146820024587214,0.010326038114726543,0.005374274682253599
0239,RoboArm,2,0,0.14914652705192566,0.03402946788817646,0.026136876158416273,0.022183327209204438,0.01931349098682404,0.017548013292253015,0.013704077340662481,0.008662110194563873,0.0036506374599412084
0239,RoboArm,2,1,0.054341964423656464,0.025107112489640725,0.02153084859251976,0.019199716318398716,0.01757533900439739,0.016331343539059157,0.01349533926695586,0.00916004404425621,0.003942558774724603
0239,RoboArm,2,2,0.03338674455881119,0.02163316207006574,0.019674942754209047,0.0177679174952209,0.01634319625794888,0.015544613264501092,0.012826041877269746,0.009106487222015857,0.004111346788704395
0239,RoboArm,2,3,0.02636634185910225,0.020040177945047616,0.018318890631198886,0.01680118165910244,0.015450624674558641,0.014867195393890142,0.01240399805828929,0.009013123996555808,0.004272006452083588
0239,RoboArm,3,0,0.14223165810108185,0.03078948311507702,0.023818850368261344,0.01987351967021823,0.017687730491161346,0.016057480592280626,0.012358520179986957,0.007448791526257992,0.0031078762840479612
0239,RoboArm,3,1,0.0522691085934639,0.022041893750429156,0.019080882295966155,0.01723881611600518,0.01600933842360974,0.015245257876813407,0.01214477913454175,0.008249539509415626,0.0033223081845790148
0239,RoboArm,3,2,0.03163919970393181,0.01920656476169825,0.01761741600930691,0.015886899027973415,0.015017440281808377,0.01460859798826277,0.01159243993461132,0.008235669136047364,0.0035060230875387788
0239,RoboArm,3,3,0.024932218715548515,0.017982517052441836,0.016420904919505118,0.015219972617924214,0.014473500549793244,0.013747955160215477,0.011156341060996056,0.008143766783177853,0.003669211291708052
0244,RoboArm,1,0,0.16040503978729248,0.050780890062451366,0.0349258428812027,0.028137503601610662,0.02402439966797829,0.021135863848030567,0.013900678697973503,0.009379876777529716,0.004503434989601374
0244,RoboArm,1,1,0.09355391561985016,0.04205836672335865,0.03125943500548602,0.025297717377543463,0.021987479478120808,0.019886813499033446,0.013545125629752876,0.009328457340598107,0.00494242855347693
0244,RoboArm,1,2,0.061720188707113266,0.03610956933349371,0.029668002165853986,0.02539956692606211,0.02164622142910958,0.018911836948245747,0.01320505477488041,0.009402615018188953,0.005149681121110916
0244,RoboArm,1,3,0.04734054207801819,0.032082480862736705,0.02790029138326645,0.023958448693156244,0.0213231897354126,0.019083569478243585,0.012932175863534215,0.009234391152858736,0.0052997872699052095
0244,RoboArm,2,0,0.14013038575649261,0.0396882388368249,0.028247663043439394,0.02336640408262611,0.020219530984759333,0.017936438415199513,0.011066707782447338,0.008129134029150012,0.0034736046800389886
0244,RoboArm,2,1,0.07230214774608612,0.031305540502071384,0.024350131787359716,0.020630122609436512,0.018131645843386657,0.016431643720716236,0.011160527449101211,0.00829299502074719,0.003784542321227491
0244,RoboArm,2,2,0.047676440328359604,0.02850818360224366,0.023506926894187933,0.0198813302628696,0.01716536507010461,0.015032491786405443,0.010939845908433204,0.008323275856673723,0.003982278751209378
0244,RoboArm,2,3,0.03779749944806099,0.026069683451205493,0.022175768837332726,0.018821416795253756,0.016618319153785713,0.014778839470818617,0.010739262867718945,0.007972386293113233,0.004124106839299202
0244,RoboArm,3,0,0.09132546186447144,0.032022587098181246,0.02404151815921069,0.02042721193283797,0.017935712337493897,0.015918320417404163,0.009895144030451775,0.0070918232202529935,0.0029843600932508707
0244,RoboArm,3,1,0.04851371422410011,0.02420713983476162,0.019940027929842473,0.017696066666394474,0.015985576137900356,0.01458553103730082,0.009871658310294152,0.007501478120684627,0.0032080679666250944
0244,RoboArm,3,2,0.034236110746860504,0.02240819811820984,0.018825060762465002,0.016401852257549768,0.014602441228926183,0.01320852246135472,0.009653571993112564,0.007443513628095394,0.003377640270628035
0244,RoboArm,3,3,0.027622133493423462,0.0210312463901937,0.017820797897875308,0.015319078518077733,0.013802791722118854,0.012621734384447332,0.009569688979536296,0.007180206011980773,0.003522055339999497
0249,RoboArm,1,0,0.27628979086875916,0.059773956798017065,0.042002382278442385,0.03303366024047137,0.028664437979459785,0.025147240143269203,0.01599516086280347,0.010586349852383142,0.004642879590392113
0249,RoboArm,1,1,0.12752190232276917,0.04805677156895399,0.03733860202133656,0.03175481725484133,0.027876493632793427,0.025069514382630578,0.01626897901296616,0.010743744485080243,0.0050363733898848295
0249,RoboArm,1,2,0.07507673650979996,0.041124849617481245,0.035226266384124766,0.03048290895298124,0.026920005902647974,0.024739972595125427,0.01599538065493107,0.010876542888581756,0.005273787304759026
0249,RoboArm,1,3,0.05519339442253113,0.03753481820225716,0.03277677550911904,0.02873263651505114,0.0255029246211052,0.023817969951778643,0.0163477532565594,0.010683618485927584,0.005515457130968571
0249,RoboArm,2,0,0.21118663251399994,0.04508033398538829,0.033007111549377445,0.027004959862679243,0.023612959310412407,0.020716906338930034,0.01294022835791111,0.009245214238762858,0.003641219111159444
0249,RoboArm,2,1,0.10852858424186707,0.03645617749541998,0.02905574806034565,0.02469150926917792,0.022014800012111667,0.019983799941837785,0.01334580210968852,0.009642356634140016,0.003917718771845102
0249,RoboArm,2,2,0.06226697936654091,0.031453122049570084,0.027278478518128396,0.023769106976687913,0.021661201044917106,0.01998803587630391,0.012689765822142365,0.009657454863190652,0.004110549110919237
0249,RoboArm,2,3,0.04496806487441063,0.02927748262882233,0.02519304946064949,0.022486348114907764,0.020527322292327885,0.01939459387212989,0.0126872256398201,0.009357331506907941,0.004314883844926953
0249,RoboArm,3,0,0.211039736866951,0.039022767804563055,0.028802963569760327,0.023938149306923152,0.02045760042965412,0.018190738651901458,0.01180867850780487,0.008039304800331593,0.0031076676677912474
0249,RoboArm,3,1,0.10714844614267349,0.03126307383179665,0.024741481430828573,0.021340895127505068,0.019129179269075394,0.017378482501953823,0.011900627985596659,0.008874062821269046,0.0033509160857647657
0249,RoboArm,3,2,0.06017419323325157,0.027874336205422887,0.02293061874806881,0.020487296450883152,0.018627729564905167,0.017310099583119125,0.011497348174452783,0.008732716366648675,0.0035531807225197554
0249,RoboArm,3,3,0.04276785999536514,0.02652309561148286,0.021825049035251145,0.01932618834078312,0.0176632983237505,0.016552254464477296,0.011351347155869008,0.008426755107939249,0.0037221333477646112
0254,RoboArm,1,0,0.1984107494354248,0.0544838197156787,0.039547930955886844,0.03374203033745291,0.02970330588519574,0.02639855444431305,0.017330029979348183,0.010965125635266304,0.005054084118455648
0254,RoboArm,1,1,0.09926352649927139,0.04470291785895825,0.03592902697622776,0.030580577515065682,0.026883309558033943,0.024216137174516907,0.0172144265845418,0.011296210624277596,0.005318113369867206
0254,RoboArm,1,2,0.06566181033849716,0.040421020835638054,0.03372184582054616,0.028379431292414672,0.024721991196274763,0.022669703140854824,0.016769172437489037,0.011383732967078689,0.005563065642490983
0254,RoboArm,1,3,0.05514819920063019,0.0368527427688241,0.03247584089636803,0.027823138628155,0.023723297715187077,0.0217492938041687,0.016454643569886684,0.011228826083242894,0.0058594136498868465
0254,RoboArm,2,0,0.18612641096115112,0.04165124468505383,0.03274222888052464,0.02828429896384478,0.02478525400161743,0.021956423763185736,0.01414246503263714,0.0094238655641675,0.003948732977733016
0254,RoboArm,2,1,0.08913260698318481,0.034058397188782695,0.027964792400598536,0.02424159722402692,0.021924683898687364,0.019963477458804838,0.01453365860506894,0.00985248275101185,0.004229522775858641
0254,RoboArm,2,2,0.0483534075319767,0.030478882100433112,0.025019049346446994,0.021927712466567766,0.02000047579407692,0.01875156396999953,0.014185745362192399,0.009834581613540653,0.004426612751558423
0254,RoboArm,2,3,0.04029989242553711,0.02788732530549169,0.02391675017774105,0.02105412125587464,0.019041019752621655,0.017755390051752324,0.013807900343090306,0.009888403862714768,0.004669673042371869
0254,RoboArm,3,0,0.17726105451583862,0.03696524810045958,0.029851632006466393,0.025300338696688414,0.022075667232275012,0.019271494355052675,0.01261028479784728,0.008734787814319134,0.0033901083515957
0254,RoboArm,3,1,0.07493986934423447,0.030453600026667117,0.024486003033816824,0.02129608858376742,0.019026735350489616,0.01767729977145791,0.012991351354867222,0.009095369838178161,0.0036276301834732294
0254,RoboArm,3,2,0.04296652227640152,0.02729026183485985,0.02189475804567337,0.01915447482839227,0.017451479807496072,0.016384932864457368,0.012637946102768189,0.009016163274645814,0.003830224508419633
0254,RoboArm,3,3,0.03710727393627167,0.024756438545882702,0.020998527444899086,0.018189124744385485,0.016440380811691285,0.015600370941683643,0.012119245156645779,0.009119678102433684,0.0040539701003581285
0259,RoboArm,1,0,0.18924981355667114,0.08333489552140237,0.05989260688424111,0.049951852411031734,0.042620191872119906,0.03757948037236929,0.024244902841746813,0.015628040581941616,0.0059644796419888735
0259,RoboArm,1,1,0.08551843464374542,0.05573702812194825,0.04876561053097248,0.04423546213656664,0.04007197290658951,0.035825461335480195,0.023928483203053474,0.016521250084042552,0.006672042887657881
0259,RoboArm,1,2,0.05986999720335007,0.04635589327663184,0.04154404178261757,0.03804945260286332,0.03508360072970391,0.03244071621447799,0.024289610423147683,0.01686253063380719,0.007282446371391416
0259,RoboArm,1,3,0.04922078549861908,0.04106400545686483,0.03781208574771883,0.03497667826712132,0.03280261546373367,0.03132197018712759,0.02335013821721078,0.0168719805777073,0.007751906989142299
0259,RoboArm,2,0,0.18924981355667114,0.06628528125584127,0.04918284483253958,0.04123080413788558,0.03541742950677872,0.030785918049514294,0.021081437356770046,0.012432326748967173,0.004630216863006353
0259,RoboArm,2,1,0.07788828760385513,0.04762627489864826,0.04099568836390973,0.03622306797653437,0.03182631060481072,0.028453381638973933,0.020197367481887343,0.013663790002465249,0.005243939347565174
0259,RoboArm,2,2,0.049982257187366486,0.038805010914802554,0.03492460399866104,0.031821556128561496,0.02918380573391915,0.026609824504703283,0.019772145524621015,0.013734649680554873,0.005863475846126676
0259,RoboArm,2,3,0.0426463782787323,0.034608422257006166,0.03174362346529961,0.02900909570977092,0.027734098583459856,0.02655182424932716,0.018695005029439927,0.013873779959976674,0.006321370135992765
0259,RoboArm,3,0,0.18924981355667114,0.05783941283822064,0.0437934809923172,0.037065118439495566,0.031071396470069887,0.02747265165671704,0.019277548417448997,0.010815347544848924,0.003986275754868984
0259,RoboArm,3,1,0.07262852787971497,0.042025628052651885,0.03701444625854493,0.031945241913199425,0.02855832628905774,0.02550871875137089,0.018365817330777644,0.012126100249588491,0.004520463058724999
0259,RoboArm,3,2,0.043291445821523666,0.0347387233376503,0.031252467036247254,0.028612231947481633,0.02609587192535401,0.023951284028589703,0.017708008363842967,0.012271879985928538,0.005018469411879778
0259,RoboArm,3,3,0.037136971950531006,0.0306449500285089,0.028047980405390263,0.026581026036292317,0.02517964914441109,0.023910631239414178,0.016827137023210526,0.012309369631111624,0.005534794181585312
0264,RoboArm,1,0,0.227068692445755,0.05891143690794708,0.04199487246572972,0.03404714014381171,0.029378838241100356,0.026367055252194405,0.019180210679769518,0.013165501318871975,0.005548335844650865
0264,RoboArm,1,1,0.11187941581010818,0.04483281973749399,0.03728579349815847,0.03145587000995875,0.026932178363204006,0.024279864784330085,0.018534244410693644,0.013447662256658081,0.006047166883945465
0264,RoboArm,1,2,0.06276240944862366,0.037115148156881335,0.0324222868680954,0.029013062641024594,0.02641918331384659,0.02414864720776676,0.018012569472193717,0.013051018491387373,0.006342800334095955
0264,RoboArm,1,3,0.046623218804597855,0.034259111508727076,0.0305334859341383,0.02877152567729354,0.026048136800527574,0.02355148866772649,0.017067359760403633,0.012985418178141117,0.006648010341450572
0264,RoboArm,2,0,0.227068692445755,0.04934787873178721,0.03475080922245981,0.029134727083146572,0.02547309905290604,0.02260884726420043,0.017115768603980543,0.010540424287319184,0.00419372133910656
0264,RoboArm,2,1,0.10307111591100693,0.03804859112948179,0.03065814960747958,0.026027686279267076,0.02262440487742424,0.020897201821207998,0.016654112562537196,0.011301233060657983,0.004585077753290534
0264,RoboArm,2,2,0.05676089599728584,0.03237213864922524,0.026931233741343024,0.024420974962413314,0.022041852474212646,0.02054771175608035,0.01617690194398165,0.010997975617647173,0.004897023318335414
0264,RoboArm,2,3,0.04194756969809532,0.03008556734770537,0.0260417789965868,0.02423156950622797,0.022523770630359655,0.019873864389955975,0.015082649979740381,0.010875846259295944,0.005237829638645053
0264,RoboArm,3,0,0.19484195113182068,0.04480559278279544,0.03196730807423592,0.026726543903350834,0.023195085451006892,0.020524837076663964,0.016067704185843468,0.009378653764724734,0.003520673606544733
0264,RoboArm,3,1,0.09550797194242477,0.03329842384904623,0.027169287614524366,0.023159629181027413,0.02048062160611153,0.019090472999960174,0.015498614870011812,0.01019748877733946,0.0039030996849760413
0264,RoboArm,3,2,0.05159055441617966,0.02879268063232303,0.024156437851488594,0.021685111280530692,0.01979917965829373,0.018537029530853025,0.014948820602148777,0.009928557090461258,0.004226833116263151
0264,RoboArm,3,3,0.03787508234381676,0.026783764343708757,0.023217046186327934,0.02160366702824831,0.019917225614190102,0.018106156215071667,0.013829390611499551,0.009790850989520554,0.0045675612054765224
0269,RoboArm,1,0,0.1907510906457901,0.04275178983807564,0.032407609522342694,0.027247630637139097,0.02346632666885853,0.02121285712346434,0.013809255324304104,0.009631750732660295,0.004664939129725099
0269,RoboArm,1,1,0.061926331371068954,0.031299160681664946,0.025530748888850218,0.02230145586654544,0.020596035793423655,0.019054301828145968,0.014508901257067918,0.009935973212122919,0.004914312623441219
0269,RoboArm,1,2,0.043097980320453644,0.026290381588041783,0.022160662300884735,0.020226825270801788,0.01878279753029347,0.01767626535147428,0.01418506521731616,0.010061340034008028,0.005121440161019564
0269,RoboArm,1,3,0.034223660826683044,0.024076420385390523,0.020638960339128973,0.018849565982818606,0.017783401682972908,0.017178494483232495,0.013723737094551332,0.009945807792246342,0.005364489275962114
0269,RoboArm,2,0,0.1907510906457901,0.03539712268859148,0.027491632662713535,0.02249689934775233,0.019519448876380928,0.017560791131108998,0.011144858784973625,0.00835016202181578,0.0036385776475071907
0269,RoboArm,2,1,0.060631100088357925,0.02509041653946042,0.021035256497561935,0.018841440584510566,0.017448000162839893,0.016313460376113646,0.012052248604595665,0.008835201710462572,0.003916340647265315
0269,RoboArm,2,2,0.029840528964996338,0.021022996995598085,0.018570246882736684,0.016898969747126107,0.01586113832890988,0.015004757884889839,0.01176980743184686,0.00891969371587039,0.004090417642146349
0269,RoboArm,2,3,0.024638071656227112,0.019263622462749482,0.01709667578339577,0.015750586260110142,0.014899363778531552,0.014302892563864583,0.011445078253746034,0.008741853758692741,0.0042768840212374926
0269,RoboArm,3,0,0.15351277589797974,0.03153664790093899,0.02374807931482792,0.019950780197978028,0.017550614178180702,0.015584607562050221,0.010308827552944428,0.007377765793353323,0.0031209976878017187
0269,RoboArm,3,1,0.04875819757580757,0.02137353835627437,0.018670715130865573,0.016839875970035795,0.0157099661231041,0.014699502894654869,0.010779967717826373,0.008025909774005418,0.0033414140343666077
0269,RoboArm,3,2,0.02702445723116398,0.018240134082734585,0.016368747353553773,0.015134635828435421,0.01422039292752743,0.013492247508838753,0.010593859013170009,0.008070505596697333,0.003520512138493359
0269,RoboArm,3,3,0.021039685234427452,0.016966087482869624,0.01514637503772974,0.014003026755526662,0.013416872881352902,0.012807078752666706,0.010340392217040062,0.007936748489737511,0.003688591765239835
0274,RoboArm,1,0,0.19033262133598328,0.04045617301017046,0.03011536940932274,0.025612960271537314,0.02248279817402363,0.020109227020293458,0.01372028756886721,0.010228929109871387,0.004331960808485746
0274,RoboArm,1,1,0.07387381792068481,0.03019727978855372,0.025556811057031156,0.02284590192139149,0.020505785867571832,0.018867941014468644,0.01380239184945822,0.01018400676548481,0.004729801323264837
0274,RoboArm,1,2,0.04583445563912392,0.026107597779482603,0.023388934843242167,0.021405501142144203,0.01975203171372414,0.018090315721929054,0.013351359311491251,0.010173989273607732,0.004903490422293544
0274,RoboArm,1,3,0.03257698938250542,0.02314169639721513,0.021571981385350228,0.020354379601776603,0.01925792559981346,0.018115429487079372,0.012912655342370275,0.009895828552544119,0.005108811426907778
0274,RoboArm,2,0,0.19033262133598328,0.0330017226934433,0.025855881944298748,0.021988618262112146,0.01915640957653523,0.017154654953628775,0.01202081143856049,0.008209410309791566,0.003376794746145606
0274,RoboArm,2,1,0.07102353870868683,0.025522272475063803,0.02190513838082552,0.019156504701822997,0.017346716076135634,0.01599206812679764,0.012177778314799072,0.008602031692862519,0.0036525847390294075
0274,RoboArm,2,2,0.04154881462454796,0.022285768352448942,0.020001711361110213,0.018150685466825963,0.016659609749913217,0.01526817949488757,0.011802739463746548,0.008557425066828729,0.003841801662929356
0274,RoboArm,2,3,0.027895819395780563,0.01999474557116628,0.01849658288061619,0.01740659799426794,0.016371007934212686,0.015179833490401482,0.011529619432985782,0.008231711387634278,0.003978560911491513
0274,RoboArm,3,0,0.19033262133598328,0.02960529278963806,0.0232445003837347,0.0199418381229043,0.017513213753700258,0.014967861166223858,0.011289085913449532,0.007062971033155921,0.0028772579971700907
0274,RoboArm,3,1,0.062145382165908813,0.022406959030777218,0.019064956046640873,0.01715518176555634,0.015497878007590773,0.014322866825386882,0.011376408115029336,0.0075853605754673484,0.0031100233318284154
0274,RoboArm,3,2,0.033403847366571426,0.019714259933680298,0.017497567124664784,0.015939051508903505,0.014580555930733687,0.013599575450643886,0.011092789378017187,0.007622807379812004,0.003279997850768268
0274,RoboArm,3,3,0.022850707173347473,0.017690511085093022,0.01632386572659016,0.01524233146570623,0.014392471164464954,0.013438364304602135,0.010788556467741729,0.007411022763699295,0.003404035000130534
0279,RoboArm,1,0,0.21823669970035553,0.04200489558279516,0.031617298275232325,0.02645810004323721,0.02271793946623803,0.020280731655657278,0.013507908210158352,0.009099491313099863,0.004541958682239056
0279,RoboArm,1,1,0.06365174800157547,0.03252708397805691,0.026033774577081205,0.02275809619575739,0.020471378043293954,0.01874491479247808,0.013678740989416844,0.009154142998158935,0.00487109599635005
0279,RoboArm,1,2,0.03948383778333664,0.02709534389898181,0.02406437333673239,0.021762604564428332,0.019809013828635216,0.0181509251706302,0.013288613222539429,0.009221597947180271,0.005056009162217379
0279,RoboArm,1,3,0.03091554343700409,0.023404979668557643,0.021914700306952,0.020469014178961516,0.01922467514872551,0.018006219342350947,0.012923806253820669,0.009100491739809514,0.005270411726087332
0279,RoboArm,2,0,0.17696496844291687,0.03418559454381466,0.02608275681734088,0.021495922971516847,0.018857010900974278,0.016930418740957964,0.010924402903765451,0.007925913482904435,0.003504984895698726
0279,RoboArm,2,1,0.05225174501538277,0.026553035899996757,0.021352826654911044,0.018506011571735148,0.0169002465903759,0.015697260759770862,0.011039962712675343,0.008161412179470067,0.0037562272045761347
0279,RoboArm,2,2,0.03292642906308174,0.022657831534743312,0.019918900467455387,0.017871393747627737,0.016299664899706846,0.015204121731221676,0.010855310503393415,0.008103595115244389,0.003919832641258836
0279,RoboArm,2,3,0.02570369467139244,0.019890009853988887,0.01828560892492533,0.017000313196331263,0.015966109111905106,0.014908828027546405,0.010695372987538577,0.007924403063952925,0.004108917433768511
0279,RoboArm,3,0,0.17696496844291687,0.029833565205335623,0.022939361520111563,0.01930661028251053,0.016972664967179307,0.015353530226275319,0.009635166358202697,0.006976759899407626,0.002984933671541512
0279,RoboArm,3,1,0.04204225167632103,0.022423266563564543,0.018768235594034198,0.016764993481338024,0.015285147055983545,0.014116243226453629,0.009819371253252029,0.007439930550754072,0.003187185851857066
0279,RoboArm,3,2,0.03158963844180107,0.019274748843163252,0.016981905810534954,0.015533607555553318,0.014551110900938517,0.01356791704893111,0.009705821424722672,0.0073275138624012475,0.0033405120484530926
0279,RoboArm,3,3,0.02493301033973694,0.017116029467433694,0.01584937557578087,0.01490339357405901,0.013940349146723747,0.013136697886511683,0.009602010715752842,0.007142028771340849,0.0035076342755928636
0284,RoboArm,1,0,0.12337327003479004,0.038464974723756325,0.0302252133190632,0.02550858322530985,0.022180601730942728,0.019824021030217392,0.014147709310054784,0.010047084465622903,0.004390248563140631
0284,RoboArm,1,1,0.05916823819279671,0.02876711376011372,0.02436694607138634,0.02195496475324035,0.019848266765475273,0.018424739595502608,0.014259940292686225,0.010126128233969217,0.004692198010161519
0284,RoboArm,1,2,0.04250131919980049,0.025334970913827422,0.02282895762473345,0.0201876193843782,0.01838808536529541,0.017147044092416762,0.013799258787184954,0.010170804522931579,0.004877512343227863
0284,RoboArm,1,3,0.03190181404352188,0.02303405338898301,0.02136828824877739,0.019334715697914368,0.01777468144893646,0.016936252266168593,0.013427689205855135,0.00995359104126692,0.005087555851787329
0284,RoboArm,2,0,0.10674570500850677,0.034005697965621966,0.026124650277197365,0.0219216251000762,0.019151062145829203,0.016924248170107598,0.012922504916787148,0.007883412763476372,0.003446236252784729
0284,RoboArm,2,1,0.04683063551783562,0.02446803590282798,0.020927413292229177,0.018608568832278252,0.01706694573163987,0.01593446824699639,0.01302704485133291,0.008575228415429594,0.003694270155392587
0284,RoboArm,2,2,0.033083945512771606,0.021441337242722514,0.019226201884448534,0.01691955577582121,0.01567249976098538,0.01500813732855022,0.012419821508228781,0.008574097976088525,0.003863670746795833
0284,RoboArm,2,3,0.02547822706401348,0.01968691697344184,0.017714380882680417,0.016091460324823857,0.01508901447057724,0.014497317979112264,0.011997806932777168,0.008434325084090234,0.004035994876176119
0284,RoboArm,3,0,0.10674570500850677,0.030357657186687,0.023283661082386973,0.01970295848324895,0.0170131977647543,0.015677284449338913,0.012147791683673859,0.006936282385140657,0.002931278897449374
0284,RoboArm,3,1,0.041213516145944595,0.02151270369067788,0.018698031194508077,0.016909929495304822,0.01568351656198502,0.014889561431482434,0.012049475219100714,0.007736595347523689,0.0031507222447544336
0284,RoboArm,3,2,0.030490295961499214,0.01883436305448413,0.016772136837244035,0.01533669144846499,0.014602409079670907,0.014068475831300014,0.011565971467643977,0.007727075833827259,0.0033231370616704226
0284,RoboArm,3,3,0.02419573999941349,0.017243934962898493,0.015808917805552485,0.014574036430567504,0.014038494154810907,0.013501738058403134,0.011289718467742207,0.00756267607212067,0.0034999357303604484
0289,RoboArm,1,0,0.39215463399887085,0.10694245755672455,0.07417992994189264,0.06179227694869043,0.053215247988700864,0.04743425939232104,0.02917264774441719,0.01713097132742405,0.006300583016127348
0289,RoboArm,1,1,0.3502872586250305,0.07690259471535683,0.061761937811970716,0.052879698313772684,0.0486661832034588,0.04502559509128331,0.031145175546407722,0.019247940182685858,0.00666673993691802
0289,RoboArm,1,2,0.28116026520729065,0.06249944932758809,0.05228288866579533,0.046762919314205655,0.04375587642192841,0.040736050531268116,0.031591555476188665,0.020955974608659743,0.0072946553118526936
0289,RoboArm,1,3,0.2083650529384613,0.054337098598480224,0.047127621248364455,0.04313620638102294,0.040919633209705354,0.03926768135279417,0.03140992894768715,0.02212920784950257,0.007531715324148536
0289,RoboArm,2,0,0.35365840792655945,0.07780841626226905,0.056150807663798354,0.047412681616842756,0.04059248864650727,0.03498868085443972,0.023680236563086512,0.013880830258131027,0.00490352907218039
0289,RoboArm,2,1,0.3093983829021454,0.056875972822308545,0.04558142311871052,0.04041774284094572,0.03658583581447602,0.033325826190412036,0.024481704831123354,0.015555599704384807,0.005261278245598078
0289,RoboArm,2,2,0.23216505348682404,0.045848931483924396,0.038553988412022594,0.03554053120315075,0.032544679045677184,0.030656106304377272,0.024883469566702853,0.016652670502662663,0.005766536109149456
0289,RoboArm,2,3,0.16328339278697968,0.039982470832765106,0.03521355122327805,0.0325229399651289,0.03094532795250416,0.029699544887989756,0.02471934035420418,0.01699384339153767,0.006129236193373799
0289,RoboArm,3,0,0.2916739284992218,0.06694206275045875,0.04762599617242813,0.039154551923274994,0.03344069242477417,0.02930539632216096,0.020457440428435808,0.012224999256432056,0.004153373884037137
0289,RoboArm,3,1,0.2654801607131958,0.045930841043591505,0.038463124930858614,0.03436767958104613,0.03090626381337643,0.02825498795136809,0.020991485938429838,0.013579642213881018,0.004443225217983127
0289,RoboArm,3,2,0.19293451309204102,0.037021133564412605,0.03261840052902699,0.02976903853937984,0.027739536538720133,0.026330155227333306,0.02125764358788729,0.014465738274157059,0.004937808029353619
0289,RoboArm,3,3,0.13291366398334503,0.032812880426645284,0.029228270277380945,0.027420056574046617,0.0260487649589777,0.025007561221718776,0.02103588189929724,0.014715663529932503,0.005262423539534211
0294,RoboArm,1,0,0.2699739634990692,0.08081094339489937,0.06307156413793567,0.05155023116618395,0.04483165457844737,0.03939578458666794,0.02553196288645268,0.015977128222584725,0.0064115142449736595
0294,RoboArm,1,1,0.10321775823831558,0.05705128788948059,0.04955852083861829,0.04399394650012256,0.039416900724172595,0.035435515828430644,0.02526248395442963,0.017655304446816452,0.007016175426542759
0294,RoboArm,1,2,0.0715879499912262,0.048640756048262124,0.0422013995051384,0.03773688934743405,0.03502655819058419,0.03228934574872254,0.02412032075226308,0.017930328100919726,0.007955378852784634
0294,RoboArm,1,3,0.057301413267850876,0.04325427193194628,0.037561535537242896,0.03457952085882426,0.032245702147483825,0.030202298704534728,0.02392740920186043,0.01765206977725029,0.008634062018245459
0294,RoboArm,2,0,0.2286703884601593,0.06824063152074814,0.051113229244947433,0.043225351721048355,0.03621656402945521,0.03223592769354577,0.021436703205108647,0.013192899711430079,0.004972718423232436
0294,RoboArm,2,1,0.09877998381853104,0.04846166748553515,0.040378048941493036,0.03618087235838177,0.03180010989308358,0.028684775345027433,0.020468521490693094,0.014864499866962434,0.005584260681644082
0294,RoboArm,2,2,0.06437050551176071,0.04085943765938282,0.03526543460786343,0.03125611681491137,0.02891621917486191,0.026470096874982113,0.019762600958347323,0.014950677938759328,0.006439989199861884
0294,RoboArm,2,3,0.051195528358221054,0.0361050171405077,0.031004087664186955,0.02872233966365457,0.02670968592166901,0.025200883112847797,0.019086826033890253,0.01473096888512373,0.007086531957611442
0294,RoboArm,3,0,0.2157302051782608,0.05933680672198536,0.04656356915831566,0.03765608847141266,0.032312266081571596,0.029420800507068624,0.019162412919104106,0.011595590785145765,0.004198623821139336
0294,RoboArm,3,1,0.09733183681964874,0.044909109957516194,0.0371274258941412,0.03288721229881048,0.02857845783233643,0.02548505449667567,0.0182553518563509,0.01308120433241129,0.004769201157614589
0294,RoboArm,3,2,0.059628114104270935,0.0373285536468029,0.03209067776799203,0.028799961172044277,0.026610107868909837,0.024035979341715547,0.017754774913191797,0.013295324705541138,0.005592885194346309
0294,RoboArm,3,3,0.04774164408445358,0.033071202114224436,0.02841145753860474,0.026242781803011896,0.02453246667981148,0.023120161052793263,0.017191889137029653,0.013230056874454022,0.006118444260209799
0299,RoboArm,1,0,0.20647777616977692,0.06900223910808567,0.052988794520497325,0.043863551281392583,0.03788556814193726,0.033268298767506956,0.021609992533922203,0.014244091324508195,0.005595125257968903
0299,RoboArm,1,1,0.08521455526351929,0.05180572666227817,0.04360439397394658,0.03791971847414971,0.033857910186052324,0.030247022118419394,0.021449817158281804,0.015251655317842961,0.006077545462176204
0299,RoboArm,1,2,0.06058669090270996,0.04331405252218246,0.03776734799146653,0.03356427706778049,0.030111488774418833,0.027992452774196857,0.021044547855854048,0.015337524190545085,0.006687127752229571
0299,RoboArm,1,3,0.04905153810977936,0.03958940472453833,0.03436361648142338,0.03164200410246851,0.029526729062199598,0.02772062961012125,0.019763004966080192,0.015287147462368016,0.007194920442998409
0299,RoboArm,2,0,0.16449858248233795,0.06163384802639485,0.04550676628947258,0.03787864770740272,0.031945185959339144,0.028116151690483093,0.01835670694708824,0.01159933153539896,0.004490681225433946
0299,RoboArm,2,1,0.07436689734458923,0.046274546012282376,0.037932498306036004,0.032947493307292464,0.02871500544250013,0.025424140598624943,0.018157643638551237,0.012750086188316353,0.004912326345220208
0299,RoboArm,2,2,0.05072788521647453,0.038732863292098046,0.03359779618680477,0.029400745220482354,0.026274781525135044,0.023720685392618165,0.01767277643084526,0.012708377838134768,0.005344943143427372
0299,RoboArm,2,3,0.04186924919486046,0.03469625819474459,0.030781722590327267,0.02812264923006296,0.026226634755730633,0.024412839394062757,0.016816618107259276,0.012675406783819199,0.005783751839771867
0299,RoboArm,3,0,0.1496053785085678,0.056075016260147104,0.041455288603901866,0.03334845419973135,0.02835939094424248,0.02479621600359676,0.017183102667331696,0.010274246335029602,0.0038572860648855567
0299,RoboArm,3,1,0.06659010797739029,0.04217854019254446,0.03372944138944149,0.029682923723012213,0.025721722394227986,0.022533533722162245,0.016548651084303857,0.011329349130392076,0.004302458604797721
0299,RoboArm,3,2,0.04341060668230057,0.03463800456374884,0.030520670264959335,0.02676950296387077,0.023279098048806197,0.021243041008710852,0.016072861663997177,0.011292305029928689,0.004719521384686232
0299,RoboArm,3,3,0.036419715732336044,0.031124062146991493,0.027730386294424536,0.02539572035893798,0.02355565890669823,0.02158133387565611,0.015269379038363695,0.011242276988923551,0.005102562019601464
0304,RoboArm,1,0,0.4811697006225586,0.08754117570817473,0.06275055781006814,0.05009416021406653,0.04203219279646875,0.03679355960339307,0.023917155154049415,0.015990230068564416,0.0059242467395961285
0304,RoboArm,1,1,0.20247384905815125,0.06190847508609298,0.04988036870956422,0.043659648410975936,0.038978878259658824,0.03525118883699171,0.024978646636009218,0.017352135479450227,0.006470519350841641
0304,RoboArm,1,2,0.09705490618944168,0.04983980957418682,0.04225700363516808,0.03831345856189729,0.03470137044787407,0.03212412223219871,0.02434942461550236,0.018051693215966225,0.007186699192970991
0304,RoboArm,1,3,0.06560137867927551,0.04273469474166632,0.038102111592888836,0.0348748143389821,0.03274834766983986,0.030800696276128275,0.023878370225429543,0.017872951552271844,0.007771675242111087
0304,RoboArm,2,0,0.45713919401168823,0.06855551511049274,0.04853848859667779,0.03973306115716697,0.03406295686960223,0.030241764802485638,0.02036321330815554,0.013443502597510815,0.004662665771320462
0304,RoboArm,2,1,0.18455642461776733,0.049516253806650645,0.03967472389340401,0.03387930303812027,0.030451731607317928,0.027767126169055682,0.0207221144810319,0.014896566793322564,0.005028650397434831
0304,RoboArm,2,2,0.08564220368862152,0.04003528043627739,0.03388040348887444,0.030300188828259706,0.02730641961097718,0.025057359877973792,0.01993414778262377,0.015195617079734805,0.005581729346886277
0304,RoboArm,2,3,0.05816911906003952,0.03546927213668824,0.030755876153707506,0.02814452700316906,0.026292522847652437,0.024756822548806665,0.01917087733745575,0.014809780567884453,0.006175345974043012
0304,RoboArm,3,0,0.45713919401168823,0.057961408458650124,0.041564038470387484,0.0343638075888157,0.02974558249115944,0.025922173727303738,0.018566463328897966,0.011997992545366291,0.003961986396461725
0304,RoboArm,3,1,0.17006118595600128,0.042427046895027166,0.0337598464637995,0.0290599542297423,0.02595952972769738,0.023783642798662154,0.018561746552586564,0.013368757255375386,0.004336633253842592
0304,RoboArm,3,2,0.07993336766958237,0.03449853662401438,0.028834044151008133,0.025811228547245265,0.023608671054244048,0.02204855484887957,0.017634652741253382,0.013578134402632714,0.004825538955628872
0304,RoboArm,3,3,0.05443430319428444,0.03155585758388042,0.02620578292757273,0.024468229226768022,0.02263912409543991,0.02151280241087079,0.01692978460341692,0.013225429132580761,0.005342281423509121
0309,RoboArm,1,0,0.16490627825260162,0.04107329405844212,0.031074912212789064,0.026184447351843127,0.02270078830420972,0.02054646359756582,0.013923288043588401,0.00996864400804043,0.004467235878109932
0309,RoboArm,1,1,0.062303587794303894,0.030818133577704434,0.025525590330362325,0.022630631215870382,0.02079752638936043,0.019090931117534626,0.01407271642237902,0.010108844563364984,0.00483179884031415
0309,RoboArm,1,2,0.04646182805299759,0.02687040561810136,0.022996546775102617,0.0209564482420683,0.01914723463356495,0.017745691351592537,0.013531156349927187,0.01010484416037798,0.00505183101631701
0309,RoboArm,1,3,0.039342090487480164,0.02439808532595635,0.021087265387177468,0.019574532043188812,0.018153822869062426,0.01694557489827275,0.013391726277768613,0.009934149868786336,0.005275547504425049
0309,RoboArm,2,0,0.16490627825260162,0.035051986649632466,0.026832607612013823,0.022550924234092235,0.020050959661602974,0.01795407421886918,0.012409266829490673,0.008743612468242649,0.0035304148914292455
0309,RoboArm,2,1,0.05336111783981323,0.025093885939568284,0.02154453705996275,0.01935557978227735,0.017884412407875062,0.016513208393007513,0.012570965383201838,0.009091156721115117,0.0038412935100495815
0309,RoboArm,2,2,0.031973764300346375,0.02172203786671162,0.01948895610868931,0.017937101572752,0.01649772368371487,0.015362140629440527,0.011907673999667173,0.009095015935599807,0.004034504992887378
0309,RoboArm,2,3,0.025436753407120705,0.019831923823803662,0.01814181942492724,0.01664519600570202,0.015559835843741893,0.014648932730779052,0.011746355891227727,0.00872716717422009,0.004261062014847994
0309,RoboArm,3,0,0.16490627825260162,0.030746689587831496,0.024119432643055917,0.02099402900785208,0.018557367846369743,0.016499227844178652,0.011471859272569426,0.007704722695052625,0.0030132265528663993
0309,RoboArm,3,1,0.04956129565834999,0.021913385894149543,0.01926720168441534,0.01741891548037529,0.01617885820567608,0.015076577430590987,0.011528645921498538,0.008331622555851936,0.003318608505651355
0309,RoboArm,3,2,0.02867341972887516,0.019156747441738845,0.01722342181950808,0.0156690426543355,0.014707252010703088,0.014019712060689924,0.011131881922483445,0.008381756581366067,0.003520772559568286
0309,RoboArm,3,3,0.022582583129405975,0.017441891673952343,0.015994166284799577,0.0148478155490011,0.013975766114890577,0.013241005036979914,0.010961474291980272,0.008004759252071397,0.0037201271625235677
0314,RoboArm,1,0,0.18023289740085602,0.049833603166043766,0.03795115076005459,0.03094427486881614,0.026733178719878202,0.023979998286813402,0.016673795878887177,0.011983030848205092,0.004768500803038478
0314,RoboArm,1,1,0.06922966986894608,0.03818019431084395,0.03164559610188008,0.027283861432224513,0.024231268987059594,0.02212878447026008,0.016569202020764354,0.0121177837252617,0.005242424318566918
0314,RoboArm,1,2,0.047957878559827805,0.0324204907566309,0.0283621871098876,0.025543391928076746,0.023372762277722357,0.02139825606718659,0.01593768484890461,0.012001924961805355,0.005533949006348848
0314,RoboArm,1,3,0.0392901673913002,0.02933724207803607,0.02588785734027624,0.0240119444206357,0.022307525798678406,0.020838767476379853,0.0155140588991344,0.011675590649247171,0.005801280960440636
0314,RoboArm,2,0,0.09953825175762177,0.04061885479837657,0.030487544350326065,0.0258145734295249,0.02280785620212555,0.02016155719757079,0.015336723998188972,0.009581908583641052,0.0036005391739308834
0314,RoboArm,2,1,0.047782573848962784,0.03000575087964535,0.02537989098578692,0.02211457846686244,0.01989101134240628,0.018359275534749014,0.01513159340247512,0.010369551181793219,0.003981819376349449
0314,RoboArm,2,2,0.03473429009318352,0.025807496793568134,0.022763977460563186,0.02054468991234899,0.018976654410362243,0.017691910173743945,0.014347909670323136,0.010282918997108937,0.004249601857736707
0314,RoboArm,2,3,0.02888162061572075,0.02318901240825653,0.02132032431662083,0.01954638533294201,0.018342826142907147,0.01723651411011814,0.013854961190372708,0.009822674840688708,0.004459957592189312
0314,RoboArm,3,0,0.09115429222583771,0.03463584806770087,0.026962509080767635,0.02316999062895775,0.020329874008893967,0.018188294675201166,0.014300072565674782,0.00832002554088832,0.003082643263041973
0314,RoboArm,3,1,0.044752489775419235,0.025854893662035465,0.02193792153149843,0.01951998583972454,0.017789260968565944,0.016818641033023593,0.014007161464542152,0.00913586951792241,0.0033960312139242887
0314,RoboArm,3,2,0.03441992029547691,0.02236755520105362,0.019666789248585705,0.017850265000015502,0.016784571185708048,0.01605897294357419,0.013416874781250955,0.00922456867992878,0.003613907261751592
0314,RoboArm,3,3,0.026751108467578888,0.020340817086398604,0.0185475742444396,0.01714928446337581,0.016224936842918397,0.015599533962085837,0.012857988197356465,0.008869526349008087,0.0037806762848049402
0319,RoboArm,1,0,0.18654538691043854,0.05129020489752293,0.03946523033082485,0.03275057051330805,0.02900623343884945,0.02606459548696875,0.016751893423497678,0.010354765318334104,0.005121615715324879
0319,RoboArm,1,1,0.1094028651714325,0.04211767312139273,0.03346547849476339,0.02880379568785429,0.025926823094487197,0.023585437703877676,0.01673789266496897,0.010503832995891573,0.005467201583087444
0319,RoboArm,1,2,0.06551013886928558,0.0376638812571764,0.03197191528975964,0.02726072592660785,0.0244009330123663,0.02200913811102509,0.01607698388397694,0.010570374131202698,0.005729286000132561
0319,RoboArm,1,3,0.04720071330666542,0.03520984865725041,0.030640190206468108,0.025966001600027086,0.02306098312139511,0.021297490224242197,0.015928174555301666,0.010611488856375218,0.005982264177873731
0319,RoboArm,2,0,0.17230437695980072,0.04271131232380867,0.03289833121001722,0.02853222601115705,0.02483770027756693,0.022190359514206646,0.013870101142674686,0.0092503609135747,0.00400177831761539
0319,RoboArm,2,1,0.10434544086456299,0.032988996617496026,0.027509791478514675,0.02431835243478418,0.021936727985739708,0.019977140706032504,0.014339464716613296,0.009549519605934621,0.0042859583627432585
0319,RoboArm,2,2,0.05928453058004379,0.030059540122747426,0.02521332938224078,0.02276658559218049,0.020852682441473012,0.0190760967321693,0.013583279214799411,0.009563632495701314,0.0045272482093423605
0319,RoboArm,2,3,0.041732314974069595,0.028480158876627686,0.02383235141634941,0.021388890631496908,0.01972964085638523,0.01815091781318186,0.013240635581314567,0.009436244890093804,0.00478228903375566
0319,RoboArm,3,0,0.16340450942516327,0.03811418551951649,0.029432794526219372,0.02518055908381939,0.02245350562036038,0.019963749963790134,0.01244705440476537,0.00877724215388298,0.00344068487174809
0319,RoboArm,3,1,0.09170844405889511,0.029386067762970924,0.02434599041938782,0.021402007620781663,0.019586262106895447,0.018041303660720584,0.013029887061566119,0.00897908490151167,0.0036560867447406054
0319,RoboArm,3,2,0.05356120318174362,0.026342846807092427,0.022348037287592888,0.02010050602257252,0.018661803454160693,0.017133057024329868,0.012301891017705206,0.008981313370168212,0.00391499325633049
0319,RoboArm,3,3,0.03826505318284035,0.02505736215040088,0.021086745262146,0.019062510393559932,0.017676296755671502,0.01625870252028106,0.011782401334494357,0.008865379355847839,0.004145915387198329
0324,RoboArm,1,0,0.14353831112384796,0.041522785238921646,0.030997099056839943,0.026284515447914603,0.023350801989436152,0.020776486862450826,0.013760916609317064,0.010270306654274466,0.004510171711444855
0324,RoboArm,1,1,0.07252044230699539,0.030452471766620883,0.025817226879298688,0.022758405841887,0.020869969800114633,0.01900134999305008,0.013930395338684322,0.010331761837005616,0.004842359572649002
0324,RoboArm,1,2,0.05670902505517006,0.02720121139660478,0.023420736119151117,0.021191782336682084,0.01904004752635956,0.017613579146564,0.013400478661060335,0.010140927322208882,0.0050231353379786015
0324,RoboArm,1,3,0.048041004687547684,0.025522445049136876,0.022049431167542943,0.019976607002317907,0.01819529406726361,0.0170050885528326,0.013104496151208877,0.009857894107699395,0.005261934362351894
0324,RoboArm,2,0,0.13343539834022522,0.03499669775366784,0.027107789516448974,0.023480556905269626,0.02054561197757721,0.018327457923442078,0.011993835400789979,0.008748479187488556,0.0035416358150541782
0324,RoboArm,2,1,0.0710517093539238,0.026204862147569664,0.022344540804624557,0.020042383112013343,0.018245328664779667,0.016697627678513523,0.01219351524487138,0.009141719900071621,0.0038390237605199218
0324,RoboArm,2,2,0.05265270546078682,0.02320977430790663,0.020446900054812433,0.0184263825789094,0.016664646416902542,0.01548455697484314,0.011580261867493393,0.008993382938206198,0.004046325804665685
0324,RoboArm,2,3,0.04230077564716339,0.022228812817484147,0.018963403366506103,0.01725226486101747,0.015840554609894756,0.014971362892538299,0.011390606313943867,0.008683314919471743,0.004250495228916407
0324,RoboArm,3,0,0.11567837744951248,0.03074606401845813,0.024680787213146687,0.02133144844323397,0.018615600466728215,0.01651785532012581,0.011154150404036046,0.007752849720418453,0.0030584208434447646
0324,RoboArm,3,1,0.05576333403587341,0.023237468879669907,0.019833878129720692,0.017706091534346345,0.016281413435935976,0.015200471365824341,0.011367483902722597,0.008434135280549527,0.0033157903235405684
0324,RoboArm,3,2,0.04412706941366196,0.020501618664711715,0.018093357086181646,0.01629248103126884,0.014999135583639146,0.014171591680496922,0.01090885289013386,0.00830701850354672,0.0035251298686489463
0324,RoboArm,3,3,0.03543974831700325,0.019907954875379805,0.017018432952463632,0.01541814203374088,0.014263140298426154,0.013470974704250693,0.010683709476143123,0.00796649418771267,0.003691352787427604
0329,RoboArm,1,0,0.2765697240829468,0.1054399047791958,0.07425645768642425,0.05974033150821927,0.052084497213363654,0.045540243946015795,0.02895737960934639,0.01686531752347947,0.006441754754632711
0329,RoboArm,1,1,0.12483694404363632,0.07428527683019638,0.06164974652230742,0.05459466930478812,0.04886173278093338,0.04446491487324236,0.031133219972252848,0.0195109210908413,0.006833579391241074
0329,RoboArm,1,2,0.0852319598197937,0.05602320555597544,0.049652997180819516,0.04602822784334421,0.04321473345160484,0.04048110824078319,0.03244509659707547,0.021631884947419168,0.007204429246485233
0329,RoboArm,1,3,0.06338182836771011,0.0479132829234004,0.04410741783678532,0.04139885358512402,0.03951677143573762,0.037974858470261094,0.03176338486373425,0.022936735302209885,0.007412637118250132
0329,RoboArm,2,0,0.19882863759994507,0.08414617590606213,0.059016745164990426,0.04712439328432083,0.040132157653570186,0.03517117928713559,0.023664728738367564,0.013892759568989277,0.004965182626619935
0329,RoboArm,2,1,0.09793567657470703,0.058356522880494595,0.04930842034518719,0.042608004361391075,0.03807862952351571,0.03438704088330259,0.024805230833590035,0.015987695753574373,0.005435262341052294
0329,RoboArm,2,2,0.06650910526514053,0.04413139365613461,0.03952520459890368,0.03621076740324497,0.03371449425816536,0.03195999469608068,0.025346339307725438,0.01762879490852357,0.005832482827827334
0329,RoboArm,2,3,0.04940444603562355,0.037673126198351385,0.03483995981514454,0.03252945177257062,0.03097732312977314,0.029610323533415785,0.025539583899080755,0.018233688548207286,0.006136514246463776
0329,RoboArm,3,0,0.18923433125019073,0.06887328445911409,0.04988051354885102,0.040171149559319025,0.03450355991721153,0.03022606698796152,0.02073800619691611,0.012311814539134503,0.004257451742887497
0329,RoboArm,3,1,0.08410686999559402,0.050269345268607143,0.04221305377781392,0.03611072350293398,0.03194517686963082,0.029368150886148213,0.021505529619753366,0.014170192740857603,0.0046032743994146585
0329,RoboArm,3,2,0.05395080894231796,0.038856672793626784,0.034557751268148425,0.031594972610473636,0.029200848639011394,0.02750230720266699,0.021826393716037278,0.015155667625367642,0.00500049814581871
0329,RoboArm,3,3,0.04115479812026024,0.03282052919268608,0.030459664128720764,0.02873516496270895,0.027220897004008295,0.025803356617689125,0.022331138886511327,0.0154539467766881,0.005348514299839735
0334,RoboArm,1,0,0.2076573371887207,0.08113458469510082,0.060562241822481155,0.04986213013529778,0.04322102665901184,0.038455531001091,0.025302787125110634,0.016721274331212066,0.00606002239510417
0334,RoboArm,1,1,0.0992160513997078,0.05493948008865119,0.047486178129911426,0.04289488948881627,0.03905947715044022,0.035075429268181316,0.025142771005630494,0.017447684705257416,0.0068059556651860476
0334,RoboArm,1,2,0.06021590158343315,0.04478612583130598,0.04001702994108202,0.036893923431634904,0.03427466571331024,0.031974235922098096,0.024554648995399483,0.017759389057755478,0.007720834342762828
0334,RoboArm,1,3,0.04945089668035507,0.0402301374822855,0.03626800492405892,0.03385800994932652,0.032194963395595556,0.030762085691094378,0.02347161136567593,0.01765435747802258,0.008140294812619686
0334,RoboArm,2,0,0.18686024844646454,0.06628547661006455,0.049521448165178304,0.04156749978661538,0.036055736094713214,0.03209490608423942,0.021779613569378853,0.013511913642287265,0.004756571259349585
0334,RoboArm,2,1,0.07566665858030319,0.04607461761683226,0.040677997991442685,0.035601351223886024,0.03183413043618202,0.028884457703679787,0.02115478459745646,0.014508313313126568,0.005392205668613315
0334,RoboArm,2,2,0.04660454019904137,0.03797084927558899,0.033985638320446016,0.03128118366003037,0.028992424234747904,0.02651177076622843,0.020363360643386844,0.0146168889477849,0.006117201177403331
0334,RoboArm,2,3,0.03997671976685524,0.0341708118095994,0.030625419542193416,0.028865543510764837,0.02746215976774693,0.026015093643218273,0.0191116651520133,0.01455549839884043,0.006603829329833388
0334,RoboArm,3,0,0.18401391804218292,0.059153150171041495,0.04417807303369048,0.03710533060133458,0.03202434360980988,0.028432771936058886,0.01976177226752043,0.011786480247974405,0.0040850262157619
0334,RoboArm,3,1,0.06563777476549149,0.04112017463892699,0.03648477949202061,0.03216495204716922,0.02848855793476105,0.02561850855126977,0.01906316615641117,0.01296525020152331,0.004628278547897935
0334,RoboArm,3,2,0.03951640427112579,0.03369392294436693,0.030486398823559285,0.028258132841438063,0.02591941170394421,0.023897982668131586,0.0181652095168829,0.013084598630666735,0.005251934519037604
0334,RoboArm,3,3,0.03418990597128868,0.03001019302755594,0.027271683998405936,0.025992115046828985,0.024820674136281015,0.023518366925418373,0.017156777717173104,0.013044126704335213,0.0057748714461922646
0339,RoboArm,1,0,0.28568461537361145,0.0916791042685509,0.06709007427096367,0.05319823596626522,0.045051344931125656,0.03946162797510624,0.024466900713741784,0.015257603116333488,0.006694633513689041
0339,RoboArm,1,1,0.13424579799175262,0.06286182865500452,0.0532601556926966,0.04756705339998008,0.04196866139769554,0.036871187202632306,0.024518774822354324,0.016723394021391873,0.007371252402663231
0339,RoboArm,1,2,0.07281791418790817,0.05287273298949004,0.04516417928040029,0.04014959950000048,0.03675339832901955,0.03327529188245534,0.023664223402738573,0.01707924865186215,0.008163993712514639
0339,RoboArm,1,3,0.056712351739406586,0.048551924973726276,0.041929787918925286,0.035380294322967534,0.03188203573226929,0.029828517511486987,0.02321124114096165,0.017254420742392543,0.008811133448034525
0339,RoboArm,2,0,0.20906011760234833,0.07327685914933683,0.053198895454406744,0.04365194998681545,0.037504962384700774,0.03227848540991543,0.020052471570670603,0.012780776806175728,0.005152427591383457
0339,RoboArm,2,1,0.10333999991416931,0.05041314784437418,0.043055112659931186,0.037821326591074476,0.033168369978666325,0.029260656889528003,0.02023044135421515,0.014167300984263425,0.005758271552622318
0339,RoboArm,2,2,0.05550013855099678,0.04262065917253494,0.03632487647235394,0.03238416824489832,0.029445938169956214,0.02686164043843746,0.019775455445051198,0.01416072901338339,0.006497757276520133
0339,RoboArm,2,3,0.04615519195795059,0.039097854271531104,0.03312881603837014,0.028270772863179444,0.026341971531510355,0.02488486515358086,0.01874981988221407,0.014144356548786164,0.007122657028958201
0339,RoboArm,3,0,0.16252975165843964,0.06318210281431676,0.04607485376298428,0.038169272802770174,0.032055876851081855,0.027968619484454383,0.01772112213075161,0.010875825956463818,0.004403750412166119
0339,RoboArm,3,1,0.08434631675481796,0.04344301857054234,0.03703005693852902,0.03278336025774479,0.029033887088298797,0.025854619592428206,0.017855964228510858,0.012466702051460743,0.004867425886914134
0339,RoboArm,3,2,0.04807813838124275,0.035783981941640376,0.03144439890980721,0.028877084124833356,0.02554913625121117,0.023435418680310245,0.01768272649496794,0.012549668550491333,0.005566743668168783
0339,RoboArm,3,3,0.03923456743359566,0.03295894306153059,0.02839543417096138,0.02542851546779275,0.02389608383178711,0.022301691398024553,0.01634440012276173,0.012562628090381623,0.006156577495858073
0344,RoboArm,1,0,0.18240392208099365,0.06076201967895032,0.04711812771856785,0.04080411810427905,0.03510093078017235,0.03141100369393825,0.020820279605686685,0.014493988826870927,0.0055944849736988544
0344,RoboArm,1,1,0.07095695286989212,0.04216868430376053,0.03741560727357865,0.03333955399692061,0.030509143248200418,0.02839116035029291,0.02157896831631661,0.015375407226383687,0.005994290811941028
0344,RoboArm,1,2,0.04390299692749977,0.03501867670565843,0.03117658853530884,0.028954323157668115,0.027139274403452877,0.025538973510265347,0.020911657065153123,0.01584127508103849,0.006491047563031316
0344,RoboArm,1,3,0.036817774176597595,0.031797351837158205,0.0282222156226635,0.026414846647530795,0.024997854754328728,0.024046898353844878,0.020221298001706602,0.01581187583506108,0.006896964041516185
0344,RoboArm,2,0,0.18240392208099365,0.05347069054841996,0.04088956996798516,0.033946938849985606,0.029728889316320423,0.026426013465970743,0.01790590137243271,0.012803563475608834,0.004447186831384897
0344,RoboArm,2,1,0.07025265693664551,0.037348480448126796,0.03212043248116971,0.02857233665883542,0.026008566915988927,0.024096761271357472,0.0182651674374938,0.013817970640957357,0.004777953261509538
0344,RoboArm,2,2,0.039141662418842316,0.03160129733383656,0.027760128676891333,0.02508865023031831,0.023317525759339337,0.021964842919260263,0.017758329026401048,0.014000992663204672,0.005259782308712602
0344,RoboArm,2,3,0.032337456941604614,0.02823848631232977,0.02538609955459834,0.02358602181077004,0.022039236724376677,0.020727389398962258,0.01713819727301598,0.013813913986086846,0.005615217611193657
0344,RoboArm,3,0,0.18240392208099365,0.04885100163519384,0.03770844414830208,0.03144871059805155,0.02682163558900357,0.02385643748566508,0.016466614231467256,0.011464436538517475,0.003772543277591467
0344,RoboArm,3,1,0.06935212761163712,0.03430980406701565,0.02969131242483855,0.025666230749338867,0.023444689810276035,0.021520526520907877,0.016633008234202863,0.012569445371627816,0.004132835892960429
0344,RoboArm,3,2,0.035630207508802414,0.029228538125753406,0.02540011864155531,0.022603372912853956,0.020959814563393592,0.01974482433870434,0.016158607602119446,0.01280253622680903,0.004607846029102802
0344,RoboArm,3,3,0.02940276823937893,0.02532665878534317,0.02319617096334696,0.021382557153701784,0.02013483114540577,0.01891735140234231,0.015426725335419177,0.012582124769687654,0.004979603691026568
0349,RoboArm,1,0,0.2613586187362671,0.09469513155519962,0.06643618658185006,0.05175676293671131,0.04122435912489893,0.035231316462159136,0.022720205038785937,0.01314338576048613,0.005530713824555278
0349,RoboArm,1,1,0.12268909066915512,0.06912794940173628,0.05328909911215306,0.04469140373170377,0.03910216942429543,0.03456571865826843,0.023735203593969346,0.015018279477953915,0.00579229136928916
0349,RoboArm,1,2,0.09040338546037674,0.05382822748273612,0.04526666834950448,0.04097779352217913,0.03701071560382844,0.034084649756550775,0.024022945389151576,0.015746728703379637,0.006148865446448326
0349,RoboArm,1,3,0.07203157246112823,0.04794751059263945,0.04197648577392102,0.0378050934150815,0.03564355939626694,0.03404434509575366,0.02379262540489436,0.015713251754641538,0.006559479515999556
0349,RoboArm,2,0,0.2613586187362671,0.07685802072286607,0.05551093384623528,0.04205381520092489,0.033630925416946414,0.02908791564404962,0.019021299667656436,0.010984144173562527,0.004278773907572031
0349,RoboArm,2,1,0.10302772372961044,0.05609711777418852,0.04406733520328999,0.03751143589615823,0.03245344072580338,0.028484749700874074,0.02016206942498684,0.012434931285679346,0.004529821220785379
0349,RoboArm,2,2,0.07095515727996826,0.04409137062728405,0.037788031026721,0.034098508208990096,0.031063321903347974,0.02826565010473131,0.020155787654221057,0.013052161782979965,0.004828285425901413
0349,RoboArm,2,3,0.05719151347875595,0.038734998665750024,0.034346167370677,0.03213235553354025,0.03051796086132527,0.028641355223953717,0.0198703145608306,0.01305104307830334,0.005217312136664987
0349,RoboArm,3,0,0.2313571274280548,0.06432590633630753,0.046815303191542666,0.03428823933005336,0.02878718450665474,0.02610414614900945,0.016881415806710744,0.01004879456013441,0.003588595543988049
0349,RoboArm,3,1,0.09980632364749908,0.04817298635840416,0.03695042751729489,0.0315698653459549,0.02688282623887063,0.02418949510902166,0.017437738366425037,0.010956424288451677,0.003869633888825774
0349,RoboArm,3,2,0.062467217445373535,0.03888155043125153,0.033263689577579504,0.029187304005026816,0.0263048104941845,0.023620587773621082,0.017180924862623223,0.011315543018281462,0.004127525724470615
0349,RoboArm,3,3,0.04935817793011665,0.03352929476648569,0.03016012016683817,0.028265861924737692,0.026401098743081094,0.024233599007129656,0.017004107870161538,0.011206146888434888,0.004471573047339916
0354,RoboArm,1,0,0.15249457955360413,0.04277619928121567,0.03321260809898377,0.02833599908277393,0.025346765294671066,0.02295481599867344,0.015562017541378738,0.009113751724362375,0.00468785222619772
0354,RoboArm,1,1,0.04363738000392914,0.03053227487951517,0.027023775726556783,0.024362942408770325,0.022529415264725686,0.02094517350196837,0.015669336542487155,0.009514313191175466,0.004945024847984314
0354,RoboArm,1,2,0.03448567911982536,0.02677740154787898,0.024178223125636576,0.022382667865604163,0.020890935063362124,0.019608207885175925,0.015045008715242149,0.009515287168324001,0.005204333458095789
0354,RoboArm,1,3,0.03283942490816116,0.02494827311486006,0.022799422889947893,0.021132642179727556,0.019706420451402668,0.018507128674536938,0.014756391383707528,0.009116514027118683,0.0054704484064131975
0354,RoboArm,2,0,0.1030886322259903,0.03644312415271999,0.029268696717917934,0.02508372593671085,0.02217690847814084,0.020017365459352728,0.013186850864440207,0.00757502019405365,0.003680097870528698
0354,RoboArm,2,1,0.04140797257423401,0.026099400725215674,0.023237659260630608,0.021255888678133487,0.019741536751389507,0.01823735516518354,0.013548585399985325,0.008013627491891384,0.003925284603610635
0354,RoboArm,2,2,0.030815688893198967,0.022827180251479152,0.021109521277248862,0.01951061978936196,0.01809899091720581,0.01704002674669026,0.013005422614514829,0.008107971958816055,0.004152373643592
0354,RoboArm,2,3,0.028094127774238586,0.02129891125485301,0.019777917005121708,0.01822378993034363,0.01697334669530392,0.015980628971010432,0.012622950226068502,0.007873699814081193,0.004392815520986915
0354,RoboArm,3,0,0.10019087046384811,0.03337047006934881,0.02648167129606009,0.023009387757629157,0.020415064617991446,0.018504920415580217,0.011848635040223598,0.0067499429918825675,0.003168257884681225
0354,RoboArm,3,1,0.04120147228240967,0.023262246269732716,0.02074780259281397,0.01915877914056182,0.017781574204564096,0.016559807769954197,0.012321888096630576,0.007292469125241044,0.0033697239123284817
0354,RoboArm,3,2,0.030147092416882515,0.020596814025193453,0.019011609442532062,0.017497662268579007,0.016347865015268328,0.015318758646026234,0.011806949600577356,0.0074116478674113775,0.003607231774367392
0354,RoboArm,3,3,0.02392531745135784,0.019163350481539963,0.017665217109024526,0.016391319930553438,0.015356969125568868,0.014385619340464471,0.011550128366798166,0.007184001244604589,0.003816426731646061
0359,RoboArm,1,0,0.16188518702983856,0.053861605338752276,0.04264576561748982,0.035834595933556576,0.031246610283851634,0.02718793516978617,0.017255665734410286,0.010163277573883536,0.004622606560587883
0359,RoboArm,1,1,0.07188614457845688,0.04083149041980505,0.03428863413631916,0.03085435789078474,0.0283254761248827,0.026179493777453898,0.017662676796317108,0.010462518222630026,0.004967233631759882
0359,RoboArm,1,2,0.051313482224941254,0.0362206157296896,0.03230124391615391,0.029253576882183555,0.027205161228775983,0.024933553021401166,0.016858812235295784,0.010484277829527856,0.005209420109167695
0359,RoboArm,1,3,0.04274801164865494,0.033455364666879185,0.029677379094064236,0.027435094714164734,0.02572784021496773,0.02402419038116931,0.016911121271550665,0.010360312089324001,0.005442834459245205
0359,RoboArm,2,0,0.12271613627672195,0.04343406423926357,0.0345077845454216,0.02887008583173156,0.024943569898605352,0.02219171244651078,0.014531147480010992,0.00865651480853559,0.003575845272280276
0359,RoboArm,2,1,0.06899348646402359,0.03186408393085003,0.02754800107330084,0.025042092241346837,0.023189330399036423,0.021321486122906196,0.014616690017282963,0.009100313112139704,0.003909282851964235
0359,RoboArm,2,2,0.04401308670639992,0.029239388387650254,0.025879324898123748,0.02391974961385131,0.022024990618228917,0.020207196753472066,0.01389590343460441,0.009107861854135991,0.004136696690693498
0359,RoboArm,2,3,0.03601272404193878,0.027096056807786227,0.024176286570727824,0.022458583917468786,0.020754365026950838,0.01940781781449911,0.01353606944903732,0.008851571753621102,0.0043265612330287695
0359,RoboArm,3,0,0.11116383969783783,0.03864122945815325,0.02995458569377661,0.025226614233106393,0.0224789146333933,0.019869678560644387,0.012967780511826277,0.007877422124147417,0.003057052963413298
0359,RoboArm,3,1,0.06765799224376678,0.027218519654124976,0.02396740842610598,0.021745565198361877,0.02015039846301079,0.018717837240546938,0.013217171095311646,0.008347903192043307,0.0033703026128932834
0359,RoboArm,3,2,0.0409318171441555,0.02563886765390635,0.022297285497188568,0.020614741127938034,0.01903764992952347,0.017657883651554546,0.012457444984465839,0.008352443017065527,0.003582085482776165
0359,RoboArm,3,3,0.03346302732825279,0.023921381030231715,0.02095019232481718,0.019414373449981214,0.01816194586455823,0.016967512015253303,0.012074212450534107,0.008044980838894844,0.003753399825654924
0364,RoboArm,1,0,0.14555543661117554,0.04283943731337786,0.035335069447755815,0.03008360562846065,0.026594976559281353,0.02396193249151106,0.016004494205117226,0.00964866615831852,0.004685745108872652
0364,RoboArm,1,1,0.05974665656685829,0.03372966054826975,0.028500388525426388,0.025550614073872567,0.023489421010017397,0.02192325722426176,0.016102636791765712,0.009864150360226637,0.004966548644006252
0364,RoboArm,1,2,0.04099443182349205,0.030196362324059013,0.026048771105706695,0.023835760410875085,0.022357261255383492,0.020885056629776938,0.01569701135158539,0.0097609942778945,0.005196725716814399
0364,RoboArm,1,3,0.03505878150463104,0.027546712663024664,0.024088514260947706,0.02228751987218857,0.021082110181450845,0.019851556606590742,0.015641317889094355,0.009633330255746846,0.005446079419925809
0364,RoboArm,2,0,0.11907065659761429,0.03714686278253794,0.029239485226571563,0.02551061287522316,0.02273659192025662,0.020321527775377025,0.013134734146296982,0.008554605767130852,0.0036433201748877764
0364,RoboArm,2,1,0.04815772920846939,0.027758930902928115,0.024106298126280314,0.021746595427393912,0.020018261522054673,0.018679168820381155,0.013507618196308616,0.008802515268325806,0.003926028031855822
0364,RoboArm,2,2,0.03497832641005516,0.02509796891361475,0.021718324273824696,0.020108153726905584,0.018789070993661883,0.01738262902945279,0.012972498964518311,0.008767393976449966,0.0041274637915194035
0364,RoboArm,2,3,0.03199225291609764,0.02272979516535998,0.020218454748392106,0.018817709106951953,0.017650714591145516,0.016453344561159607,0.012898331694304944,0.008665197342634202,0.0043225877452641726
0364,RoboArm,3,0,0.1015484482049942,0.032766097709536555,0.02638697188347579,0.022923643551766872,0.02029244974255562,0.018184121139347545,0.011724003404378897,0.00803807470947504,0.003066847217269242
0364,RoboArm,3,1,0.04195839911699295,0.024175649844110015,0.021489527970552445,0.019313834123313427,0.01795868240296841,0.016808063257485607,0.012085074838250885,0.00828207656741143,0.003331749583594501
0364,RoboArm,3,2,0.032541610300540924,0.021251338142901657,0.019334494695067407,0.01773984663188458,0.016617890149354934,0.01570972027257083,0.011686501465737823,0.008247282542288306,0.0035393439466133714
0364,RoboArm,3,3,0.029016874730587006,0.019454139638692143,0.01783568549901247,0.016699824631214142,0.01573660030961037,0.014825733006000518,0.011454243771731853,0.008028555661439896,0.0037329583428800106
0369,RoboArm,1,0,0.1427784264087677,0.04428365088999272,0.034759992584586154,0.029670603461563586,0.026004696264863025,0.02346363803371784,0.016181574575603017,0.009345942735672,0.00481674843467772
0369,RoboArm,1,1,0.05109957233071327,0.03256163649260998,0.02822872325778008,0.02548146951943636,0.023248629868030554,0.021550843305885768,0.01592597160488368,0.009830327145755291,0.005082978401333094
0369,RoboArm,1,2,0.03743315860629082,0.02849656982347369,0.025536915361881258,0.02357901992276311,0.021888757646083834,0.020335209928452953,0.015331578347831967,0.009816462360322485,0.005339100956916809
0369,RoboArm,1,3,0.03432103246450424,0.026042683739215138,0.023760076463222504,0.021969569697976112,0.020653980448842053,0.019191993679851287,0.015301332436501985,0.009632098302245151,0.0055711830500513315
0369,RoboArm,2,0,0.09102882444858551,0.03754750158637763,0.029926262050867094,0.025772804133594045,0.022834167778491975,0.020559457223862404,0.013497935794293899,0.007833994552493097,0.0037490753456950188
0369,RoboArm,2,1,0.042636871337890625,0.027123699225485326,0.023762316480278968,0.021687015257775784,0.01990321546792984,0.018616256862878797,0.013780812919139865,0.008339607156813146,0.004024590365588665
0369,RoboArm,2,2,0.033092327415943146,0.023208582550287248,0.02136217683553696,0.01985874751582742,0.018642742857337004,0.017354111000895497,0.01312970677390695,0.008508940786123275,0.004262592410668731
0369,RoboArm,2,3,0.029765089973807335,0.021637436635792255,0.020004986114799977,0.018566691894084223,0.01730860382318497,0.016310131549835204,0.012906712014228107,0.008310278877615934,0.004453685600310564
0369,RoboArm,3,0,0.09102882444858551,0.033959982693195355,0.02705413673073054,0.023220772538334135,0.020605803951621055,0.01868629353120923,0.01210768483579159,0.007097999099642038,0.003213629126548767
0369,RoboArm,3,1,0.042500853538513184,0.023814637977629904,0.021095202341675758,0.01929138125851751,0.01788559779524803,0.016892543807625747,0.012574720755219464,0.00765455709770322,0.0034694868372753263
0369,RoboArm,3,2,0.03072809800505638,0.02057616537436843,0.019157106317579747,0.017751701530069112,0.01663295067846775,0.015538873290643084,0.012001933157444,0.007744988892227411,0.0037032451946288347
0369,RoboArm,3,3,0.024479597806930542,0.019310364071279767,0.017954017519950866,0.016614394411444664,0.015575116127729419,0.014576695393770914,0.011768849194049837,0.007545165065675974,0.0038936331402510405
0374,RoboArm,1,0,0.16411277651786804,0.04203645277768374,0.03292521797120571,0.028849283289164317,0.02573842823505402,0.023261920548975464,0.015822937712073326,0.010005879774689676,0.005220762453973293
0374,RoboArm,1,1,0.05577384680509567,0.03053751423954964,0.026394807137548926,0.02383212795481086,0.02212092861533165,0.020849263574928036,0.01621546242386103,0.01018126048147679,0.00554299121722579
0374,RoboArm,1,2,0.033459678292274475,0.02623730065301061,0.023727209605276585,0.0217137242294848,0.02036922886967659,0.01937476014718412,0.015626878663897517,0.010410780459642416,0.005672725848853588
0374,RoboArm,1,3,0.028081217780709267,0.02428260402753949,0.021622818633913993,0.020255425684154036,0.019149712547659875,0.018301268853247163,0.015268363151699325,0.010371357388794428,0.005847554421052337
0374,RoboArm,2,0,0.1525217890739441,0.03575100749731064,0.028936502002179624,0.02523142622783781,0.022251112610101702,0.019922172930091613,0.013229898177087307,0.008657488599419595,0.00395051040686667
0374,RoboArm,2,1,0.04695498198270798,0.02608921151608229,0.02252504676580429,0.0206054849922657,0.019003511890769008,0.018024856224656084,0.013941438309848314,0.00889380369335413,0.004293200094252825
0374,RoboArm,2,2,0.030951332300901413,0.022934549748897554,0.020429609715938574,0.01895358093082905,0.017685314863920214,0.0167834609746933,0.013371965102851392,0.008968698978424073,0.004436059622094035
0374,RoboArm,2,3,0.024583403021097183,0.021296245735138653,0.018645988181233406,0.01749151524156332,0.016530960127711297,0.01578602837398648,0.013134356215596199,0.008824796602129937,0.00458550569601357
0374,RoboArm,3,0,0.1525217890739441,0.03207014374434948,0.026324543878436094,0.022598594725131996,0.01988260209560395,0.017962610255926815,0.01184785412624479,0.007907475344836712,0.0033354811603203416
0374,RoboArm,3,1,0.04456153139472008,0.022788342870771888,0.02025467656552792,0.018426878452301027,0.017294147685170173,0.016277571860700838,0.012586019653826953,0.008320041187107564,0.0036056943936273456
0374,RoboArm,3,2,0.030108625069260597,0.019695497881621123,0.018280804827809333,0.01713331285864115,0.016117805242538454,0.015247020870447157,0.012254084367305042,0.00830015186220408,0.0038009597919881344
0374,RoboArm,3,3,0.022880369797348976,0.018190398141741754,0.016969331726431846,0.015915965903550388,0.015015504695475102,0.014421773422509426,0.011946474481374026,0.008165280707180504,0.0039900310803204775
0379,RoboArm,1,0,0.2794898748397827,0.094075767248869,0.06538629949092867,0.05399426072835922,0.04569640696048738,0.040559060126543034,0.026855592243373402,0.016621408611536027,0.007001422345638275
0379,RoboArm,1,1,0.15693522989749908,0.06840131044387818,0.05262443453073502,0.04570014838129282,0.04109347581863404,0.03722422011196613,0.027119544520974162,0.017975090071558956,0.007652696687728167
0379,RoboArm,1,2,0.09790463000535965,0.05732766896486283,0.04602120757102966,0.040223495289683345,0.03732598960399628,0.035372525639831974,0.027266763895750067,0.018273455277085307,0.008373947814106941
0379,RoboArm,1,3,0.07331474870443344,0.04918764635920525,0.042597835361957555,0.03746029730886222,0.03518404453992844,0.03336814828217028,0.02703068349510432,0.0181375276297331,0.008787105791270733
0379,RoboArm,2,0,0.24601483345031738,0.07326074689626694,0.05109967134892941,0.041835426799953,0.03614069059491159,0.0315918436273932,0.021101991273462777,0.012862960062921059,0.0053126015700399876
0379,RoboArm,2,1,0.11913703382015228,0.05532661154866221,0.04193888738751412,0.03596328541636467,0.031491922885179525,0.028513330221176143,0.021134446747601034,0.013917811401188376,0.005929272156208754
0379,RoboArm,2,2,0.0677790492773056,0.04636880233883858,0.03715717874467373,0.03218095686286688,0.02953491285443306,0.027742902841418976,0.020818181149661545,0.014237372204661371,0.006602096604183316
0379,RoboArm,2,3,0.053509313613176346,0.040037477463483816,0.03346479132771492,0.030302749648690227,0.028159750103950502,0.02648769551888108,0.020721467025578023,0.014169043302536013,0.00700313039124012
0379,RoboArm,3,0,0.24601483345031738,0.06172986064106226,0.04302282199263573,0.03577808391302829,0.030079000517725947,0.026545654982328398,0.018183918669819832,0.010827945731580262,0.004456337075680494
0379,RoboArm,3,1,0.10063270479440689,0.04583795253187419,0.03545438274741173,0.029978800751268866,0.026207629740238204,0.024030447565019125,0.01829829700291157,0.012018695287406445,0.004895358579233289
0379,RoboArm,3,2,0.0556817427277565,0.037776352949440484,0.030578869245946414,0.02728506034240127,0.025127881020307545,0.023526956327259523,0.017837780527770523,0.01224521789699793,0.005461148452013731
0379,RoboArm,3,3,0.045405808836221695,0.03285404905676842,0.02757061541080475,0.02509920181706548,0.023486898615956306,0.022151408530771705,0.017609426006674776,0.012186417728662498,0.00588611070998013
0384,RoboArm,1,0,0.5202202200889587,0.12870224043726927,0.06436035841703418,0.04697315998375416,0.039507011324167327,0.034229469485580914,0.02149124275892973,0.012249432876706124,0.005499261198565364
0384,RoboArm,1,1,0.2937610149383545,0.11889302864670755,0.06427911520004277,0.043698197454214105,0.035574211031198504,0.031905524246394604,0.021953054890036586,0.01305058412253857,0.005871264496818185
0384,RoboArm,1,2,0.20837631821632385,0.10614352159202102,0.06876491546630865,0.04558270659297706,0.035953995287418376,0.031185470614582274,0.02271323595196009,0.01389921884983778,0.006111155962571502
0384,RoboArm,1,3,0.1503605842590332,0.09344012469053269,0.06569641098380088,0.04973655056208373,0.038275913894176505,0.03197854384779925,0.02237384039908648,0.014751339145004752,0.006418052827939391
0384,RoboArm,2,0,0.3597014844417572,0.1026783525198698,0.0501158442348242,0.03795063383877278,0.03169137999415398,0.027922353800386185,0.017769157327711588,0.009931588172912608,0.004169107880443335
0384,RoboArm,2,1,0.29118213057518005,0.09428981244564061,0.05321207828819753,0.03432119376957417,0.02845409356057644,0.02601063977926965,0.01841906830668451,0.01064870897680521,0.004465433303266764
0384,RoboArm,2,2,0.20239637792110443,0.08522097140550614,0.05554508306086064,0.03642868310213093,0.028406846076250093,0.02512819794937966,0.01864015627652407,0.01128273382782937,0.004665934946388006
0384,RoboArm,2,3,0.14265334606170654,0.07490949526429178,0.053711541146039994,0.04043884310871364,0.03125191092491151,0.026186401676386594,0.018295240961015227,0.011961658857762814,0.005038298899307847
0384,RoboArm,3,0,0.35579773783683777,0.08949058860540415,0.04255952000617983,0.03319611005485058,0.027786399945616727,0.024637858569622015,0.015716820769011975,0.008865555748343468,0.003545776242390275
0384,RoboArm,3,1,0.2903115749359131,0.08461866237223152,0.047263694852590576,0.029481567163020382,0.02481513246893883,0.022611946146935222,0.016455815918743615,0.009581837430596356,0.003796556033194065
0384,RoboArm,3,2,0.19980722665786743,0.07448375873267651,0.050607701018452654,0.03329491328448059,0.025044070780277254,0.021839072089642256,0.01652434524148703,0.010069089569151401,0.003985875053331256
0384,RoboArm,3,3,0.13882991671562195,0.06499469608068467,0.04906604550778867,0.03649981558322908,0.02814178600907326,0.023297626059502287,0.01614350322633982,0.010477927885949614,0.004318686667829752
0389,RoboArm,1,0,0.8584861159324646,0.04444024469703437,0.02776239681988955,0.022796989995986228,0.019394054040312768,0.0172333045862615,0.01134795118123293,0.008592135645449165,0.004295365884900093
0389,RoboArm,1,1,0.6807141900062561,0.03348905831575394,0.023419333100318917,0.019547728206962354,0.01745345048606396,0.01595898354426023,0.011170777492225172,0.008444540575146677,0.004687250358983874
0389,RoboArm,1,2,0.4533344805240631,0.031984473764896396,0.021466695703566078,0.018559686113148937,0.01643068246543408,0.015075445314869278,0.010907426383346321,0.00856310147792101,0.0049000035505741835
0389,RoboArm,1,3,0.29229599237442017,0.04374660849571238,0.019328135699033737,0.017779775746166706,0.016234940662980084,0.015044401865452518,0.010762331914156676,0.008577117696404457,0.005057325586676598
0389,RoboArm,2,0,0.7319911122322083,0.03248244948685171,0.022688176706433298,0.01859983712434772,0.01588181145489216,0.013988223252817974,0.009378778748214245,0.006905984319746496,0.0033614696003496647
0389,RoboArm,2,1,0.5885847210884094,0.027182415481656796,0.018467744290828706,0.015864868853241208,0.014002330116927626,0.01281593497842549,0.009375693555921317,0.0069633998908102575,0.0036609964445233345
0389,RoboArm,2,2,0.36891254782676697,0.023067938406020404,0.016695807836949825,0.014735417636111385,0.013306929618120196,0.012334097269922475,0.009269898384809495,0.007206863723695279,0.0038605810841545463
0389,RoboArm,2,3,0.22663307189941406,0.03040267027914526,0.015274712946265936,0.013982953019440175,0.012944404073059562,0.012067527836188663,0.009141686558723452,0.00720130186527968,0.0039748880080878735
0389,RoboArm,3,0,0.6857706308364868,0.02817263497039677,0.019633016549050815,0.016181176528334618,0.013617204502224922,0.011817231262102698,0.00875856671482325,0.0059098572470247775,0.0028777499683201313
0389,RoboArm,3,1,0.47860968112945557,0.022906162254512318,0.01598854560405016,0.013816947713494303,0.012241792231798174,0.011099343886598943,0.00872743409126997,0.006006246153265238,0.0031316577224060893
0389,RoboArm,3,2,0.29445815086364746,0.019884699657559398,0.014366835132241252,0.012722694315016273,0.011634976230561738,0.010782189853489393,0.008631418831646444,0.006254116352647544,0.0032927131978794932
0389,RoboArm,3,3,0.19701986014842987,0.0273127012513578,0.013306112345308067,0.012013917947188021,0.011198809146881105,0.010410240804776533,0.008560618665069344,0.00628962479531765,0.0034068115055561066
0394,RoboArm,1,0,0.23279313743114471,0.04788863491266966,0.03587833091616631,0.030122272241860655,0.026222189739346504,0.023614318016916488,0.01647011488676072,0.010942879132926468,0.0051194538827985525
0394,RoboArm,1,1,0.07795027643442154,0.03697209220379591,0.029310494735836985,0.025385404583066703,0.023084219396114353,0.021264887042343614,0.015957204811275008,0.010868881642818453,0.005682391580194235
0394,RoboArm,1,2,0.055276431143283844,0.030839460100978613,0.025857724994421006,0.0230807020701468,0.02136616244912148,0.019972644560039037,0.015589443128556018,0.010834883153438571,0.0059064768720418215
0394,RoboArm,1,3,0.042226679623126984,0.027209634818136694,0.02403577540069819,0.022099228836596013,0.020606082379817963,0.019365074578672644,0.015036029554903511,0.01089204028248787,0.0061555749271065
0394,RoboArm,2,0,0.16875022649765015,0.03847312696278096,0.029066681712865836,0.023808174151927233,0.020806494131684308,0.01856848904862998,0.01318201674148441,0.008343089371919632,0.0037676413776353
0394,RoboArm,2,1,0.06934364140033722,0.027737699411809452,0.022212086431682113,0.019771008845418693,0.017981225475668907,0.016803348250687106,0.012904940638691187,0.008572171255946169,0.004209764301776886
0394,RoboArm,2,2,0.0481041818857193,0.02362963598221541,0.019825543835759164,0.01775650722905994,0.016539823487401007,0.015592234721407288,0.012446647603064777,0.008652997016906739,0.004396504955366254
0394,RoboArm,2,3,0.03540603071451187,0.020932544525712728,0.018560412786901,0.017093894183635713,0.01593631498515606,0.015009146789088837,0.01198677197098732,0.008512481302022937,0.004565082723274827
0394,RoboArm,3,0,0.16875022649765015,0.03372667305171491,0.024619688056409364,0.020266685113310815,0.01743592120707035,0.015796503517776714,0.011325572803616532,0.0072484989650547504,0.003119289060123265
0394,RoboArm,3,1,0.06512951105833054,0.023696814458817248,0.019467248618602752,0.01728189269080758,0.01584117710590363,0.014657304249703866,0.01112125562503934,0.0075512100942432886,0.0034599557984620333
0394,RoboArm,3,2,0.045115407556295395,0.020131733752787113,0.017336512804031375,0.015660109389573337,0.014511843360960485,0.013716531917452812,0.010775671992450954,0.007628179527819159,0.003600300522521138
0394,RoboArm,3,3,0.032510872930288315,0.017970423717051747,0.016112010702490808,0.014919983102008705,0.013979706503450871,0.013251445023342967,0.010411175340414053,0.007535369601100683,0.003725268761627376
0399,RoboArm,1,0,0.18176805973052979,0.04299976326525212,0.03232253208756447,0.026510413587093353,0.022722110226750376,0.019925672002136685,0.012960426695644877,0.009242119826376438,0.004680183716118336
0399,RoboArm,1,1,0.0778932198882103,0.03565807420760393,0.02750376395881177,0.023300260566174992,0.02039824977517128,0.018680288270115853,0.012774538062512877,0.009029490128159524,0.0049892819952219725
0399,RoboArm,1,2,0.05596320703625679,0.03143701989203692,0.025105043426156066,0.021419348493218422,0.019508500620722777,0.017796042282134276,0.012662565335631372,0.009170132875442506,0.005120308371260762
0399,RoboArm,1,3,0.04363967850804329,0.028055736254900696,0.02363318223506212,0.02050251530483365,0.018552586436271674,0.0172439600341022,0.013077428657561542,0.009229287877678872,0.005221537314355373
0399,RoboArm,2,0,0.1755470484495163,0.03663370400667191,0.026083568632602697,0.021353750973939902,0.01825614988803864,0.01596474312245844,0.010768953710794449,0.007752859778702266,0.0035774778807535768
0399,RoboArm,2,1,0.06936696916818619,0.02913674801588059,0.022346437498927122,0.018775521721690894,0.016635005846619613,0.014821800030767917,0.010545956995338201,0.0077188950031995785,0.0038799368776381016
0399,RoboArm,2,2,0.045472558587789536,0.025957334078848364,0.020405175611376773,0.017286317981779577,0.01538838978856802,0.014151650574058284,0.010608614701777697,0.007893277890980247,0.003986230120062828
0399,RoboArm,2,3,0.034736987203359604,0.022892014011740687,0.01902049671858549,0.016549988724291326,0.01484530333429575,0.01361437994055448,0.010659427754580975,0.007975315861403945,0.004073030082508922
0399,RoboArm,3,0,0.15121981501579285,0.03210484232753515,0.022637375220656397,0.01841788858175278,0.015973478257656097,0.013829647144302704,0.009714039973914623,0.006774554029107094,0.0029999995604157448
0399,RoboArm,3,1,0.05950357764959335,0.025752018820494417,0.019554769992828378,0.016283346172422174,0.014367426484823234,0.012985030002892006,0.00970336003229022,0.006887900549918415,0.0032579447142779827
0399,RoboArm,3,2,0.040747761726379395,0.0230008757673204,0.01778944730758667,0.01523447827436031,0.013490533009171487,0.01226948322728274,0.009669646900147202,0.007104269787669182,0.003377374610863626
0399,RoboArm,3,3,0.030986038967967033,0.020065903197973967,0.016544446833431724,0.0143925454095006,0.013004259541630751,0.01184205794706938,0.009601612482219935,0.007191640511155131,0.003447289695031941
0404,RoboArm,1,0,0.28304624557495117,0.07722294896841049,0.0557338570803404,0.04531210891902448,0.03892150327563296,0.03404919058084488,0.020071306638419644,0.012119582295417786,0.0051335005555301905
0404,RoboArm,1,1,0.11038815230131149,0.0577335186302662,0.04729514919221401,0.04092113237828017,0.03646601110696793,0.033303905650973305,0.0215854300186038,0.012701085768640043,0.0056565392296761274
0404,RoboArm,1,2,0.06423915922641754,0.045889652594923974,0.040855903625488285,0.036749265976250174,0.03375927984714508,0.030964440573006825,0.02275889310985804,0.013423637486994268,0.005889662308618426
0404,RoboArm,1,3,0.048646945506334305,0.03871410876512527,0.03600398242473602,0.033602230809628965,0.03178285270929337,0.030146330129355175,0.022171750105917463,0.013874869607388974,0.006150459172204137
0404,RoboArm,2,0,0.21933186054229736,0.06613074071705344,0.045489455685019504,0.037316040024161355,0.031931946873664865,0.027164288237690896,0.016390899382531663,0.010074702836573126,0.003969887271523476
0404,RoboArm,2,1,0.09344179183244705,0.04727226153016091,0.03888950496912003,0.03330828040838242,0.029603427872061733,0.027119830250739975,0.017793007194995887,0.010672502405941493,0.004351850599050522
0404,RoboArm,2,2,0.051716867834329605,0.0371603624150157,0.03316995330154896,0.03031705990433693,0.027526013106107725,0.0252870683558285,0.018575954437255862,0.011139757744967938,0.004591993056237698
0404,RoboArm,2,3,0.03708259016275406,0.03151408538222313,0.029541248865425588,0.027925684452056884,0.02633577398955822,0.02497317800298333,0.01799154505133629,0.01124850641936064,0.004889126634225249
0404,RoboArm,3,0,0.20080973207950592,0.056704667396843454,0.04106966264545918,0.03297462724149228,0.027617966756224632,0.0235394756309688,0.014627926424145708,0.008992274291813374,0.003390996716916561
0404,RoboArm,3,1,0.08310342580080032,0.04092771902680397,0.03364280112087727,0.0289286551438272,0.025948015674948692,0.023740882985293848,0.015571039635688068,0.009571531787514688,0.003705151379108429
0404,RoboArm,3,2,0.04607535898685455,0.032672489434480666,0.029133104868233207,0.026501771807670594,0.023953934833407402,0.02226937785744667,0.016073651425540448,0.009878260083496578,0.003952442901208997
0404,RoboArm,3,3,0.03305668756365776,0.02755707174539566,0.025941320694983006,0.024761115349829197,0.023468117937445646,0.022099305316805807,0.015416014939546587,0.010019782371819021,0.00421471893787384
0409,RoboArm,1,0,0.5325600504875183,0.1949090747535229,0.1464110824465752,0.11775234073400503,0.09754716813564311,0.08205329962074755,0.039855132997036045,0.01652318909764292,0.005817042663693428
0409,RoboArm,1,1,0.2909892499446869,0.1519685573875904,0.12892214953899384,0.11148717194795608,0.09646650075912476,0.08544601388275608,0.04537185356020931,0.01875697635114193,0.006292162928730249
0409,RoboArm,1,2,0.19706794619560242,0.13308616071939472,0.11699523374438288,0.1042653498798609,0.09268946230411532,0.08218564800918102,0.048319074138998996,0.019917159900069245,0.006656322395429015
0409,RoboArm,1,3,0.1650981456041336,0.12230209715664386,0.10863222137093548,0.09800798729062081,0.08669757246971133,0.0795223794877527,0.049529096111655256,0.021542831510305418,0.006987478816881776
0409,RoboArm,2,0,0.41734760999679565,0.14174493178725248,0.10249023780226707,0.08024263896048071,0.06337742477655411,0.05233671627938746,0.028909335844218738,0.012690090946853182,0.004323228728026152
0409,RoboArm,2,1,0.23552601039409637,0.11366017498075963,0.09429909050464633,0.07878972545266151,0.0654923003911972,0.05544328447431312,0.02994175981730223,0.014235185645520693,0.004649801878258586
0409,RoboArm,2,2,0.1441558301448822,0.09870315194129944,0.08527381241321563,0.07388003021478654,0.0639606022834778,0.05529431030154228,0.030528135411441334,0.014627869054675122,0.0050004515796899796
0409,RoboArm,2,3,0.1228744387626648,0.09047431223094464,0.08066052362322808,0.06981044217944146,0.05999915674328804,0.05400416143238531,0.03209986276924613,0.015261816978454603,0.005456930724903941
0409,RoboArm,3,0,0.3919507563114166,0.1140332700312138,0.08258542105555534,0.0612671395018697,0.04917746528983116,0.041903482005000055,0.023021899536252045,0.010343810729682455,0.003588086226955056
0409,RoboArm,3,1,0.2154269516468048,0.09377226173877717,0.07359293788671493,0.06259929038584235,0.05102756276726726,0.04320138636976477,0.023781656846404108,0.011900182627141485,0.0038483954267576337
0409,RoboArm,3,2,0.11549325287342072,0.0805571848154068,0.06716549098491668,0.05842526677995922,0.05010615825653077,0.043170503154396966,0.024167964421212672,0.012505607120692737,0.004172003827989101
0409,RoboArm,3,3,0.1006082072854042,0.07290754474699497,0.0654925236105919,0.05476411689072849,0.047088962197303776,0.04228876307606696,0.02590072993189097,0.01274668183177711,0.004524338524788618
0414,RoboArm,1,0,0.5523430705070496,0.03721007708460093,0.028781061992049217,0.024571305681020023,0.021313372105360034,0.019306521862745278,0.014087597839534288,0.009701701812446117,0.005205088062211871
0414,RoboArm,1,1,0.23311512172222137,0.03098371434956789,0.02444673966616392,0.021688149049878123,0.0196241120249033,0.017945447005331495,0.0129607361741364,0.009347298927605153,0.005575272254645824
0414,RoboArm,1,2,0.09260190278291702,0.028894184213131675,0.022496690042316914,0.019998837206512694,0.018412045016884808,0.017029042914509764,0.012675984390079978,0.009245997108519081,0.00572304823435843
0414,RoboArm,1,3,0.0556313693523407,0.02671791641041637,0.02147816549986601,0.01920840444043279,0.017710020095109944,0.016556980088353154,0.012608561478555203,0.009207744896411896,0.005833718692883849
0414,RoboArm,2,0,0.1150796115398407,0.030698950737714774,0.023622873723506927,0.020103336423635487,0.017900992184877396,0.0160583104006946,0.010910650063306096,0.008208017237484459,0.003879185998812318
0414,RoboArm,2,1,0.04574647918343544,0.02451134316623211,0.019773146882653244,0.017707978039979935,0.01609537921845913,0.014709442621096967,0.010499332472682,0.007991358451545244,0.004177615279331803
0414,RoboArm,2,2,0.03024323470890522,0.02123869752511382,0.01744037341326475,0.015886288471519957,0.014694719091057778,0.013728852104395626,0.010354866646230221,0.007914224267005922,0.004311206750571728
0414,RoboArm,2,3,0.025447305291891098,0.018693622127175333,0.016361458636820318,0.014616900254040959,0.013643730841577054,0.013030575029551981,0.010207029711455108,0.007915604114532472,0.004408754641190171
0414,RoboArm,3,0,0.09281674772500992,0.026881958339363337,0.020778297372162354,0.017897259257733823,0.01567380286753178,0.014022672409191726,0.00950040016323328,0.007155289687216296,0.0032090467866510153
0414,RoboArm,3,1,0.04275204613804817,0.02115772070363164,0.017548825182020663,0.015752245876938107,0.01425479244440794,0.012944913422688829,0.00946924025192857,0.006969786621630194,0.0034693836933001876
0414,RoboArm,3,2,0.026618005707859993,0.018575111106038093,0.015329084508121014,0.013895040573552252,0.013004729747772219,0.012150583229959006,0.009391799941658976,0.006987705640494824,0.003597395494580269
0414,RoboArm,3,3,0.021856127306818962,0.01635928023606539,0.014331661835312844,0.012637404752895237,0.01194729320704937,0.011481295293197035,0.009273770824074745,0.006997907999902964,0.0036866021109744906
0419,RoboArm,1,0,0.2852410078048706,0.08216734960675245,0.055000276938080794,0.04295243792235851,0.03560536295175554,0.031409334950149026,0.020147478021681313,0.012122072838246825,0.0050860855262726545
0419,RoboArm,1,1,0.10231845080852509,0.05536954700946808,0.04517963849008084,0.039813652411103254,0.035883859395980836,0.032106669060885884,0.021106733754277233,0.012516940012574201,0.005592130124568939
0419,RoboArm,1,2,0.06627383083105087,0.04398698851466179,0.038568527027964594,0.03557687155902386,0.033149893879890445,0.03087082654237745,0.021940980851650242,0.01279070787131787,0.00585333607159555
0419,RoboArm,1,3,0.049359776079654694,0.0384245178475976,0.03516088753938675,0.03299987465143204,0.031002196520566953,0.029471240099519482,0.0215633798390627,0.013083597645163541,0.0061092013493180275
0419,RoboArm,2,0,0.2852410078048706,0.06391640909016134,0.04388924300670624,0.034360220320522786,0.02851080365478995,0.024693536851554978,0.016102525964379322,0.01019408367574215,0.003959128400310874
0419,RoboArm,2,1,0.08817572891712189,0.04590237695723772,0.036328705400228506,0.031993583403527745,0.028317448198795322,0.025689449999481362,0.016980323940515518,0.010739297792315484,0.004319375613704324
0419,RoboArm,2,2,0.055607814341783524,0.0357493457198143,0.03157722696661949,0.029097022153437138,0.026725550889968874,0.02480885079130529,0.017124935798346997,0.010889354906976225,0.00455194222740829
0419,RoboArm,2,3,0.04145653918385506,0.031612000130116946,0.02880026176571846,0.02670455627143383,0.025292460545897486,0.0239800919778645,0.01688804663717747,0.010786142945289613,0.004808520898222923
0419,RoboArm,3,0,0.1537918597459793,0.056780588068068065,0.039136858507990854,0.030516943410038973,0.024942044392228132,0.021726036909967657,0.014048154558986437,0.008972554467618476,0.003364951116964221
0419,RoboArm,3,1,0.08283668756484985,0.040444912016391756,0.03207479059696198,0.027806648463010796,0.024893506765365604,0.022303256671875694,0.014901809953153137,0.009529661759734158,0.0036645526997745037
0419,RoboArm,3,2,0.05249996483325958,0.03166346028447151,0.028256938979029655,0.02594473335891962,0.023696200400590908,0.021974526345729828,0.014791895262897018,0.009669996984303,0.003908488200977445
0419,RoboArm,3,3,0.03904951363801956,0.028483603056520226,0.025604182928800585,0.023912098444998267,0.022690038084983828,0.02136412262916564,0.014463393669575454,0.009579912200570107,0.004137425450608134
0424,RoboArm,1,0,0.18771427869796753,0.04402125891298057,0.03167026668787003,0.02610532935708763,0.022449311390519148,0.0199435967952013,0.014100361149758107,0.009663060866296291,0.004803694784641266
0424,RoboArm,1,1,0.06505590677261353,0.03279448620975018,0.026970264054834846,0.022909675855189562,0.02047568991780281,0.01878940658643841,0.014280768204480411,0.009615688398480416,0.005184621782973409
0424,RoboArm,1,2,0.038451723754405975,0.026338084526360037,0.023475743830204013,0.021010047625750306,0.019299507588148117,0.018003942910581817,0.014057012367993595,0.009941920079290872,0.005342406220734119
0424,RoboArm,1,3,0.027918798848986626,0.0229090484790504,0.021389901116490365,0.02012104043737054,0.018751382157206536,0.017698641400784244,0.013962114602327347,0.009950713813304906,0.005472427932545543
0424,RoboArm,2,0,0.16259174048900604,0.03485635660588743,0.025798103883862496,0.020970050245523456,0.018380436822772028,0.016283148527145384,0.01135508641600609,0.007786793913692237,0.003700158675201237
0424,RoboArm,2,1,0.06048852205276489,0.025071485005319128,0.021094856038689613,0.018458161465823655,0.016580328047275546,0.015338386176154014,0.011651042476296426,0.007969570532441145,0.003979926696047187
0424,RoboArm,2,2,0.03393794223666191,0.020779822263866665,0.018336242586374285,0.016637789942324163,0.01548024717718363,0.014648249885067336,0.011487853992730383,0.008209341391921046,0.00412438646890223
0424,RoboArm,2,3,0.023309258744120598,0.0183817701600492,0.016968075260519983,0.015827021785080435,0.014869614839553838,0.014092471078038212,0.011446312163025142,0.008190585859119895,0.004206085344776511
0424,RoboArm,3,0,0.1539364904165268,0.030423423647880556,0.02211863145232201,0.018403440434485673,0.01579438209533692,0.014275521645322435,0.01009540157392621,0.0065099903382361025,0.003110761404968798
0424,RoboArm,3,1,0.05346522480249405,0.022406665906310082,0.018472639545798305,0.016153194475919008,0.014678535982966425,0.013821761868894096,0.010183489602059127,0.0068258997052908,0.003367068595252931
0424,RoboArm,3,2,0.028966953977942467,0.017954275812953713,0.016029090620577335,0.014781393008306623,0.013947079293429853,0.013090912392362928,0.010239537619054318,0.007084867171943188,0.0034884241176769137
0424,RoboArm,3,3,0.01969187520444393,0.016089574433863163,0.01502234110608697,0.013965742848813535,0.01316735725849867,0.012491589551791542,0.010219986271113158,0.007145969290286304,0.003559773089364171
0429,RoboArm,1,0,0.19425222277641296,0.04791973184794188,0.03498586341738701,0.028938532732427122,0.024857601672410967,0.02186814649030566,0.014201634563505655,0.009482445381581788,0.00483825383707881
0429,RoboArm,1,1,0.07574796676635742,0.037024187408387664,0.029627852626144893,0.025989459436386832,0.023301548808813095,0.021174309309571978,0.014313057810068133,0.009299586527049543,0.0050651938654482365
0429,RoboArm,1,2,0.0576322078704834,0.031182486899197105,0.02622835371643305,0.023958148602396253,0.02240348286926747,0.020868035499006475,0.01472024563699962,0.009300097264349461,0.005147804040461779
0429,RoboArm,1,3,0.045584823936223984,0.02916421499103308,0.02411353476345539,0.022178419027477508,0.02100866734981537,0.019913687650114288,0.014882923383265736,0.009305610693991186,0.005254593677818775
0429,RoboArm,2,0,0.12223761528730392,0.038350522257387644,0.028260724470019354,0.023015413209795953,0.020071834176778797,0.017899999395012856,0.011369739286601547,0.007993448339402678,0.003677982371300459
0429,RoboArm,2,1,0.0587858222424984,0.029566738829016687,0.023977932631969463,0.0209536699578166,0.018589613884687425,0.01701019080355763,0.011816216073930267,0.008064381964504722,0.003905745572410524
0429,RoboArm,2,2,0.044172581285238266,0.024880618005990986,0.021091373860836028,0.01949694702401758,0.01799307301640511,0.016518320608884047,0.01203912058845163,0.00804434083402157,0.004024368245154619
0429,RoboArm,2,3,0.03406473994255066,0.022842596955597403,0.019297191277146342,0.017946928516030313,0.016933946013450628,0.016023385338485237,0.012225259933620692,0.00809768605977297,0.004131614463403821
0429,RoboArm,3,0,0.11802700906991959,0.03339504808187485,0.023951440639793882,0.020179411228746176,0.01761808641254904,0.015385974198579788,0.010087811388075352,0.0072107305750250825,0.0030977786518633366
0429,RoboArm,3,1,0.05146116763353348,0.02556129924952984,0.020939750857651235,0.018228125069290405,0.016181126534938813,0.014866036595776667,0.01047920333221555,0.007325692661106589,0.003295709961093962
0429,RoboArm,3,2,0.03636223077774048,0.02087855912744999,0.018344106264412404,0.016868737619370223,0.015493923760950566,0.014286947203800079,0.010719611775130035,0.007388482335954906,0.0033958780113607645
0429,RoboArm,3,3,0.02829032763838768,0.018618023432791234,0.016657504700124264,0.015420572021976114,0.014631883129477505,0.013784706871956582,0.010899787489324811,0.007342026382684708,0.0035088621079921722
0434,RoboArm,1,0,0.3149459660053253,0.09013831995427611,0.0662895973026753,0.05466751262545586,0.04581796348094946,0.04028574023395774,0.02585548423230648,0.015587270073592669,0.005755891790613532
0434,RoboArm,1,1,0.11174960434436798,0.06259738832712174,0.05327214352786542,0.04702819410711527,0.042183156311511996,0.0386637715622782,0.02811983190476895,0.01673050075769426,0.006165679777041078
0434,RoboArm,1,2,0.06725406646728516,0.049082936942577364,0.044277359470725065,0.040999032221734524,0.03805258661508561,0.03607669286429882,0.029025490581989322,0.017733546346426047,0.006493697874248028
0434,RoboArm,1,3,0.049442145973443985,0.042490339763462545,0.039267163276672366,0.037409057579934596,0.03573693573474884,0.034380495734512795,0.02913904171437025,0.018269775062799455,0.0068494046572595835
0434,RoboArm,2,0,0.3149459660053253,0.07104751370847226,0.05074218049645426,0.04105041667819023,0.035303155183792116,0.030868733767419995,0.02152572087943555,0.013304458931088448,0.004411236150190234
0434,RoboArm,2,1,0.08967195451259613,0.050019002482295044,0.04117995396256447,0.03585079763084651,0.032684317231178296,0.030025329627096642,0.022742008604109302,0.013810002803802492,0.004735488910228014
0434,RoboArm,2,2,0.049944452941417694,0.03883982621133328,0.03493926033377648,0.03237308159470558,0.03040526270866395,0.028294206317514115,0.022740854136645804,0.014197928272187714,0.005034660454839468
0434,RoboArm,2,3,0.03936954215168953,0.03400861017405987,0.031788268312811854,0.030209298469126223,0.028958706334233288,0.027832996286451795,0.021946363337337984,0.014373021945357325,0.005384866148233414
0434,RoboArm,3,0,0.3149459660053253,0.05988928377628327,0.04309276714920998,0.035373422726988804,0.030185310691595094,0.026716772280633436,0.018577709794044495,0.011997738853096985,0.0037403368623927236
0434,RoboArm,3,1,0.08863440901041031,0.04246963880956173,0.035226407870650296,0.031082151718437676,0.02802751675248146,0.025982097443193193,0.019732033088803294,0.012620471604168421,0.004043301800265908
0434,RoboArm,3,2,0.04068538919091225,0.033289317525923255,0.03029761020094156,0.02801655437797308,0.026365933641791343,0.02508194604888555,0.019512284174561502,0.012606998346745968,0.004337760619819164
0434,RoboArm,3,3,0.033137839287519455,0.02916112804785371,0.027460651993751528,0.02635641470551491,0.025361278876662254,0.024503295775502903,0.01862732209265232,0.012552073411643506,0.004678050288930535
0439,RoboArm,1,0,0.22970640659332275,0.0411413572728634,0.029473644345998768,0.024621346462517978,0.021543480455875397,0.01956368051469324,0.014479752909392121,0.01031572837382555,0.00546945515088737
0439,RoboArm,1,1,0.10722402483224869,0.02882604341953993,0.024399172775447373,0.02140076579526067,0.019398791566491127,0.017938369698822475,0.01414236929267645,0.009949356690049177,0.005878532072529197
0439,RoboArm,1,2,0.05225514993071556,0.023414394706487655,0.020487467795610427,0.018971448857337238,0.01771239288151264,0.01655818196013569,0.01392469061538577,0.010242121852934362,0.005982122616842389
0439,RoboArm,1,3,0.03337268531322479,0.020119956377893686,0.018402902446687224,0.01723762206733227,0.01646331772208214,0.015882976725697506,0.013808384444564581,0.01029611360281706,0.006031406810507178
0439,RoboArm,2,0,0.22970640659332275,0.03456850279122592,0.024765931628644468,0.020786504261195663,0.017966911494731903,0.016133100818842554,0.011806526500731707,0.008120189420878887,0.004085499327629805
0439,RoboArm,2,1,0.10328532010316849,0.023788320869207392,0.02001094695180655,0.017871628757566215,0.01609506584703923,0.015073924185708154,0.01184921590611339,0.008184236474335194,0.004382481100037694
0439,RoboArm,2,2,0.04893482103943825,0.018831103052943946,0.016716858036816124,0.015286895260214806,0.014562974981963635,0.014076054235920309,0.01165997562929988,0.008482880704104903,0.004513399209827185
0439,RoboArm,2,3,0.030429376289248466,0.016213010158389808,0.0149042846262455,0.014246011190116406,0.013739560581743719,0.013314007176086303,0.011511815711855888,0.008599780127406123,0.004584525246173143
0439,RoboArm,3,0,0.20904326438903809,0.029259786289185297,0.021270447708666332,0.018180758859962225,0.015755429640412336,0.014459278620779503,0.01039511086419225,0.006808842811733485,0.0034190888982266188
0439,RoboArm,3,1,0.08639446645975113,0.021232813280075792,0.017565473169088363,0.015440964745357633,0.01440922308713198,0.013372750533744692,0.010522199980914592,0.0072057275101542525,0.0036501981085166335
0439,RoboArm,3,2,0.03864790499210358,0.01667064325883985,0.014706858973950151,0.013730084644630552,0.013077746666967871,0.012611108180135482,0.010342251509428024,0.007471378147602085,0.003781841602176428
0439,RoboArm,3,3,0.024421649053692818,0.014294331837445499,0.013316326830536128,0.01278208838775754,0.012294690497219563,0.011879791971296065,0.010222743637859822,0.007608591672033072,0.0038583731511607766
0444,RoboArm,1,0,0.2109222263097763,0.03852751839905978,0.02848941419273617,0.023650168757885705,0.020506139472126966,0.01831183172762392,0.012563204020261766,0.00887532401829958,0.0048706973902881145
0444,RoboArm,1,1,0.06446146219968796,0.031183506250381472,0.02422457929700613,0.020556377675384287,0.01847710452973843,0.01703850049525499,0.012109358608722687,0.008463778346776965,0.005182827822864056
0444,RoboArm,1,2,0.03936281427741051,0.027147129513323313,0.02188460908830166,0.019443572591990234,0.017748058736324315,0.01652001244947314,0.01231701308861375,0.008423447608947757,0.0053088979329913855
0444,RoboArm,1,3,0.0320730023086071,0.02427179491147399,0.020682612322270873,0.01868892293423414,0.017153920009732246,0.016308336611837147,0.012296144664287575,0.008295149356126786,0.005433143815025687
0444,RoboArm,2,0,0.11889240145683289,0.030853043403476478,0.0231318872794509,0.019538741987198592,0.0169975008815527,0.015091686742380216,0.009992478415369987,0.007266098260879518,0.003672641352750361
0444,RoboArm,2,1,0.03836005926132202,0.02380183532834054,0.019111540764570237,0.01669861901551485,0.015108963549137116,0.01390027911402285,0.00998457306995988,0.007198186963796617,0.003952200058847666
0444,RoboArm,2,2,0.030056117102503777,0.020008972696959972,0.016819673962891104,0.015252955500036478,0.014279439710080628,0.013314029201865182,0.009814668260514737,0.0072096550837159185,0.004094877978786826
0444,RoboArm,2,3,0.02560395561158657,0.017588167488574984,0.0158714010566473,0.01434291759505868,0.013511527329683304,0.012817225791513913,0.00983127346262336,0.007125183474272491,0.004230808932334185
0444,RoboArm,3,0,0.0761137306690216,0.026531396433711052,0.02025189235806465,0.017289340086281305,0.015032322183251382,0.01308842124417421,0.008962525054812431,0.0064671315252780946,0.0030517405830323696
0444,RoboArm,3,1,0.03610746189951897,0.020478827320039274,0.016574824117124083,0.014851153828203678,0.013245669379830361,0.01224705055356025,0.008970888610929251,0.006547997333109385,0.0033139459555968642
0444,RoboArm,3,2,0.024641070514917374,0.0166684846021235,0.014553920794278386,0.013317010961472989,0.012487457618117334,0.011868220940232268,0.008863985165953638,0.006589612271636725,0.0034506480442360044
0444,RoboArm,3,3,0.021000511944293976,0.015015702703967692,0.013438954968005422,0.012454357873648406,0.01180014804005623,0.011267211521044372,0.008825146406888962,0.006485587358474734,0.0035548958694562316
0449,RoboArm,1,0,0.3642132878303528,0.06445651344954967,0.04308276399970055,0.03408211518079044,0.02886763997375967,0.025158398039638995,0.01617278531193734,0.010998318903148174,0.005229217931628227
0449,RoboArm,1,1,0.19450083374977112,0.05484706390649081,0.03931831881403925,0.032961280010640644,0.027396773323416713,0.024139520339667767,0.016196346096694503,0.01087223310023547,0.0055763262789696455
0449,RoboArm,1,2,0.12643128633499146,0.05052832525223499,0.03548955112695694,0.030620798170566565,0.02697755381464959,0.024496489949524365,0.015512562077492482,0.010942996107041837,0.005658716196194291
0449,RoboArm,1,3,0.10015024244785309,0.04640245232731104,0.03567992329597474,0.029412323832511904,0.026050358116626753,0.023923212569206917,0.015035055950284006,0.010766257718205456,0.005831372691318393
0449,RoboArm,2,0,0.2571536898612976,0.04698847722262145,0.0326198822259903,0.026287360079586507,0.022535681650042536,0.019577277172356834,0.013074828311800957,0.008931333199143413,0.004088942892849445
0449,RoboArm,2,1,0.15092790126800537,0.04014636229723693,0.028867593295872216,0.02352968268096449,0.020340432003140455,0.018051906488835805,0.012958912458270789,0.00926914755254984,0.004366099368780851
0449,RoboArm,2,2,0.09566907584667206,0.03729815673083067,0.025854419134557254,0.02213621433824302,0.019651550054550177,0.017995318956673133,0.012390134949237108,0.009256825968623166,0.004516955465078354
0449,RoboArm,2,3,0.07572194933891296,0.03430650364607573,0.02583401914685965,0.020668935775756844,0.018973973393440247,0.017466917075216765,0.012049528770148754,0.009039800800383094,0.004646700341254473
0449,RoboArm,3,0,0.25588980317115784,0.039086175709962874,0.027542637847363948,0.0223635726235807,0.019188325107097632,0.016659040283411735,0.011560729146003723,0.007989838346838954,0.0034545448143035173
0449,RoboArm,3,1,0.1417158991098404,0.03357936158776285,0.02431664042174816,0.02034547260031104,0.017541764900088318,0.01552892946638162,0.011420752573758365,0.008224492333829405,0.0036800209200009704
0449,RoboArm,3,2,0.084628626704216,0.031177573725581175,0.02194428801536561,0.018899638149887328,0.016981596127152446,0.015344700729474421,0.011183316260576249,0.008207965455949309,0.003845681669190526
0449,RoboArm,3,3,0.06551403552293777,0.028949746135622265,0.021961940415203572,0.017892039828002464,0.016170318946242334,0.014961251430213427,0.01094513311982155,0.008084820024669172,0.003963128896430135
0454,RoboArm,1,0,0.21139663457870483,0.04102250456809998,0.031403150185942655,0.026656922493129977,0.023413879945874218,0.021364107634872193,0.01499438527971506,0.010124625079333784,0.00501307612285018
0454,RoboArm,1,1,0.060249943286180496,0.02971615990623832,0.02521417371928692,0.02258236771449447,0.020786763802170753,0.019443901628255843,0.015169544517993927,0.010179908201098443,0.005333424545824528
0454,RoboArm,1,2,0.03372269496321678,0.025061735566705465,0.02227613437920809,0.02065678026527167,0.018928307741880417,0.01794155342504381,0.014673656132072211,0.01047951001673937,0.005501442356035113
0454,RoboArm,1,3,0.02949792891740799,0.02239031817764044,0.020533639118075372,0.019097684882581234,0.018156101629137993,0.016971690207719797,0.014157627802342178,0.010664883628487592,0.005615484667941928
0454,RoboArm,2,0,0.18049216270446777,0.03341860581189394,0.026051987335085874,0.022204031310975553,0.019276641607284553,0.01726412931457161,0.012506273109465841,0.008316398039460183,0.003914128988981247
0454,RoboArm,2,1,0.05213294178247452,0.024025259036570788,0.020359890721738338,0.018434044737368822,0.01702224418520928,0.01592564154416322,0.012472668476402764,0.008694387413561348,0.004165814723819494
0454,RoboArm,2,2,0.031508225947618484,0.019686024449765683,0.017681686989963055,0.016470127683132888,0.015466447770595552,0.014745793724432578,0.012125366739928726,0.008862722106277943,0.004314578138291836
0454,RoboArm,2,3,0.027040479704737663,0.017404213715344667,0.016214835979044436,0.015212850840762258,0.014522486180067065,0.01394119686447084,0.011681226547807457,0.008841591887176039,0.0044123283587396145
0454,RoboArm,3,0,0.17869265377521515,0.02961620366200805,0.023301235437393195,0.01969292065128684,0.01710028126835823,0.015309822838753448,0.011063959635794166,0.007117024995386609,0.003295541391707957
0454,RoboArm,3,1,0.04955120384693146,0.021337512191385032,0.01816540937870741,0.016347891967743635,0.015162696950137616,0.0141304489225149,0.01113012582063675,0.0077923214994371015,0.003497821046039462
0454,RoboArm,3,2,0.028589578345417976,0.017581903580576184,0.015631595663726332,0.01453099995851517,0.013790856748819354,0.0131286212708801,0.010862140450626612,0.007917410694062715,0.003663981333374977
0454,RoboArm,3,3,0.02464275248348713,0.015688452292233705,0.014282632637768985,0.013409012630581857,0.012897971644997596,0.012442323472350834,0.010464418958872559,0.007918131165206434,0.0037477631121873856
0459,RoboArm,1,0,0.20386895537376404,0.04418802503496409,0.03281920924782754,0.026989707257598645,0.02328099414706231,0.020748636499047266,0.014055898040533072,0.00914540234953165,0.004604267422109842
0459,RoboArm,1,1,0.0886208787560463,0.03499006282538176,0.02787987854331732,0.023939222861081366,0.021835120022296907,0.019925215747207372,0.014229207951575526,0.009035708010196687,0.005054169800132513
0459,RoboArm,1,2,0.05254167690873146,0.0294741970486939,0.024986251667141916,0.02236973788589239,0.020762554705142978,0.01941391685977577,0.014689296670258048,0.009068059921264651,0.005321061238646507
0459,RoboArm,1,3,0.036174703389406204,0.026676571033895015,0.023540972471237185,0.021637719664722683,0.02018031269311905,0.01898958990350364,0.014529044833034284,0.009024023637175567,0.0054681634064763784
0459,RoboArm,2,0,0.1822587549686432,0.03442475434392691,0.026633202210068707,0.021781687512993815,0.01881521619856358,0.016654809750616527,0.01117215771228075,0.007468500733375552,0.003502163803204894
0459,RoboArm,2,1,0.06378314644098282,0.02749861782416702,0.02151075173169375,0.01876693606376648,0.017150816321372987,0.01575665110722182,0.011472228914499283,0.007687927130609752,0.003873642534017563
0459,RoboArm,2,2,0.03502514213323593,0.023718291856348515,0.019122960679233074,0.017099329233169563,0.015834812596440317,0.014972582878544914,0.011734275147318842,0.007773126475512984,0.004098539240658283
0459,RoboArm,2,3,0.028002826496958733,0.02090946562588215,0.0180935774743557,0.01627306753769517,0.01527507446706295,0.014561187103390693,0.011482541263103494,0.0076865041628479975,0.0042180719319731
0459,RoboArm,3,0,0.112162746489048,0.02985645828768611,0.022965868674218667,0.019196689892560247,0.016463728770613674,0.014664796181023121,0.009846656862646349,0.0065422063693404255,0.00300299352966249
0459,RoboArm,3,1,0.04760998860001564,0.0238800635561347,0.018522146940231323,0.016382165346294643,0.014935209602117541,0.013665667828172441,0.009984238445758822,0.0068504166789352915,0.003303548553958535
0459,RoboArm,3,2,0.02871686965227127,0.020414354950189593,0.01672292925417423,0.01483074766583741,0.01367583215236664,0.012953954981639981,0.010074379760771997,0.006958267558366061,0.0035044176038354635
0459,RoboArm,3,3,0.025792023167014122,0.01811977801844478,0.01580651439726353,0.014269634867087008,0.013103468716144564,0.01241329149343073,0.009987652581185103,0.006791095249354839,0.0036070309579372406
0464,RoboArm,1,0,0.20884782075881958,0.037066586315631866,0.029111831374466424,0.024611539207398895,0.02131423741579056,0.01903726104646917,0.012079679779708393,0.008075940422713762,0.004581914748996496
0464,RoboArm,1,1,0.05472409352660179,0.028007760643959045,0.023032606169581415,0.020113207791000606,0.018318287059664727,0.017039192467927917,0.012499769032001498,0.00776893105357886,0.004959848010912538
0464,RoboArm,1,2,0.03291086480021477,0.023699304759502413,0.020938387885689736,0.018636228907853367,0.016896025240421296,0.015662399400025603,0.01167160114273429,0.008152132108807565,0.0051157064735889435
0464,RoboArm,1,3,0.030913900583982468,0.021856813076883554,0.019508128985762596,0.01778739295899868,0.01607123225927353,0.014811722515150902,0.011157851759344339,0.008125159889459612,0.005249972688034177
0464,RoboArm,2,0,0.20884782075881958,0.031415251530706886,0.024772451594471934,0.021055148597806692,0.01785387098789215,0.015805833693593733,0.00969760213047266,0.0064018189907074025,0.003565479419194162
0464,RoboArm,2,1,0.04813099279999733,0.023071088530123237,0.01910710964351893,0.016961268950253728,0.015521291084587574,0.014382991101592763,0.010331688728183512,0.006427220255136493,0.0038900914369150996
0464,RoboArm,2,2,0.030459020286798477,0.019429641850292684,0.016902117244899276,0.01506676803342998,0.013909178860485554,0.012954259011894462,0.009896223526448013,0.006726026814430952,0.004059500293806195
0464,RoboArm,2,3,0.027535485103726387,0.017148704398423434,0.015337680280208588,0.014062945013865829,0.013136085383594037,0.012404717691242694,0.009295838605612516,0.006811299361288549,0.004165254533290863
0464,RoboArm,3,0,0.20884782075881958,0.02916608724743128,0.022258479595184327,0.018373765479773294,0.01589714176952839,0.013928481237962784,0.008509772457182407,0.005745024979114533,0.0030384152196347713
0464,RoboArm,3,1,0.04434138908982277,0.021223961375653747,0.017588046491146092,0.015398554112762215,0.013925542384386065,0.012736871792003477,0.00904074385762216,0.005837325658649209,0.0032833967125043273
0464,RoboArm,3,2,0.02773302048444748,0.017697049248963596,0.015396067164838316,0.013704085573554039,0.012698849700391293,0.011774098873138423,0.008741821814328433,0.006033021025359631,0.0034352715592831373
0464,RoboArm,3,3,0.02562890201807022,0.01550907344557345,0.013870163466781379,0.012757021728903056,0.011996210142970086,0.011332067940384138,0.008397140260785823,0.0060032508336007595,0.00353677396196872
0469,RoboArm,1,0,0.7168640494346619,0.08951301537454133,0.060622408390045165,0.04900488257408142,0.04113406985998154,0.03459153249859803,0.0205710289999843,0.012787322886288172,0.00569904176518321
0469,RoboArm,1,1,0.2922801971435547,0.06801593229174614,0.053248620182275774,0.04364538744091989,0.03754138156771661,0.03310548663139336,0.021955321542918682,0.013738104328513146,0.006211565807461739
0469,RoboArm,1,2,0.13294298946857452,0.05692296504974366,0.04672638572752476,0.04090794388204813,0.03674098610877993,0.03280129972845314,0.02194626610726118,0.01414576228708029,0.00664970837533474
0469,RoboArm,1,3,0.08533048629760742,0.050028933919966226,0.044741634875535966,0.03992415770888329,0.03626232743263247,0.03252836465835569,0.021445619128644466,0.014260336384177215,0.007094613742083311
0469,RoboArm,2,0,0.6915287971496582,0.07262577407062056,0.04905367784202099,0.038301937505602845,0.03144829690456391,0.027048946078866612,0.01627178285270931,0.010780487954616554,0.004460262134671211
0469,RoboArm,2,1,0.28328192234039307,0.056804746724665185,0.04238512329757214,0.03494456514716151,0.029542380720376973,0.02581764040514823,0.017547693476080893,0.011222686432301999,0.004807028453797102
0469,RoboArm,2,2,0.12464317679405212,0.04674582898616791,0.0384145336598158,0.0332065711542964,0.028604225739836706,0.025779027491807896,0.01745263244956732,0.011471750214695943,0.005114126252010465
0469,RoboArm,2,3,0.07735396176576614,0.040749183706939224,0.0365963114798069,0.0328914138674736,0.029834626615047457,0.026033273153006988,0.01691768653690816,0.011370984651148322,0.005410682875663042
0469,RoboArm,3,0,0.6915287971496582,0.05887785773724318,0.04139281995594505,0.03166898965835571,0.027273615822196007,0.02317954199388621,0.014645623974502087,0.009719525463879108,0.0038334912387654185
0469,RoboArm,3,1,0.28040871024131775,0.04881763853132726,0.036472453176975256,0.029777669049799442,0.02519208103418351,0.022006147913634776,0.015411980915814638,0.010216915234923364,0.004095036769285798
0469,RoboArm,3,2,0.12057177722454071,0.04056486558169127,0.03369232043623926,0.028607517872005706,0.024621637165546426,0.02223906647413965,0.015192161500453948,0.010346464253962042,0.004364165011793375
0469,RoboArm,3,3,0.07315890491008759,0.0357975160330534,0.031887410804629326,0.028807235527783633,0.025945331677794458,0.022555074375122747,0.014690146036446096,0.010238597542047503,0.004687194246798754
0474,RoboArm,1,0,0.2068639099597931,0.04165828440338373,0.031470277458429334,0.027030799239873893,0.02305918268859387,0.020854913257062433,0.013757915049791347,0.009009628929197789,0.004697675118222833
0474,RoboArm,1,1,0.09825976192951202,0.03255769297480584,0.02662279073148966,0.023733333852142102,0.021344620734453208,0.0196728023700416,0.013848507124930623,0.008906534872949127,0.005078974179923534
0474,RoboArm,1,2,0.0501684695482254,0.027783699892461308,0.023641178160905843,0.021677894908934833,0.02007898397743702,0.018620897177606816,0.01358939856290818,0.009196903556585314,0.005238113692030311
0474,RoboArm,1,3,0.03516857698559761,0.024876386448740965,0.02210998170077801,0.02042733198031783,0.019131671711802484,0.01798740923404689,0.01332889758050442,0.009154683537781242,0.005413387669250369
0474,RoboArm,2,0,0.15903086960315704,0.03212812714278698,0.025119997151196005,0.021204960439354183,0.01865197218954566,0.01674723587930202,0.010642445459961892,0.00739768473431468,0.0036143400939181447
0474,RoboArm,2,1,0.054958730936050415,0.02396664181724191,0.020298975035548214,0.018257903065532446,0.016634521782398225,0.015476437518373127,0.010857750568538906,0.007491381280124188,0.003920260583981872
0474,RoboArm,2,2,0.03622427582740784,0.020236947294324636,0.018280918300151824,0.016623725779354573,0.01530724059790373,0.01424529878422617,0.010445085819810629,0.007722864113748075,0.004093951312825084
0474,RoboArm,2,3,0.02957301400601864,0.018533609993755817,0.017016271725296975,0.015681676529347897,0.014567345045506955,0.013453342532739032,0.010130654275417329,0.00758748035877943,0.004245090996846557
0474,RoboArm,3,0,0.15903086960315704,0.027950470447540284,0.02186453133821488,0.018474032748490583,0.016384034380316735,0.014379213564097881,0.009537078812718392,0.006634589377790696,0.0030221890192478895
0474,RoboArm,3,1,0.05127880722284317,0.020622721854597334,0.017660059966146946,0.01591383021324873,0.014721157923340798,0.013426581956446169,0.00957554616034031,0.006841574888676407,0.0033042285358533263
0474,RoboArm,3,2,0.03437841683626175,0.017840703129768373,0.015933892168104653,0.014589211232960229,0.013367695249617102,0.01249672276899218,0.009259500913321974,0.0069347578100860145,0.0034709908068180084
0474,RoboArm,3,3,0.027567677199840546,0.01629999516531825,0.014775699954479934,0.013679252080619335,0.012677099481225014,0.01185534349642694,0.008969628158956768,0.006810319423675538,0.0036263244692236185
0479,RoboArm,1,0,0.48760825395584106,0.10010324724018575,0.06367993384599689,0.04589101772755387,0.03785063385963441,0.0335318675264715,0.020652411133050934,0.01173435989767313,0.0055501561146229506
0479,RoboArm,1,1,0.33267781138420105,0.09449644155800349,0.06107882231473923,0.04639155335724354,0.03871852293610573,0.0326866490766406,0.020624246262013913,0.012253868393599992,0.00591668882407248
0479,RoboArm,1,2,0.23743192851543427,0.08533855974674226,0.06205637864768511,0.04681334562599663,0.03695428103208543,0.03181444089859724,0.021261652372777464,0.012826824374496943,0.00620747753418982
0479,RoboArm,1,3,0.1768852323293686,0.0769957086443901,0.06046282589435581,0.044740123786032204,0.036031616628170025,0.03126186076551676,0.021371225267648702,0.013145759329199792,0.006573824677616358
0479,RoboArm,2,0,0.3180587589740753,0.06978938929736618,0.040426090359687805,0.033738140463829044,0.027973344177007697,0.024059569835662833,0.015034130774438381,0.009542870335280895,0.004266463685780764
0479,RoboArm,2,1,0.2325194925069809,0.06313491486012937,0.04048659808933736,0.03164179328829052,0.025978512689471253,0.022201637085527134,0.014755682088434703,0.009976858273148538,0.004545755684375763
0479,RoboArm,2,2,0.17737942934036255,0.060954065397381796,0.04021878592669964,0.03008813872933388,0.025291348472237598,0.021758542209863656,0.014383568055927764,0.009984091855585575,0.004838647786527872
0479,RoboArm,2,3,0.13362979888916016,0.055686511769890784,0.038924278393387794,0.028863470293581484,0.02429843723773957,0.021764160413295017,0.01454598279669881,0.01000199764966965,0.005111777456477284
0479,RoboArm,3,0,0.28613534569740295,0.05547804914414884,0.035098321065306685,0.027642196062952283,0.023373127654194834,0.01977107208222147,0.012719947099685672,0.00831444542855025,0.00361891882494092
0479,RoboArm,3,1,0.18361401557922363,0.051698378175497064,0.032748636081814816,0.024796337056905045,0.020760154351592067,0.01796851074323058,0.012299519311636687,0.008626171387732029,0.0038566289003938437
0479,RoboArm,3,2,0.14327281713485718,0.05183658793568617,0.03148246034979821,0.022902801055461178,0.01967035412788392,0.017912389244884242,0.012009716872125865,0.00861799865961075,0.004111412446945906
0479,RoboArm,3,3,0.10754967480897903,0.0487370103597641,0.031723621189594285,0.02270239520817996,0.019625611379742624,0.017521079443395083,0.011713423207402237,0.008553099632263184,0.004374576034024358
0484,RoboArm,1,0,0.30153658986091614,0.07851061813533307,0.05876300223171711,0.048926773741841324,0.04208894327282906,0.037398766353726354,0.02354251127690077,0.013954040035605441,0.005447516450658441
0484,RoboArm,1,1,0.11918410658836365,0.052767216302454484,0.04514283306896687,0.04061342686414719,0.037161441594362264,0.03404721431434153,0.024531702138483526,0.015815110132098204,0.005874685710296035
0484,RoboArm,1,2,0.0593981109559536,0.04401568207889795,0.04003033310174942,0.03624123223125935,0.032896449714899065,0.030333422124385806,0.023254850693047058,0.016343086212873458,0.006324568297713995
0484,RoboArm,1,3,0.04535438492894173,0.03965219967067242,0.0364103776216507,0.033945622444152834,0.03178390622138977,0.029771552700549354,0.02162110637873412,0.016362079977989198,0.006879695923998952
0484,RoboArm,2,0,0.27792075276374817,0.06526269778609275,0.04795734465122224,0.03977035958319906,0.03379435390233996,0.029826565179973744,0.019060879759490494,0.01094447821378708,0.004348810762166977
0484,RoboArm,2,1,0.10247810184955597,0.043975474908947945,0.03768454566597938,0.03318412285298109,0.029976665675640106,0.027409064304083578,0.01982067842036487,0.012436396628618248,0.004720950033515692
0484,RoboArm,2,2,0.05064435675740242,0.036754634082317356,0.033161899968981744,0.03006691854447127,0.027252033799886714,0.025079903379082676,0.018488979898393154,0.012728472426533705,0.005139765562489629
0484,RoboArm,2,3,0.03775922209024429,0.03377953175455332,0.03066156625747681,0.028453133329749112,0.02658573567867279,0.02466729031875725,0.017415077053010465,0.012783553823828701,0.005536968819797039
0484,RoboArm,3,0,0.22359302639961243,0.05572893720120193,0.042889245897531514,0.03482871334999801,0.029747730270028118,0.02577837472781538,0.01702561229467393,0.009279013238847273,0.003741143038496375
0484,RoboArm,3,1,0.08442032337188721,0.039914345256984236,0.03314557142555714,0.029349181652069102,0.026414400488138208,0.02420152518898248,0.01742336302995682,0.010594972409307964,0.004062745487317443
0484,RoboArm,3,2,0.044177163392305374,0.033581771180033686,0.029692234843969347,0.02639196261763573,0.024193400293588643,0.022379438579082485,0.0161936704069376,0.011024615727365022,0.004424429265782237
0484,RoboArm,3,3,0.03404159098863602,0.03053301176056266,0.027571161165833472,0.025652718078345065,0.023669450357556344,0.021768595464527578,0.015192109998315573,0.011093640699982647,0.004811126738786697
0489,RoboArm,1,0,0.17823392152786255,0.04265662726014854,0.03214413732290268,0.026549428906291726,0.023323806747794152,0.021413330174982537,0.015194862335920338,0.009930404275655749,0.004582289140671492
0489,RoboArm,1,1,0.07826004177331924,0.03220718935132027,0.02638777982443571,0.02341969765722752,0.021614322438836098,0.020350639801472423,0.015474732965230945,0.010298540070652968,0.004948014626279473
0489,RoboArm,1,2,0.044467587023973465,0.027383004240691667,0.02368078336119652,0.021341272648423913,0.020222196653485302,0.019193570222705597,0.015168699063360692,0.010665850900113585,0.005102880299091339
0489,RoboArm,1,3,0.03336094319820404,0.02480090977624059,0.022274022698402406,0.020608433820307255,0.019216821566224097,0.018202840536832805,0.014990236703306438,0.01063951011747122,0.005256620701402426
0489,RoboArm,2,0,0.15865054726600647,0.03550486527383328,0.027208051681518557,0.02240460895001889,0.020063602626323705,0.018630341161042445,0.012704067211598159,0.007855379953980448,0.0035921589005738497
0489,RoboArm,2,1,0.06997974961996078,0.026993578355759384,0.021982411295175554,0.020132108554244042,0.018768148571252825,0.01751696793362498,0.013123283348977567,0.008699712902307512,0.003912033513188362
0489,RoboArm,2,2,0.03908563405275345,0.022981991879642012,0.019951994828879833,0.018186171166598798,0.017049754709005358,0.01615846725180745,0.012779442220926284,0.009016479365527642,0.004073592368513346
0489,RoboArm,2,3,0.02960773929953575,0.021138241458684207,0.01889504056423903,0.017439175881445407,0.016152554228901866,0.015163683565333475,0.012382725160568956,0.008927148394286639,0.004190333420410752
0489,RoboArm,3,0,0.1493201106786728,0.03155236944556237,0.023333992213010787,0.020159098133444787,0.018453178107738496,0.01696913167834281,0.011701023671776068,0.006758547481149441,0.0030826875008642673
0489,RoboArm,3,1,0.06277301162481308,0.023685451187193396,0.019925158955156806,0.01825980940833688,0.016904715299606327,0.015693269670009592,0.01178966294974089,0.007617712393403054,0.003331834333948791
0489,RoboArm,3,2,0.03509268909692764,0.02018866444006562,0.018123739399015907,0.016584604643285275,0.01530800882726908,0.014480374427512285,0.01153217935934663,0.00790615882724524,0.0034818268613889813
0489,RoboArm,3,3,0.027016593143343925,0.018820005413144828,0.01687423624098301,0.015589836314320565,0.014560489617288116,0.013662444893270726,0.011222847364842898,0.007774017099291091,0.0035858164774253964
0494,RoboArm,1,0,0.1315358579158783,0.0410482432320714,0.030954105295240883,0.02618134332820773,0.022751234173774722,0.020311902370303867,0.014202610962092879,0.01046448890119791,0.004770398838445544
0494,RoboArm,1,1,0.07261115312576294,0.030480845104902985,0.025878934040665637,0.02284355266019702,0.020906674265861524,0.019516547117382273,0.013826987519860279,0.010312921926379209,0.005183780798688531
0494,RoboArm,1,2,0.0446099117398262,0.025503094699233772,0.022936599999666216,0.021097842864692212,0.019698350578546527,0.018225212208926676,0.013934167381376029,0.010397796891629698,0.0053793431725353
0494,RoboArm,1,3,0.0338137149810791,0.022953481804579498,0.02087864834815264,0.019634993262588978,0.01867156706750393,0.017676562257111065,0.013514757249504327,0.010399721562862398,0.005537843331694603
0494,RoboArm,2,0,0.11835621297359467,0.03340445160865784,0.025387562699615958,0.02128534905612469,0.018811212852597237,0.016923828516155478,0.011845126282423738,0.008707030676305294,0.003642098046839237
0494,RoboArm,2,1,0.055950239300727844,0.025323625504970554,0.02104171521961689,0.0187675216421485,0.01704970940947533,0.015823152754455793,0.011620224826037884,0.00887539424002171,0.003989493940025568
0494,RoboArm,2,2,0.0334351621568203,0.021621808968484403,0.018900466077029707,0.017207140866667036,0.015666715875267984,0.01470268308185039,0.011537369340658188,0.008953890949487689,0.004162353230640292
0494,RoboArm,2,3,0.026769118383526802,0.019370895531028512,0.017256924994289876,0.01588721986860037,0.014923866391181947,0.01411786992102861,0.01133249904960394,0.008936485461890699,0.00430976995266974
0494,RoboArm,3,0,0.11835621297359467,0.029590347707271578,0.022910843901336204,0.0192051149904728,0.016867806911468507,0.015055356500670306,0.01105392538011074,0.007483803667128089,0.003096550004556775
0494,RoboArm,3,1,0.05255768448114395,0.022991194911301138,0.018916281163692476,0.016591504514217377,0.015087848752737045,0.013929633563384404,0.01086487388238311,0.00785592515021563,0.003383639268577099
0494,RoboArm,3,2,0.03107522241771221,0.01987983474507928,0.01704711053520441,0.015194860603660347,0.013975922204554082,0.012994671287015069,0.010730653628706932,0.007901229336857798,0.0035320965107530355
0494,RoboArm,3,3,0.02445191517472267,0.017517315149307253,0.01532106338068843,0.01409698362462223,0.013171832077205183,0.012514956481754777,0.010545494966208935,0.00786586329340935,0.003668040968477726
0499,RoboArm,1,0,0.6253533959388733,0.05212869144976139,0.03694024980068207,0.03045225620269776,0.026315914765000344,0.023212848976254412,0.014615874458104375,0.01008663047105074,0.004841989139094949
0499,RoboArm,1,1,0.29058584570884705,0.03980578638613224,0.030595498606562615,0.026338926926255238,0.02350970856845379,0.021064638812094926,0.014881799556314948,0.010075837001204492,0.005323501769453287
0499,RoboArm,1,2,0.20615804195404053,0.03680093348026276,0.02688981380313635,0.023339325264096263,0.02151520185172558,0.020048454403877244,0.01469777897000313,0.010097844898700716,0.005536903627216816
0499,RoboArm,1,3,0.17448517680168152,0.03738773193210364,0.025166233554482463,0.021772353965789085,0.020222373902797703,0.019145447388291353,0.014295762404799467,0.010015989467501641,0.005721698049455881
0499,RoboArm,2,0,0.6026694774627686,0.036049153283238426,0.028061057142913355,0.023438589032739404,0.019599662870168687,0.01709809163585303,0.011483256611973048,0.008324659429490566,0.0036804594565182924
0499,RoboArm,2,1,0.23601260781288147,0.026698801256716254,0.02119397971779108,0.018576990943402056,0.016957788765430457,0.01578554734587669,0.011513446271419528,0.008580364473164083,0.004097196971997619
0499,RoboArm,2,2,0.1706675887107849,0.023776720464229583,0.018492682836949825,0.016725704316049816,0.015463418439030652,0.01438513631001114,0.01113388678058982,0.008543757349252702,0.004307245137169957
0499,RoboArm,2,3,0.1512819528579712,0.023843907881528147,0.017869400270283223,0.015885509215295315,0.014858167394995691,0.013931164285168026,0.010755001101642847,0.008317383565008654,0.00445186672732234
0499,RoboArm,3,0,0.5378816723823547,0.031309519559144974,0.02368909128010273,0.019285620655864477,0.016237066909670833,0.014202564582228659,0.010116980411112309,0.007055775634944441,0.003119091968983412
0499,RoboArm,3,1,0.23200705647468567,0.02287912921980024,0.017950326837599277,0.01562210097908974,0.014340090788900854,0.013187850546091793,0.010127208475023509,0.0074477955698967,0.0034514465369284153
0499,RoboArm,3,2,0.1627686619758606,0.021005529519170524,0.015874953083693983,0.014147359225898982,0.012882774770259859,0.012207960570231078,0.009857997577637435,0.007428821269422772,0.0036533086095005274
0499,RoboArm,3,3,0.1421329379081726,0.02043168501928449,0.015418311730027202,0.013659128630533816,0.01256176065653563,0.011701991362497199,0.009643669053912163,0.007146917749196294,0.003763575805351138
0504,RoboArm,1,0,0.2935327887535095,0.08546978361904621,0.06386511683464052,0.0529194725304842,0.046505101174116145,0.04103822093456983,0.025641411542892466,0.015142062865197673,0.006145912688225508
0504,RoboArm,1,1,0.11935307085514069,0.06160766843706372,0.05113856829702854,0.045976677015423795,0.04154182136058808,0.03775309603661295,0.026305418834090235,0.01631032377481462,0.0066551328636705875
0504,RoboArm,1,2,0.06862549483776093,0.05239611558616161,0.044451437741518024,0.04069067619740964,0.03775987803936005,0.03528076298534869,0.02583493441343308,0.017069316655397414,0.007203902583569288
0504,RoboArm,1,3,0.055802907794713974,0.047163893021643165,0.04060924232006073,0.03681075755506755,0.03481416702270508,0.03288548700511455,0.025672607496380808,0.017237846553325654,0.007745248731225729
0504,RoboArm,2,0,0.2391642928123474,0.06893312625586986,0.05193464361131191,0.042899733744561686,0.03793901130557061,0.03325589168816803,0.021179278567433377,0.012096579186618335,0.00479119224473834
0504,RoboArm,2,1,0.0999462828040123,0.050288612172007564,0.042450190782547,0.03795248046517372,0.03397439256310463,0.030608392693102338,0.021477645449340346,0.013441174291074288,0.005241482984274626
0504,RoboArm,2,2,0.05648534744977951,0.04284556042402983,0.03693421497941018,0.03349529899656773,0.030923282578587542,0.028689644951373335,0.02076866049319506,0.01357260271906853,0.005724363727495074
0504,RoboArm,2,3,0.04706915095448494,0.03877075552940369,0.03403867758810521,0.030825105663388967,0.029121384471654903,0.027636567223817063,0.020248966291546825,0.0137363824993372,0.00625067250803113
0504,RoboArm,3,0,0.22693772614002228,0.058350556008517754,0.04417917877435684,0.0379240495339036,0.03279845610260963,0.028748674411326634,0.018687020242214216,0.01056580487638712,0.00409139646217227
0504,RoboArm,3,1,0.09010281413793564,0.04343672752380372,0.03796209909021855,0.03322937332093716,0.029473810419440274,0.026575873326510183,0.01854904182255269,0.011631742864847187,0.004451274638995528
0504,RoboArm,3,2,0.050742000341415405,0.03781679473817349,0.0324764782935381,0.029609219077974563,0.02690915122628212,0.024851751327514642,0.018016658909618857,0.011871078982949259,0.004905612673610449
0504,RoboArm,3,3,0.0433092899620533,0.0339132208749652,0.030008319765329368,0.027253799326717853,0.0256633485853672,0.024346250854432577,0.017465431056916714,0.011881511844694615,0.00539300381205976
0509,RoboArm,1,0,0.133602112531662,0.04563619688153267,0.03419888801872731,0.02805617228150368,0.024459353387355807,0.021738039329648018,0.015300253219902518,0.009568081237375745,0.004753986140713096
0509,RoboArm,1,1,0.059846438467502594,0.032623205147683625,0.027833135239779955,0.02467679161578417,0.02223018698394299,0.02084985245019197,0.015512611437588943,0.009558267891407018,0.005062128650024533
0509,RoboArm,1,2,0.04236430302262306,0.02862371699884534,0.024596254602074624,0.02246513307094574,0.020966189056634905,0.019719753507524727,0.014996348600834609,0.00984233524650336,0.0052049539517611265
0509,RoboArm,1,3,0.035515934228897095,0.026834115833044053,0.024090426005423073,0.02157565876841545,0.02002015367150307,0.018861746974289415,0.0147069038823247,0.009809867292642594,0.0053511313162744045
0509,RoboArm,2,0,0.11290259659290314,0.038863535299897195,0.02825721237808466,0.023439665101468565,0.02079116739332676,0.019092046190053214,0.012740503437817097,0.007771228067576885,0.0036954309325665236
0509,RoboArm,2,1,0.056962043046951294,0.0271552062407136,0.023190710134804254,0.020564601868391038,0.019138737469911578,0.017978924047201857,0.0130555453710258,0.008152442052960398,0.003974985331296921
0509,RoboArm,2,2,0.03689133748412132,0.024221539068967107,0.020366830974817278,0.018970771357417107,0.01767232432961464,0.01657103002071379,0.012565749976783992,0.008421465754508972,0.004084771266207099
0509,RoboArm,2,3,0.02819567546248436,0.022797875758260488,0.020189583264291287,0.018095842227339745,0.01645680159330368,0.015327420737594364,0.012195952422916894,0.008377151377499104,0.00419024913571775
0509,RoboArm,3,0,0.11290259659290314,0.03428146544843912,0.025513373576104642,0.021111377812922005,0.018767528235912323,0.017246369831263993,0.011069774907082323,0.006714935321360827,0.003146524424664676
0509,RoboArm,3,1,0.05689174681901932,0.024308201316744098,0.020477725192904472,0.0186167773604393,0.01720981150865555,0.01591413132846355,0.011516660917550327,0.007397592160850764,0.0033657007152214646
0509,RoboArm,3,2,0.036585137248039246,0.021883445829153064,0.018471137322485447,0.01699086369946599,0.015900245457887652,0.014797460939735172,0.011236885003745568,0.007552633341401818,0.003481180523522198
0509,RoboArm,3,3,0.027439653873443604,0.02051969602704048,0.01798533208668232,0.016190134156495332,0.01467631004750729,0.01361879906617105,0.010884268768131734,0.007576044742017986,0.003564497106708586
0514,RoboArm,1,0,0.1447007805109024,0.05181763932108881,0.03785544902086261,0.029916676841676242,0.025284410119056706,0.022351143695414032,0.014999027922749522,0.010198215954005718,0.005042484030127525
0514,RoboArm,1,1,0.07446301728487015,0.0405072557553649,0.031557179465889935,0.027200684770941737,0.0241642188280821,0.021494717709720126,0.015255786012858161,0.010108178481459618,0.005318285431712866
0514,RoboArm,1,2,0.05420990660786629,0.03387312706559897,0.028497742302715786,0.025237666461616754,0.022877368032932284,0.021078057587146724,0.015682522580027586,0.010101820714771753,0.0054433345794677734
0514,RoboArm,1,3,0.041730087250471115,0.030146735217422248,0.02674609519541264,0.024022311903536327,0.022065786272287377,0.02063286919146776,0.01589921619743109,0.010083671100437643,0.005546994740143418
0514,RoboArm,2,0,0.13625068962574005,0.03905140336602927,0.028977440185844906,0.02380709864199162,0.02012098073959351,0.01791843026876446,0.011875488795340061,0.008809406869113448,0.0038182800635695457
0514,RoboArm,2,1,0.06558284163475037,0.030659061241894964,0.024730027578771116,0.02092670621350408,0.018659018650650977,0.016868927236646406,0.012033693958073856,0.008928254246711733,0.0040387052576988935
0514,RoboArm,2,2,0.03979175165295601,0.02560852285474539,0.021882603168487554,0.01928241718560458,0.017598828971385958,0.0161798022687435,0.012382353004068137,0.009090385586023332,0.004157161805778742
0514,RoboArm,2,3,0.030966153368353844,0.023044648524373774,0.020072354003787044,0.018226710166782144,0.016890690550208094,0.015632489603012785,0.012334721256047489,0.00901992395520211,0.00425209803506732
0514,RoboArm,3,0,0.1309969127178192,0.034213204868137836,0.024541034102439883,0.02041223278269172,0.017741242945194247,0.015553323598578556,0.010446920990943909,0.007667975965887323,0.0032220977591350675
0514,RoboArm,3,1,0.04848543182015419,0.025748487655073406,0.02055276140570641,0.017517659235745667,0.01588003218173981,0.014652393339201802,0.0105117972008884,0.008087123371660709,0.0034420453011989594
0514,RoboArm,3,2,0.033305417746305466,0.021617601551115515,0.018197034746408467,0.0159212819673121,0.014550129175186161,0.013662368617951863,0.010688423551619053,0.008327247202396396,0.003546866704709828
0514,RoboArm,3,3,0.02654222398996353,0.01915273271501065,0.016963292695581916,0.01499663358554244,0.013681571260094645,0.012973640253767363,0.010646201577037573,0.008316493034362797,0.0036389436572790146
0519,RoboArm,1,0,0.20066708326339722,0.05062373723834753,0.0344516133517027,0.027155934516340494,0.02322912618517876,0.020328707620501516,0.013231761939823642,0.009202207252383235,0.004724031547084451
0519,RoboArm,1,1,0.13312092423439026,0.03746920790523291,0.02909264869987965,0.02450205121189356,0.022015065401792527,0.01976156439632176,0.013333039358258254,0.009152023307979106,0.005026218947023153
0519,RoboArm,1,2,0.09633554518222809,0.032298633269965654,0.026748642511665827,0.024119286853820088,0.021590661555528644,0.019150546379387377,0.013093376997858288,0.009214832633733756,0.005202110158279538
0519,RoboArm,1,3,0.07320136576890945,0.028697651699185377,0.025388232022523882,0.02323238156735898,0.02113468855619431,0.019229933805763707,0.012978784926235677,0.009156076610088349,0.005330537678673863
0519,RoboArm,2,0,0.15820473432540894,0.037617532312870024,0.02657329201698303,0.02162152895703913,0.018295423761010173,0.01615093396976588,0.01044305972754956,0.007771341130137444,0.003655731910839677
0519,RoboArm,2,1,0.07894512265920639,0.029895476680248983,0.022655177600681784,0.01931771250441671,0.017235848009586337,0.015734712593257375,0.010668048355728389,0.007927398756146432,0.003889426472596824
0519,RoboArm,2,2,0.05492875352501869,0.02483577620238066,0.02143002334982157,0.018892766069620853,0.01687524944543839,0.015384112903848281,0.010577614232897761,0.008039681427180768,0.004039194202050567
0519,RoboArm,2,3,0.041410624980926514,0.02272764455527067,0.020039359703660012,0.01824882144108415,0.016507766991853717,0.015125126810744401,0.01035167332738639,0.007884802483022214,0.004125956911593676
0519,RoboArm,3,0,0.15820473432540894,0.03274468597024681,0.022935281060636043,0.018829118963330987,0.01575726054608822,0.014079423993825906,0.009377048164606099,0.006786030996590858,0.003043293720111251
0519,RoboArm,3,1,0.0643039271235466,0.025030985809862613,0.019910633713006977,0.01679196288809181,0.014915565364062787,0.013590356009081,0.009570600930601362,0.007039348967373372,0.0032943804981186986
0519,RoboArm,3,2,0.037952352315187454,0.0214055185392499,0.018478343859314923,0.01623631725087762,0.014466656148433685,0.013168779993429771,0.009495035838335756,0.0071801162324845805,0.003447269555181265
0519,RoboArm,3,3,0.028701717033982277,0.01935836285352707,0.017068121209740644,0.015590904271230105,0.014033579193055635,0.012905248440802094,0.00930237974971533,0.0070402390323579325,0.0035413415171205997
0524,RoboArm,1,0,0.24348212778568268,0.07004907809197904,0.054968498349189765,0.04690036177635193,0.04125420153141027,0.03731348738074303,0.025698360428214075,0.014853999763727197,0.005578102311119437
0524,RoboArm,1,1,0.11402399837970734,0.04709843132644892,0.04235409021377565,0.03850795831531287,0.035596918463706974,0.0333822889253497,0.02542508076876402,0.01659868583083153,0.006106959655880928
0524,RoboArm,1,2,0.05464955046772957,0.03892725374549628,0.035420846641063694,0.03346335999667645,0.03171479225158692,0.030146463215351103,0.02373169269412756,0.017003300040960314,0.006863695103675127
0524,RoboArm,1,3,0.04169106483459473,0.03646952774375677,0.03360942617058754,0.03183188181370497,0.03013506911695004,0.02791392719373106,0.02212888412177563,0.016711099818348885,0.00755891902372241
0524,RoboArm,2,0,0.19483841955661774,0.05651413727551699,0.046751673892140404,0.04017591737210751,0.035080968588590625,0.031569347158074364,0.021938316524028778,0.011880258843302733,0.00451140315271914
0524,RoboArm,2,1,0.07682914286851883,0.04091165158897638,0.03605174116790295,0.03275033850222826,0.030468322858214384,0.028371843229979255,0.02144210170954466,0.013501758128404618,0.0049693095497787
0524,RoboArm,2,2,0.04212937131524086,0.034431151449680335,0.031134748905897142,0.029313439559191468,0.027524570301175118,0.025768837984651304,0.01944450102746487,0.01381565947085619,0.005493198521435261
0524,RoboArm,2,3,0.03723791241645813,0.031969303674995904,0.029633422642946244,0.028088619112968446,0.026180767789483073,0.024176816642284334,0.01793102025985718,0.013549009524285798,0.006117467302829027
0524,RoboArm,3,0,0.18305844068527222,0.05277415562421084,0.04370372064411641,0.0367538221180439,0.03222298979759217,0.028818818554282158,0.019815674051642418,0.010484155267477036,0.0038738478906452656
0524,RoboArm,3,1,0.06306453049182892,0.038501236401498315,0.03333854362368584,0.030232580546289682,0.027854888141155245,0.025964765343814984,0.019213001057505612,0.011999233998358253,0.004334807395935059
0524,RoboArm,3,2,0.0399826280772686,0.0321062683314085,0.02891951274126768,0.02708974841982126,0.025432124212384225,0.02366309631615871,0.01751259714365006,0.012347550317645072,0.004805827280506492
0524,RoboArm,3,3,0.035449542105197906,0.029782459866255523,0.027511273622512825,0.026010847482830286,0.02407901927828789,0.022154476307332503,0.015889584273099902,0.01212795451283455,0.005349716171622276
0529,RoboArm,1,0,0.1494842916727066,0.053040986880660085,0.03944283738732338,0.031758878938853756,0.02711973093450073,0.02406144952401516,0.017249712161719805,0.010667244903743269,0.004612758988514543
0529,RoboArm,1,1,0.06339162588119507,0.037242285795509825,0.031566032692790034,0.028167834449559455,0.02544927127659321,0.02348058801144359,0.017573119886219502,0.01131337974220515,0.0050567639991641045
0529,RoboArm,1,2,0.044242676347494125,0.03070121992379427,0.027370913326740267,0.025190528854727744,0.023684309720993047,0.02267988491803405,0.017594183422625066,0.01151235364377499,0.005339113064110279
0529,RoboArm,1,3,0.03328346833586693,0.027565792705863713,0.02566416818648577,0.02415950806811452,0.022800431400537495,0.021643503569066518,0.017187018133699897,0.011425833217799665,0.005518929800018668
0529,RoboArm,2,0,0.1494842916727066,0.04188261955976486,0.03248536773025991,0.02594723442569375,0.023090671822428705,0.02097938321530817,0.014237293880432846,0.008682396076619628,0.003671959275379777
0529,RoboArm,2,1,0.04817197844386101,0.029191568400710823,0.024830669164657593,0.022701858803629876,0.02125047951936722,0.01990852765738961,0.01492428267374635,0.0097501028329134,0.004027205519378185
0529,RoboArm,2,2,0.03126845508813858,0.023550313860177995,0.02160817340016365,0.02036127019673586,0.019372658282518388,0.01855233367532491,0.014637475274503238,0.009932014718651773,0.004255082458257675
0529,RoboArm,2,3,0.02627413347363472,0.02157929915934801,0.020085029900074006,0.018898294772952795,0.018047581911087036,0.01738377772271631,0.014190687518566853,0.009901178441941742,0.00441689882427454
0529,RoboArm,3,0,0.1494842916727066,0.03728262752294542,0.027849097624421122,0.023041818402707578,0.020652227774262427,0.018592771142721176,0.012848415784537793,0.007412221748381853,0.003145412774756551
0529,RoboArm,3,1,0.0436379574239254,0.025827438738197088,0.022160779088735583,0.020477813705801973,0.01897522851824761,0.017818747274577617,0.013043844979256399,0.00838247407227755,0.0034844749607145786
0529,RoboArm,3,2,0.028310611844062805,0.021059194542467595,0.01930874947458506,0.018241693787276747,0.017217579409480096,0.016462297458201647,0.012990429531782867,0.008637957274913795,0.0036623224150389433
0529,RoboArm,3,3,0.024137167260050774,0.01930568566545844,0.01789008568972349,0.016816772371530533,0.01597548432648182,0.015306222066283204,0.012631987594068056,0.008882712200284004,0.003795148921199143
0534,RoboArm,1,0,0.39097586274147034,0.07511641144752507,0.053472591564059264,0.04326339561492206,0.03676013320684437,0.03186988197267054,0.019888641685247448,0.011143177561461928,0.005222983891144395
0534,RoboArm,1,1,0.11381927877664566,0.05964365590363742,0.04580030009150506,0.03902858007699254,0.03458607822656632,0.03128244690597057,0.02080265544354916,0.012044278159737591,0.005467540817335248
0534,RoboArm,1,2,0.07707960158586502,0.05135721568018198,0.04311413377523423,0.03765548277646303,0.03329070895910264,0.030058404710143802,0.021580579131841672,0.012862789630889894,0.005581228761002421
0534,RoboArm,1,3,0.05945519730448723,0.04568070702254773,0.04136935658752919,0.03795755852013826,0.033576775342226035,0.029886917490512116,0.021456862054765227,0.013143024966120721,0.005753831472247839
0534,RoboArm,2,0,0.22702747583389282,0.05639831095933916,0.040815643742680555,0.03280643902719021,0.028562200292944918,0.02548838732764117,0.015929810144007215,0.009320877119898801,0.004025490954518318
0534,RoboArm,2,1,0.08680488169193268,0.04465706139802934,0.03513342797756196,0.030157756973058003,0.027062749639153484,0.02430227836593985,0.01639468558132649,0.009807586483657364,0.004236649489030242
0534,RoboArm,2,2,0.05880261957645416,0.03876225601881742,0.03314184255897999,0.029357527047395707,0.026311378777027133,0.02376062255352735,0.016562657803297045,0.010320499539375305,0.004396826261654496
0534,RoboArm,2,3,0.04478384554386139,0.034821459986269475,0.03232702396810055,0.028812199644744404,0.025670229122042656,0.02367896856740117,0.016536541096866142,0.010527122952044011,0.004591444972902536
0534,RoboArm,3,0,0.1545240879058838,0.04834751617163421,0.034124472066760086,0.028565074522048248,0.0247820895165205,0.021977417264133676,0.013797194696962835,0.008553889580070972,0.003394781961105764
0534,RoboArm,3,1,0.07991451770067215,0.037182614952325825,0.0301798764616251,0.026541988644748937,0.023656402677297596,0.02134006973356008,0.014254587143659592,0.008838100917637348,0.0036169083323329687
0534,RoboArm,3,2,0.05221099033951759,0.0324049398675561,0.028429914228618146,0.025422370638698344,0.022831483334302904,0.020751113817095733,0.014251057617366317,0.00898689515888691,0.0037887796061113477
0534,RoboArm,3,3,0.04094462841749191,0.03032759089022875,0.027794810608029366,0.02439143074676395,0.022210409417748454,0.02058474402874706,0.014296245202422151,0.0090403039008379,0.003970077494159341
0539,RoboArm,1,0,0.21057942509651184,0.04183233965188267,0.031673459112644194,0.0265311492420733,0.02301733225584031,0.020629567187279423,0.013324050698429351,0.010111161507666111,0.004396211123093963
0539,RoboArm,1,1,0.11360927671194077,0.032339165546000005,0.02681651040911675,0.02379532571882011,0.021296001300215722,0.01943853786215185,0.013867782615125184,0.010178650543093685,0.004771581385284662
0539,RoboArm,1,2,0.072757288813591,0.028412249349057683,0.024046516343951232,0.021901363879442217,0.020201317369937907,0.018864269647747272,0.01355552198365331,0.010181568376719954,0.005005598301067948
0539,RoboArm,1,3,0.052281055599451065,0.026722055654972803,0.023041301332414152,0.021303124502301218,0.01954828329384327,0.017953101079910983,0.01310714101418853,0.009985904768109326,0.005183679983019829
0539,RoboArm,2,0,0.17344625294208527,0.03434396501630545,0.026243471242487434,0.022175421658903367,0.01956820726394654,0.017226220481097697,0.011677089147269726,0.008131049759685996,0.0034636593190953135
0539,RoboArm,2,1,0.09635744243860245,0.026898939236998563,0.022066122293472292,0.01964044040068984,0.017474799230694775,0.016047048009932036,0.01180142620578409,0.008472355082631113,0.003801513696089387
0539,RoboArm,2,2,0.05750107392668724,0.02349826779216528,0.0197485463321209,0.018005816824734212,0.016760977208614358,0.015567479655146587,0.011596492491662506,0.008501887694001203,0.0039871621411293745
0539,RoboArm,2,3,0.04135574400424957,0.022872936949133876,0.01876733794808388,0.017082346510142093,0.01597642816603184,0.014785312162712215,0.011159932333976032,0.008354646340012553,0.004126341314986348
0539,RoboArm,3,0,0.15493391454219818,0.03239022810012102,0.024280498065054428,0.02059468634426594,0.017643149197101596,0.015519988723099232,0.010909028351306915,0.0070071942172944554,0.00296598591376096
0539,RoboArm,3,1,0.07642271369695663,0.025129257254302505,0.020532554388046267,0.017805150430649525,0.01591012850403786,0.014554966613650315,0.011022945307195187,0.00758872069418431,0.0032440837239846587
0539,RoboArm,3,2,0.048052530735731125,0.021657020766288042,0.018006326630711562,0.01639733212068677,0.01508560810238123,0.01401760447770357,0.010855691228061915,0.007721590809524061,0.003429889213293791
0539,RoboArm,3,3,0.03562135621905327,0.021343077104538682,0.017205887585878373,0.01528452552855015,0.014321791343390941,0.013192700967192647,0.010523899737745526,0.007527286279946567,0.003568992833606899
0544,RoboArm,1,0,0.19479669630527496,0.060122439712286,0.04614429213106633,0.038072320036590106,0.03326265037059784,0.029617299139499634,0.01953675821423531,0.012511531077325366,0.0054034709464758635
0544,RoboArm,1,1,0.08498485386371613,0.0432309701666236,0.03714966356754303,0.03325079046189785,0.030329330340027813,0.02799284216016531,0.02008333951234819,0.012873749993741515,0.005914697656407952
0544,RoboArm,1,2,0.048098932951688766,0.035316110029816626,0.03139688439667225,0.02883268814533949,0.02723245680332184,0.025785992853343487,0.02054428178817034,0.012845329381525519,0.0062114920001477
0544,RoboArm,1,3,0.036204565316438675,0.03096231209114194,0.02907607659697533,0.02732192937284708,0.025956842601299296,0.024712212290614842,0.020085035637021065,0.013067893497645857,0.0065559649374336
0544,RoboArm,2,0,0.19479669630527496,0.050632798299193385,0.039152620956301704,0.032786741070449356,0.028659891933202754,0.025288726668804874,0.017039666138589385,0.010662966035306472,0.004208926111459732
0544,RoboArm,2,1,0.07987228035926819,0.037398177459836014,0.031692027375102044,0.02852207306772471,0.025499883070588116,0.02327944077551364,0.017274117283523082,0.011130896769464022,0.004607410868629813
0544,RoboArm,2,2,0.04500064253807068,0.030581947304308413,0.027256053537130356,0.025078267212957146,0.023239673599600795,0.0220070787705481,0.017180788889527326,0.011080096475780012,0.004889912437647581
0544,RoboArm,2,3,0.03255099430680275,0.027563274651765824,0.025265042968094353,0.02386225260794163,0.022381707280874255,0.021124025247991066,0.01668615248054266,0.010989731922745716,0.005249758251011372
0544,RoboArm,3,0,0.19479669630527496,0.047066598348319534,0.03617601200938225,0.030771011412143733,0.02626606822013855,0.02309371381998053,0.01543044187128544,0.009567869827151299,0.0037032878026366234
0544,RoboArm,3,1,0.07274673134088516,0.03504586853086949,0.029319130331277848,0.026029780339449644,0.023148100823163986,0.02141572022810577,0.0156979151070118,0.010221170261502273,0.003925753757357597
0544,RoboArm,3,2,0.042430173605680466,0.028505448251962665,0.02529314834624529,0.022784267794340854,0.02123823031783104,0.020211543515324587,0.01560230683535338,0.010244212299585347,0.004233842482790351
0544,RoboArm,3,3,0.030586816370487213,0.02533099073916674,0.023287544287741185,0.021680315732955934,0.020474768355488778,0.019570498261600733,0.015165808703750373,0.010131558030843738,0.004629331873729825
0549,RoboArm,1,0,0.31388553977012634,0.08588810913264755,0.061323444619774826,0.04827812545001508,0.04076782658696175,0.03578006755560636,0.022941214777529244,0.01577336043119432,0.006620633415877819
0549,RoboArm,1,1,0.1440965235233307,0.06656104631721974,0.053622105047106766,0.04559970319271089,0.04037899360060692,0.035276963189244254,0.02346878796815873,0.016180937737226488,0.0071672070771455765
0549,RoboArm,1,2,0.07694590836763382,0.0540138489753008,0.04653107129037381,0.04159076016396285,0.03797967538237575,0.033874824270606035,0.023650669306516662,0.01636833399534226,0.007759707979857922
0549,RoboArm,1,3,0.05660197511315346,0.0466389923170209,0.04230028539896012,0.03879932813346388,0.03540446743369102,0.03266854006797074,0.02378814779222012,0.01646868363022805,0.008193769492208958
0549,RoboArm,2,0,0.2284834235906601,0.0664071685820818,0.047454386577010156,0.03784883413463831,0.032535187005996724,0.028650231007486576,0.018477509170770658,0.013154618442058563,0.0050959906075149775
0549,RoboArm,2,1,0.10040586441755295,0.04976316805928946,0.04078811779618264,0.034748114384710795,0.030240248367190366,0.02674836758524176,0.018626950308680536,0.013817909732460979,0.005531597184017301
0549,RoboArm,2,2,0.059540677815675735,0.04084974776953459,0.03474864013493062,0.031002833768725396,0.027821828275918968,0.02554802512750025,0.018787434697151186,0.013863800093531614,0.006002658978104591
0549,RoboArm,2,3,0.04616802930831909,0.03549153156578541,0.03139847435057164,0.02897399999201298,0.026819375380873693,0.024791900534182773,0.01871849093586207,0.0137950798496604,0.0064258871134370565
0549,RoboArm,3,0,0.2257048636674881,0.0578320137038827,0.040412780269980436,0.03236450348049402,0.027724029123783113,0.02484809495508666,0.016509194858372215,0.011514341644942767,0.004219612572342157
0549,RoboArm,3,1,0.09188831597566605,0.043356360644102095,0.03455319099128247,0.029178007747977977,0.02596113383769989,0.023339914344251138,0.016400444880127908,0.012334668822586537,0.004614260047674179
0549,RoboArm,3,2,0.051589541137218475,0.03515786044299603,0.029992004930973058,0.026718309111893178,0.024090435951948166,0.02226657755672931,0.016715871542692183,0.012202365696430214,0.005022221943363547
0549,RoboArm,3,3,0.040224675089120865,0.031029274128377443,0.027369210869073873,0.02525947956368327,0.023473348692059522,0.021881819795817128,0.016458915360271935,0.01202699039131403,0.0054858168587088585
0554,RoboArm,1,0,0.1808624267578125,0.043082477338612084,0.03232558839023114,0.027522783856838946,0.0239322454482317,0.021107938233762925,0.01397624034434557,0.010229095816612244,0.004736308008432388
0554,RoboArm,1,1,0.06933589279651642,0.031043485943228012,0.026152961105108265,0.02364962950348854,0.02176934711635113,0.020264040678739548,0.014512609690427784,0.010296464711427691,0.0050789411179721355
0554,RoboArm,1,2,0.040876030921936035,0.026860561165958644,0.02372303869575262,0.02164662620052696,0.019959403425455102,0.018636458739638317,0.014382595848292117,0.01045769862830639,0.00522622000426054
0554,RoboArm,1,3,0.03095807135105133,0.02433336168527603,0.02236173413693905,0.020759583171457055,0.01922740697860718,0.017946352716535323,0.01385875027626753,0.010417990013957027,0.005367850884795189
0554,RoboArm,2,0,0.10659900307655334,0.03399857472628356,0.026893841251730922,0.02260635392740369,0.01962553940713406,0.017274098377674744,0.01223217807710171,0.008357769250869753,0.0036589361261576414
0554,RoboArm,2,1,0.04731670767068863,0.024394063986837865,0.021140469349920754,0.01914623122662306,0.017659875601530078,0.016412921249866482,0.012400826532393694,0.008866242319345477,0.004020156105980277
0554,RoboArm,2,2,0.03162052854895592,0.02130603702738881,0.019022340252995495,0.017330596782267095,0.0160506846010685,0.014978812867775559,0.012117141485214235,0.008968262746930123,0.004200014052912593
0554,RoboArm,2,3,0.02452091872692108,0.019732826985418797,0.018173798583447934,0.01642889266833663,0.015206206627190116,0.014383447263389821,0.011780144274234771,0.008734015934169295,0.004307870287448168
0554,RoboArm,3,0,0.095040462911129,0.030355557128787045,0.023061347641050826,0.019830937571823606,0.0171936970204115,0.01515132822096347,0.01150277629494667,0.007251992449164395,0.0031637155916541815
0554,RoboArm,3,1,0.04357501491904259,0.021925095357000827,0.01872273687273264,0.01687955254688859,0.01549330886453391,0.014229773031547656,0.011466213036328556,0.007871759124100213,0.0034316189121454954
0554,RoboArm,3,2,0.029017938300967216,0.018856455702334643,0.016927298232913016,0.01535050421953202,0.014028954207897187,0.013204748928546903,0.011165754403918985,0.007970552705228333,0.003614843590185046
0554,RoboArm,3,3,0.022812029346823692,0.017762793619185688,0.016129159480333333,0.014418826177716256,0.013386433422565461,0.012613344378769393,0.010783190466463565,0.007728460524231195,0.003730552620254457
0559,RoboArm,1,0,0.228316992521286,0.05640667505562306,0.04109370976686478,0.03357063692063095,0.02878339976072312,0.025929140672087663,0.01760949529707432,0.011720859259366995,0.005929626291617751
0559,RoboArm,1,1,0.10018733888864517,0.04936543341726065,0.03707264646887781,0.030196191668510442,0.026412741094827656,0.0240851579234004,0.01683126743882897,0.011390590481460097,0.006442431127652526
0559,RoboArm,1,2,0.06666474789381027,0.04246024262160063,0.034658823758363724,0.02993681306019426,0.02575493335723879,0.023268890380859348,0.01624068506062031,0.011300862953066829,0.006608829600736499
0559,RoboArm,1,3,0.05260632559657097,0.03762159761041403,0.03265293136239052,0.029064049161970622,0.025628647953271893,0.02288661673665046,0.016133810207247735,0.01119359340518713,0.006780602736398578
0559,RoboArm,2,0,0.21785923838615417,0.045313772037625315,0.03347406931221485,0.027433519773185252,0.023850112259387976,0.021225720178335898,0.01394170671701432,0.009529954753816128,0.00441265944391489
0559,RoboArm,2,1,0.08968210965394974,0.0383589306473732,0.0290372432395816,0.024337496627122163,0.021804969385266305,0.0195741104893386,0.013756311591714629,0.009520686976611618,0.004749444546177983
0559,RoboArm,2,2,0.0546572171151638,0.03373105697333813,0.027173228152096274,0.023481852263212206,0.021046402752399454,0.01906266007572412,0.013257433939725165,0.009568131901323797,0.004939817590638995
0559,RoboArm,2,3,0.04141227528452873,0.0297713783942163,0.02569381531327963,0.022846373300999416,0.020459516793489462,0.01853187885135412,0.013050293270498519,0.009375386498868467,0.005092422477900982
0559,RoboArm,3,0,0.18548764288425446,0.03998390015214682,0.02923456221818925,0.02424514768645168,0.021009957119822505,0.018547274637967327,0.01232947688549757,0.008352152071893215,0.0036403287667781115
0559,RoboArm,3,1,0.08333199471235275,0.033827365301549436,0.025417835451662544,0.021522682867944242,0.019063657224178316,0.016972369235008954,0.011979339830577375,0.008521425165235996,0.003957503708079457
0559,RoboArm,3,2,0.047653716057538986,0.029918084368109703,0.023978917300701143,0.02045409673824907,0.018424280807375914,0.016628053970634916,0.011748773418366923,0.008463206700980665,0.004114942159503698
0559,RoboArm,3,3,0.03744249790906906,0.026679108496755363,0.02268444512039423,0.019852446205914025,0.01782851800322533,0.0162522911094129,0.011577314790338277,0.008279418572783474,0.004295500461012125
0564,RoboArm,1,0,0.12396295368671417,0.037175994627177716,0.029399512633681298,0.0250033186376095,0.021969558447599413,0.019716360606253116,0.013268747925758363,0.009097224660217762,0.004747901810333133
0564,RoboArm,1,1,0.05364532396197319,0.027291491851210596,0.02323372691869736,0.020766664333641535,0.019238928332924843,0.017932207696139794,0.013424997031688693,0.008973379991948607,0.005120598943904042
0564,RoboArm,1,2,0.03684529289603233,0.023000996056944133,0.020126280039548874,0.018715841211378575,0.017531245425343515,0.016675198357552285,0.013044193759560585,0.009128240309655668,0.005277993623167276
0564,RoboArm,1,3,0.03351200744509697,0.020779256261885166,0.01863125614821911,0.01765800163149834,0.01691710606217385,0.0162379814311862,0.012438905425369741,0.009069010242819786,0.005415205843746662
0564,RoboArm,2,0,0.11336401104927063,0.032408681549131874,0.025554106794297704,0.021872643362730742,0.019046349301934242,0.01705395756289363,0.010948851425200704,0.007540028542280198,0.0037053851410746574
0564,RoboArm,2,1,0.046031512320041656,0.022192613650113345,0.019602630250155927,0.017941616903990508,0.0167071283608675,0.015534811792895181,0.011451234854757788,0.007644068915396932,0.004000164568424225
0564,RoboArm,2,2,0.02579471282660961,0.019143101125955582,0.017352567911148073,0.016136991363018754,0.015161965154111386,0.01423848900012672,0.011022644303739072,0.007825390435755258,0.004131019581109285
0564,RoboArm,2,3,0.02360512688755989,0.017217097133398057,0.016150667406618597,0.01543911841697991,0.01456422794610262,0.013751258421689271,0.010508733335882425,0.007712468691170221,0.004261684138327837
0564,RoboArm,3,0,0.11336401104927063,0.0290302699431777,0.023007132448256026,0.019503153860569,0.01712738156318665,0.015192662551999034,0.009981554001569748,0.006770322564989328,0.0031186110572889447
0564,RoboArm,3,1,0.04289858415722847,0.020046698786318304,0.017676909342408183,0.01624411500990391,0.015016308873891833,0.01396071766503155,0.01039631124585867,0.007043355517089367,0.0034024579217657447
0564,RoboArm,3,2,0.024624008685350418,0.017197635788470507,0.01576358400285244,0.014652592083439232,0.013853136673569683,0.013069600891321883,0.009957767464220524,0.007096983306109909,0.0035540671087801456
0564,RoboArm,3,3,0.018761614337563515,0.015674844533205032,0.014778001122176648,0.014098433889448644,0.013211020864546301,0.012304653273895383,0.00968914171680808,0.006927601713687191,0.0036732462467625737
0569,RoboArm,1,0,0.246341735124588,0.08855597406625748,0.06275152787566186,0.052166199684143086,0.044086081236600905,0.03796762861311427,0.024253848753869538,0.015611909329891205,0.006252008257433772
0569,RoboArm,1,1,0.11999911069869995,0.06139594271779061,0.052341196537017826,0.046451117508113385,0.04121997669339181,0.03629656750708807,0.02432450689375401,0.016396062076091775,0.006786620477214456
0569,RoboArm,1,2,0.06781284511089325,0.0511875868216157,0.045530053824186324,0.04137246534228326,0.03756771609187127,0.033933785930275795,0.024646668881177905,0.01700556054711343,0.007266150787472725
0569,RoboArm,1,3,0.05111609026789665,0.04576673671603203,0.04161985553801061,0.0377051055058837,0.034592781066894535,0.03275954369455575,0.023594804108142856,0.017326199635863303,0.007806872250512242
0569,RoboArm,2,0,0.232557013630867,0.07263833455741407,0.052067343071103105,0.04278850268572569,0.035917589366436006,0.031028179451823235,0.019836565479636192,0.012513981200754674,0.004778343252837658
0569,RoboArm,2,1,0.10234663635492325,0.050938982181251063,0.044289149567484865,0.0384210778400302,0.033522219359874726,0.029123714473098417,0.019429576210677636,0.013400567881762984,0.005248228088021278
0569,RoboArm,2,2,0.05836997181177139,0.04294395115226507,0.038237449824810026,0.03404998917132617,0.030726099386811263,0.02765375766903159,0.01954547390341759,0.013748423010110858,0.005705612245947123
0569,RoboArm,2,3,0.043328460305929184,0.038312968350946906,0.03495873644948006,0.03129034627228976,0.02877146348357201,0.027167895063757896,0.018495869636535645,0.014082072116434575,0.006211650790646672
0569,RoboArm,3,0,0.232557013630867,0.0655685568600893,0.04642223171889784,0.03767373204231263,0.031551478505134595,0.027697158697992556,0.018107352778315544,0.010965452902019026,0.004064532928168774
0569,RoboArm,3,1,0.10140819847583771,0.04475484561175108,0.0390092045068741,0.03425879094749689,0.02953256987035275,0.025487821083515876,0.01783246286213398,0.011905858665704734,0.004527911078184843
0569,RoboArm,3,2,0.05581454932689667,0.03780892007052899,0.03363152146339417,0.029896590355783702,0.02712839350104333,0.024627820868045075,0.017638348042964935,0.012298228777945043,0.004923628410324454
0569,RoboArm,3,3,0.04057299345731735,0.03351319313049316,0.031128849908709535,0.02787664081901312,0.0257680593430996,0.024139542132616012,0.016500987485051157,0.012559793516993524,0.0053966057021170855
0574,RoboArm,1,0,0.3506340980529785,0.0845211897045374,0.059952761903405205,0.049942650496959694,0.04327068567276001,0.038504748791456204,0.024488150887191296,0.01556393299251795,0.007265624823048711
0574,RoboArm,1,1,0.17088675498962402,0.059892758466303354,0.049303550124168406,0.04296325966715813,0.03794457525014878,0.03422257956117388,0.02464804742485285,0.01640933305025101,0.00801689364016056
0574,RoboArm,1,2,0.10393169522285461,0.050633097849786306,0.04257622465491297,0.03739292599260807,0.03419302105903626,0.031445689313113624,0.024200546182692052,0.017152288928627968,0.00872760359197855
0574,RoboArm,1,3,0.07628095895051956,0.04596116218715906,0.03923950582742691,0.03551176600158215,0.03276766479015351,0.030330632161349055,0.02375507485121489,0.017147229611873628,0.009143827948719263
0574,RoboArm,2,0,0.3339567482471466,0.06789133675396443,0.04826291650533676,0.03983596246689559,0.03351656436920166,0.029710573330521548,0.019128167070448402,0.01288290973752737,0.005446397699415684
0574,RoboArm,2,1,0.14373405277729034,0.049630394876003264,0.038369099274277695,0.0333719726651907,0.029262174963951122,0.02657223371788858,0.019478090107440952,0.013541680201888086,0.006058300379663706
0574,RoboArm,2,2,0.08267034590244293,0.04157983105629683,0.03442761987447739,0.029820362385362387,0.026797991544008273,0.02430593650788065,0.01916961222887039,0.01373666264116765,0.006639116909354925
0574,RoboArm,2,3,0.06131255626678467,0.03736793301999569,0.03178778596222401,0.02878609390929343,0.026045684963464738,0.023792713321745394,0.018536548689007764,0.013643842004239563,0.007076626643538475
0574,RoboArm,3,0,0.31411027908325195,0.05749390792101624,0.04255895771086216,0.03535547707229853,0.030077167674899104,0.02595715569332241,0.016705984808504583,0.011690901592373848,0.004537786822766066
0574,RoboArm,3,1,0.10834766924381256,0.04327879574149848,0.03464797429740429,0.029591325409710417,0.026216089352965356,0.02323291776701807,0.016941058821976194,0.012284620106220246,0.005045444471761584
0574,RoboArm,3,2,0.06630563735961914,0.03684104844927788,0.030312138088047506,0.026566688157618052,0.023667288273572933,0.021585036255419247,0.016925876028835777,0.012339561060070992,0.005501284962520003
0574,RoboArm,3,3,0.048542775213718414,0.03190533053129912,0.02809360943734647,0.0252473776973784,0.0229831287264824,0.02115312293171876,0.01637419052422048,0.012207032181322576,0.005957492161542177
0579,RoboArm,1,0,0.20601730048656464,0.05419043254107239,0.04005625464022161,0.03304644517600538,0.02892765499651432,0.025157774891704277,0.016129545122385024,0.011076592281460766,0.004667425062507391
0579,RoboArm,1,1,0.07995252311229706,0.038809580989181997,0.033335169255733516,0.02909757608547807,0.02612530268728734,0.02406188836321232,0.016778398677706724,0.011183793656527998,0.005204556975513697
0579,RoboArm,1,2,0.04960173740983009,0.033056678250432014,0.028232545107603077,0.02549711948260665,0.023958910778164866,0.02234302815049886,0.016687275283038618,0.011474299989640715,0.0054214331321418285
0579,RoboArm,1,3,0.04181788116693497,0.03116557823494077,0.02633872460573912,0.023604497704654934,0.021724632978439334,0.020481983665376895,0.016406180523335943,0.011474872566759591,0.005646818550303578
0579,RoboArm,2,0,0.16009412705898285,0.042008156850934036,0.03143858931958676,0.0266974176093936,0.022893710955977444,0.019991951808333294,0.01379531994462014,0.00942938663065434,0.003607173217460513
0579,RoboArm,2,1,0.05747092515230179,0.03031054152175785,0.025678919404745103,0.022886828146874906,0.020767569169402124,0.019278737250715477,0.014523938857018947,0.009950733557343485,0.003977977437898517
0579,RoboArm,2,2,0.03612720966339111,0.0242994530312717,0.02185369297862053,0.02037662081420422,0.019258490428328518,0.018100067041814327,0.014225662592798472,0.010207919590175156,0.004169391933828592
0579,RoboArm,2,3,0.028229713439941406,0.022631483003497124,0.020377684384584427,0.018916426058858633,0.017743376418948176,0.016712369117885817,0.013687946181744338,0.010197885893285274,0.004409151151776314
0579,RoboArm,3,0,0.15627449750900269,0.037165762782096864,0.0281872121244669,0.023253486640751365,0.01983658388257027,0.01746472390368574,0.012771863490343094,0.008265944197773933,0.003099763416685164
0579,RoboArm,3,1,0.05496742203831673,0.02666114388033748,0.02251768913120032,0.020074773989617833,0.01843345195055008,0.016979784984141582,0.01303353188559413,0.009127866104245196,0.0033844877034425735
0579,RoboArm,3,2,0.03434709832072258,0.021995214372873308,0.01940414436161518,0.017953942827880383,0.01694981321692467,0.015988063998520374,0.012813462782651186,0.009383082017302515,0.0035921643720939755
0579,RoboArm,3,3,0.026202021166682243,0.020377622060477735,0.018023469671607017,0.016898811589926482,0.01582017056643963,0.014999589230865236,0.012408406101167205,0.009220702573657038,0.0037946425145491958
0584,RoboArm,1,0,0.4601190388202667,0.06239042293280365,0.045881350114941606,0.03738305415958166,0.033055259287357336,0.029801749344915134,0.019856136478483683,0.012832506373524675,0.0061395245138555765
0584,RoboArm,1,1,0.1740531027317047,0.04559849955141544,0.038006131350994114,0.033305166848003866,0.030442054122686385,0.028083097841590632,0.02079305481165648,0.01317282970994712,0.006481050048023462
0584,RoboArm,1,2,0.09485261142253876,0.03865809205919504,0.033060309588909154,0.030246720518916845,0.028469616994261742,0.026954332180321207,0.021147621609270577,0.0136502405628562,0.006603465881198645
0584,RoboArm,1,3,0.06346850097179413,0.03600044548511506,0.03146977320313454,0.028932503145188096,0.0273356256633997,0.026210246514528978,0.02088625114411116,0.013847929798066616,0.006752103799954057
0584,RoboArm,2,0,0.4028216004371643,0.049830234795808795,0.03575568273663521,0.0297045037150383,0.02586538188159467,0.023154533375054565,0.016373978927731514,0.010356402397155762,0.0045107442419976
0584,RoboArm,2,1,0.1514355093240738,0.035120036937296394,0.02900877583771944,0.02571336977183819,0.023518695160746575,0.021831749007105803,0.016600642353296287,0.010733200237154966,0.004889882635325193
0584,RoboArm,2,2,0.0700918436050415,0.030002141837030656,0.02496341358870268,0.02314577801153064,0.021858902201056483,0.020766719710081816,0.01659646108746529,0.010964846611022951,0.005048280349001288
0584,RoboArm,2,3,0.051556818187236786,0.028154160138219607,0.023516208156943323,0.021791410092264415,0.020846058353781702,0.02005249541252851,0.01677325759083033,0.011103263124823575,0.005311224143952131
0584,RoboArm,3,0,0.24246269464492798,0.042997163422405726,0.03120652906596662,0.025658532083034553,0.022584333568811423,0.01994986021891235,0.01446490986272694,0.00930504035204649,0.003811621223576367
0584,RoboArm,3,1,0.11062023788690567,0.03000665951520205,0.025148015059530737,0.02232616059482098,0.02034845054149628,0.018806216400116652,0.014633345417678367,0.009616420418024064,0.004100709687918425
0584,RoboArm,3,2,0.06769905239343643,0.02538653776049614,0.021719158962368965,0.02008066577836871,0.01884488165378571,0.017930395621806376,0.014252812415361409,0.009793389029800894,0.0042624014895409346
0584,RoboArm,3,3,0.04915847256779671,0.02346935687586665,0.019940980337560178,0.018828183747828006,0.0178209937363863,0.017188902385532848,0.014370044693350794,0.009726168401539326,0.0045249799732118845
0589,RoboArm,1,0,0.1843472123146057,0.04933197900652887,0.036899404600262656,0.03015014680102468,0.025901483744382878,0.022870913241058586,0.0151589198037982,0.009214243851602084,0.004822964547201991
0589,RoboArm,1,1,0.0957576110959053,0.03718736000359058,0.03039174456149341,0.026727488599717623,0.024212566614151002,0.022100709378719295,0.01584659684449435,0.009350479394197465,0.005213351221755147
0589,RoboArm,1,2,0.0545683279633522,0.03069775298237801,0.026529217287898067,0.024241464976221327,0.0226091056317091,0.021361704077571625,0.016055876947939397,0.009650035761296749,0.00538786593824625
0589,RoboArm,1,3,0.04018823429942131,0.02861141245812178,0.02453002717345953,0.022459285762161017,0.02117616817355156,0.019924649503082034,0.01595185138285161,0.009740524366497994,0.00555204157717526
0589,RoboArm,2,0,0.14605650305747986,0.03914447769522667,0.030100597999989993,0.025146113615483055,0.02155832529067995,0.019286297261714935,0.012340669520199304,0.007884982787072664,0.0037111593410372734
0589,RoboArm,2,1,0.061377350240945816,0.030559189431369305,0.025110697038471703,0.02190828662365675,0.01980884596705437,0.018466003891080583,0.01316891135647893,0.008215853013098242,0.0040582234505563974
0589,RoboArm,2,2,0.03385769948363304,0.02512385340407491,0.022122490033507348,0.020408636741340164,0.01882982984185219,0.017440657038241603,0.013113704696297647,0.008427474275231363,0.004247382283210754
0589,RoboArm,2,3,0.02905263379216194,0.022353405803442004,0.020279312245547774,0.018997681234031914,0.017823709025979045,0.016721081454306837,0.01286576045677066,0.008363708481192592,0.004384763306006789
0589,RoboArm,3,0,0.14605650305747986,0.034882044121623046,0.026225523911416533,0.021833138130605226,0.018953512087464337,0.016965845599770546,0.01091009434312582,0.00714391702786088,0.0031209036242216825
0589,RoboArm,3,1,0.053122252225875854,0.02652301460504532,0.02203161098062992,0.01902373861521483,0.017277202233672143,0.01596471201628446,0.011537299677729615,0.007517467252910138,0.003450209042057395
0589,RoboArm,3,2,0.028768865391612053,0.022169017456471922,0.01952670961618424,0.017755889557302,0.016280682459473613,0.015112254908308361,0.0113949116319418,0.007679430209100249,0.003639977308921516
0589,RoboArm,3,3,0.02495800331234932,0.019305666275322438,0.017739431634545326,0.016718982681632043,0.015829018205404284,0.014844022970646612,0.01108524072915316,0.007556064799427988,0.003778990707360208
0594,RoboArm,1,0,0.23139286041259766,0.07539564564824106,0.056241149827837955,0.04677151795476676,0.041210528463125236,0.037531309016048904,0.024747511185705666,0.015124661289155487,0.006158618256449699
0594,RoboArm,1,1,0.11785322427749634,0.05519831273704768,0.04605852507054806,0.04175908971577885,0.037940036058425906,0.03499944992363449,0.025291881896555433,0.016157940402626993,0.006509015802294016
0594,RoboArm,1,2,0.06961177289485931,0.04804975043982268,0.04200976379215717,0.03832700625061989,0.03538167178630829,0.03344234991818666,0.02548705749213696,0.01618536524474621,0.006918666418641806
0594,RoboArm,1,3,0.05335110425949097,0.0433497766032815,0.039793452620506285,0.0370578882098198,0.034711023718118676,0.03272658046334981,0.025322233699262148,0.016276689246296883,0.00726786139421165
0594,RoboArm,2,0,0.2100539356470108,0.052050687298178674,0.04100715078413487,0.035443368814885634,0.031812112778425224,0.028850590344518402,0.019726142846047907,0.012962175533175468,0.004712070804089308
0594,RoboArm,2,1,0.08959028869867325,0.039647214114665985,0.0326094001531601,0.029865664318203925,0.02739048473536968,0.025729076750576493,0.01950558740645647,0.013974333740770823,0.0050077964551746845
0594,RoboArm,2,2,0.05831356346607208,0.034541361667215824,0.030394231565296654,0.0280085663869977,0.02586520828306675,0.024463598709553475,0.019356765598058705,0.01372629385441542,0.0052879913710057735
0594,RoboArm,2,3,0.0440976582467556,0.031335736401379106,0.02922893937677145,0.027110050637274983,0.025332816466689112,0.023966217413544634,0.01940997615456581,0.013423298299312592,0.005730536300688982
0594,RoboArm,3,0,0.17464694380760193,0.04457279413938524,0.03519406944513321,0.030081209745258096,0.026800249740481376,0.02469006273895501,0.017013442888855965,0.011596122756600382,0.00402755755931139
0594,RoboArm,3,1,0.07645037770271301,0.033227162025868895,0.027690347917377952,0.024772834163159133,0.023203157782554627,0.022027890756726235,0.016946722939610488,0.01255741994827987,0.0042404446285218
0594,RoboArm,3,2,0.048830095678567886,0.02898983797058463,0.025374528504908084,0.02339231289923191,0.02211009629070759,0.020926881115883575,0.016916646808385852,0.012357739359140398,0.0045387104619294405
0594,RoboArm,3,3,0.037918902933597565,0.026194235235452654,0.02438551247119904,0.022500864509493113,0.02131187126040459,0.020428761281073068,0.01695353519171477,0.011976330354809762,0.004930120659992099
0599,RoboArm,1,0,0.20946729183197021,0.0820889562368393,0.06415681883692742,0.05384634163230658,0.047412983477115644,0.04167864844202995,0.02791852205991745,0.01705220714211464,0.006657941732555628
0599,RoboArm,1,1,0.11029578000307083,0.058754340410232545,0.049832414463162424,0.044241490103304394,0.04069318950176239,0.03761653453111647,0.028244193643331528,0.018875781074166303,0.007316541159525514
0599,RoboArm,1,2,0.06558521836996078,0.04720626525580883,0.043123167008161545,0.040309430286288264,0.03750372350215913,0.03513014856725931,0.027843550778925426,0.019043508917093284,0.0081544010899961
0599,RoboArm,1,3,0.053071171045303345,0.04418678898364306,0.03972410134971142,0.03664454039186239,0.03495891630649567,0.03349470105022191,0.026583878323435804,0.018663206323981284,0.008850141894072294
0599,RoboArm,2,0,0.20946729183197021,0.0695110846310854,0.05206561408936978,0.04384249817579986,0.03870144665241243,0.034137235395610296,0.023517271317541607,0.013975076004862799,0.005163510097190738
0599,RoboArm,2,1,0.09579845517873764,0.04913564931601286,0.04123969286680222,0.03632677797228098,0.03334952011704445,0.03070074245333665,0.023022986203432103,0.015471257641911523,0.0058010665234178305
0599,RoboArm,2,2,0.05698814615607262,0.039187473468482496,0.03545207254588604,0.03309502568095923,0.031014479771256452,0.0291950855404138,0.02237298265099527,0.015700347349047666,0.00673632463440299
0599,RoboArm,2,3,0.04553091898560524,0.036363316364586354,0.032680980190634736,0.030899889729917054,0.029254899173974995,0.027671987656503895,0.021498768031597143,0.01547154542058707,0.00726842787116766
0599,RoboArm,3,0,0.20522363483905792,0.0613128599151969,0.045485736206173924,0.03815136030316354,0.03355351731181146,0.02996319793164729,0.020654751360416425,0.012286820448935032,0.004390543792396784
0599,RoboArm,3,1,0.09178836643695831,0.044105241447687155,0.036299305260181436,0.03201935082674027,0.02917747654020787,0.0271001586690545,0.02010219693183899,0.013512455113232139,0.004976551281288266
0599,RoboArm,3,2,0.0494898185133934,0.035344263240695,0.031748659536242486,0.029247107431292534,0.027359097301960005,0.025671214610338205,0.019149030931293973,0.013740507885813715,0.00582058378495276
0599,RoboArm,3,3,0.03922949358820915,0.03245762720704079,0.029427180886268615,0.02775199780240655,0.025964794605970384,0.024285911116749048,0.01850234661251307,0.013705501519143582,0.006297714076936245
0604,RoboArm,1,0,0.17344947159290314,0.057316297851502905,0.0443029747158289,0.036858178712427664,0.03150278016924859,0.02802623836323612,0.019545204564929017,0.013760412111878404,0.005266349297016859
0604,RoboArm,1,1,0.07482481002807617,0.04067150257527828,0.03539119772613049,0.030947529375553135,0.027663178071379666,0.02544403374195096,0.019538027420639995,0.014273216575384143,0.005718876840546727
0604,RoboArm,1,2,0.0411047600209713,0.034262732788920405,0.030648176558315754,0.027603644188493495,0.025447857677936555,0.023819325771182766,0.019282207638025288,0.014212369173765187,0.006128228735178709
0604,RoboArm,1,3,0.03485904261469841,0.029773990958929065,0.028062560074031354,0.026340245082974438,0.02482050172984601,0.023341185692697757,0.018696181289851666,0.013907621987164023,0.006501277908682823
0604,RoboArm,2,0,0.1718773990869522,0.04978534892201428,0.03744331978261471,0.0307562030851841,0.02684300884604456,0.024014480225741795,0.01734413281083107,0.01155364848673344,0.004066235851496458
0604,RoboArm,2,1,0.062138237059116364,0.03555754717439414,0.03046019691973925,0.026148994024842977,0.02342118546366692,0.02165442798286675,0.017073064483702185,0.012202205322682857,0.004498264752328396
0604,RoboArm,2,2,0.036907900124788284,0.030284926947206258,0.026294582635164272,0.023643581829965125,0.02177515856921673,0.02048629457131028,0.01687908135354519,0.011913245916366581,0.004896452184766531
0604,RoboArm,2,3,0.031019320711493492,0.02645661782473326,0.024678816944360735,0.02272447617724538,0.02137469679117203,0.02023638049140572,0.01640239600092173,0.011600452661514283,0.005238438956439495
0604,RoboArm,3,0,0.1718773990869522,0.04592252951115371,0.03485035248100758,0.028601025920361286,0.024645610898733142,0.02200152641162272,0.01588112208992243,0.01011852473020554,0.003500763210467994
0604,RoboArm,3,1,0.06045161560177803,0.033311259225010874,0.02834237981587649,0.023817941807210447,0.021191899701952937,0.01966304788365959,0.015817848220467567,0.01110636927187443,0.00388638605363667
0604,RoboArm,3,2,0.034310951828956604,0.028335280753672126,0.024689597114920622,0.021722481735050682,0.019906048178672794,0.01889092298224568,0.01570104043930769,0.010742253810167315,0.00427247304469347
0604,RoboArm,3,3,0.028310861438512802,0.024736107271164657,0.022923542000353337,0.021052274499088527,0.01948856092989445,0.01850489843636751,0.015171854570508007,0.010544628649950035,0.004633676027879119
0609,RoboArm,1,0,0.22364450991153717,0.0633051535487175,0.04656320832669735,0.03774627562612297,0.03275753259658816,0.029033365380018935,0.019970353879034522,0.012718431651592255,0.00579555775038898
0609,RoboArm,1,1,0.10934004932641983,0.04911814391613007,0.039484127014875414,0.033265731558203705,0.02935226887464524,0.0267620556987822,0.02003161367028952,0.013233257457613955,0.00618066918104887
0609,RoboArm,1,2,0.058363355696201324,0.04226817555725575,0.03638216413557531,0.03230685584247112,0.028576622754335406,0.026130189467221482,0.019548577256500724,0.013372861593961716,0.0064838354010134935
0609,RoboArm,1,3,0.04561307653784752,0.0388429342955351,0.03459949180483818,0.031706124804914,0.029314905777573598,0.025508242938667533,0.019078042171895508,0.01323291584849358,0.006806789431720972
0609,RoboArm,2,0,0.2004404217004776,0.05068526811897755,0.037393762841820714,0.030904957056045543,0.02669369280338288,0.02372963335365057,0.01627531442791224,0.01062070857733488,0.004357360769063234
0609,RoboArm,2,1,0.09816835075616837,0.03952564649283887,0.03100447084754706,0.026290831342339525,0.023564938604831703,0.021777972951531402,0.016376931220293055,0.011245922930538664,0.004723099991679192
0609,RoboArm,2,2,0.04988649860024452,0.03404362287372351,0.02892542932182551,0.025769053623080254,0.023136006668210037,0.021091697551310056,0.015873013436794283,0.011279233545064932,0.004953325260430574
0609,RoboArm,2,3,0.037727657705545425,0.0314541494101286,0.027920950129628183,0.02603663071990013,0.023543264120817184,0.020736404228955497,0.015424931421875954,0.010956636816263205,0.005263010738417506
0609,RoboArm,3,0,0.1667192429304123,0.04271265003830195,0.032814261913299565,0.02737467808648944,0.023585858270525936,0.02063373541459438,0.014074737578630448,0.009257172606885439,0.003691062331199646
0609,RoboArm,3,1,0.08652704954147339,0.03493970595300198,0.026940598078072073,0.02282475156709552,0.02035887911915781,0.01888489173725247,0.014515260048210622,0.010005592368543153,0.0039771730080246925
0609,RoboArm,3,2,0.04425988718867302,0.02968596601858735,0.02506499335169792,0.022258597556501628,0.02017694763839245,0.018395398743450638,0.013918475434184075,0.009980193525552754,0.0041842530481517315
0609,RoboArm,3,3,0.03357246518135071,0.027053378745913507,0.02467215958982706,0.02267421765252948,0.020341408550739293,0.01781985955312841,0.013426592852920296,0.009718424826860429,0.004486616933718324
0614,RoboArm,1,0,0.16106900572776794,0.044432433880865575,0.035117126852273944,0.029286455530673265,0.025865114331245432,0.022960492968559253,0.015290217380970717,0.009778441861271858,0.0047511328011751175
0614,RoboArm,1,1,0.10960599035024643,0.03317310363054276,0.028394213281571885,0.024897688645869498,0.02257825694978238,0.020927304495125993,0.01558603933081031,0.009934813342988492,0.005141424015164375
0614,RoboArm,1,2,0.07385817915201187,0.027795225586742165,0.02511988464742899,0.023260686267167333,0.02168150708079338,0.020207412913441653,0.015033692307770253,0.010085516795516017,0.005322133656591177
0614,RoboArm,1,3,0.054150257259607315,0.025069955699145795,0.02290896907448769,0.021384913697838785,0.020165460258722307,0.019139933492988342,0.014959959220141173,0.010092553682625299,0.005498610902577639
0614,RoboArm,2,0,0.1338645964860916,0.03708426356315614,0.028724526092410094,0.02482621915638448,0.021721046343445783,0.019484743475914,0.012550043221563103,0.008640125952661039,0.0036598294973373413
0614,RoboArm,2,1,0.08282401412725449,0.026544708404690042,0.023208584152162075,0.02097003607079387,0.01922524318099022,0.017795722093433143,0.012685592565685513,0.00889661554247141,0.003949477570131421
0614,RoboArm,2,2,0.05410751327872276,0.022259047403931618,0.02079873327165842,0.019399574510753154,0.01788538061082363,0.016583190858364093,0.012342273164540533,0.008859909139573574,0.0041437637992203236
0614,RoboArm,2,3,0.03986162319779396,0.020602992326021197,0.019010828323662285,0.017715594694018365,0.016799652576446535,0.015914509631693365,0.012062689568847419,0.008778456039726735,0.004297810373827815
0614,RoboArm,3,0,0.11702349036931992,0.032467679418623455,0.025515207014977934,0.021838510408997536,0.019409505724906923,0.01723994882777332,0.011042495351284744,0.0077603436075151,0.003112198901362717
0614,RoboArm,3,1,0.0577416867017746,0.023374302629381418,0.020123769082129,0.018346042297780515,0.017053852677345282,0.015769208967685678,0.011338766384869822,0.008263343200087548,0.00336688500829041
0614,RoboArm,3,2,0.03680214285850525,0.019742874763906,0.018113604560494424,0.016805930566042664,0.015710886269807815,0.014830858586356039,0.010955933295190337,0.008179683052003386,0.0035431565484032035
0614,RoboArm,3,3,0.028428221121430397,0.01816855685785413,0.016490313336253167,0.015626041935756806,0.014852680526673793,0.014218213781714428,0.010686309915035963,0.008038764074444775,0.0036990480730310082
0619,RoboArm,1,0,0.20589745044708252,0.04753382708877325,0.03627404414117337,0.03139500986784697,0.02741541154682637,0.02491680299863218,0.017408045381307604,0.011446615681052208,0.006074272328987718
0619,RoboArm,1,1,0.08719338476657867,0.03639094714075327,0.031143936589360238,0.027404740974307062,0.024989702329039572,0.02273557698354124,0.016787420213222506,0.01141258701682091,0.006421137833967805
0619,RoboArm,1,2,0.04511059448122978,0.030834755785763265,0.02748535618185997,0.025298473332077267,0.023228486254811293,0.021477156970649943,0.01625410467386246,0.011447699926793576,0.006672960007563233
0619,RoboArm,1,3,0.034331150352954865,0.02780043313279748,0.025282851345837118,0.023262642007321123,0.021698451042175295,0.02039734032005071,0.0160892341285944,0.011384879797697067,0.006922115106135607
0619,RoboArm,2,0,0.14219166338443756,0.03770729552954436,0.030018552280962472,0.02584192413836718,0.022923446148633963,0.020559613779187188,0.01419046521186829,0.008847252465784555,0.004459942691028118
0619,RoboArm,2,1,0.05373720824718475,0.02865509228780866,0.024790435396134854,0.02232368525117636,0.020307901799678802,0.01866940697655078,0.013691730145365002,0.009031443856656555,0.0047778773587197065
0619,RoboArm,2,2,0.03260841593146324,0.02475906332954765,0.022529932968318466,0.02057066047564149,0.018941868767142298,0.017471180856227873,0.013088385108858356,0.009028291516005994,0.005015527363866568
0619,RoboArm,2,3,0.0286590363830328,0.02267614910379052,0.02093304630368948,0.01919843753799796,0.017756876349449162,0.01657958887517452,0.01267878506332636,0.009063857048749924,0.005262230522930622
0619,RoboArm,3,0,0.14121423661708832,0.0338476473838091,0.02680162090808154,0.023108478505164384,0.020144217088818552,0.018333330284804092,0.012219012342393398,0.008003197424113751,0.003664935822598636
0619,RoboArm,3,1,0.04777216911315918,0.02523279085755349,0.022150383219122886,0.02008668748661876,0.018066431879997253,0.016631673276424404,0.01207931796088815,0.008188358508050443,0.003968485165387392
0619,RoboArm,3,2,0.02982022613286972,0.021923887357115746,0.02006506823003292,0.018467889558523895,0.017001559212803843,0.015694698598235843,0.011493895668536426,0.008122368343174459,0.0041651192586869
0619,RoboArm,3,3,0.0261042732745409,0.02026248995214701,0.01851328890770674,0.017053498569875956,0.015978501290082932,0.014947450719773762,0.011262276954948903,0.008081443607807161,0.004410791443660855
0624,RoboArm,1,0,0.6804735064506531,0.06699002131819726,0.04221972100436688,0.03365190140902997,0.028664460554718975,0.025522349402308464,0.016298066824674606,0.010009367018938065,0.00484674284234643
0624,RoboArm,1,1,0.38725581765174866,0.04647861443459988,0.035063291341066366,0.029584248457103973,0.026615893840789797,0.02429547766223549,0.01729223262518645,0.010186279006302357,0.0052461689338088036
0624,RoboArm,1,2,0.21707569062709808,0.04079224944114686,0.03058558210730553,0.027408269066363577,0.02481487609446049,0.02247249502688644,0.0172690335661173,0.010576055571436885,0.005479664076119661
0624,RoboArm,1,3,0.13960470259189606,0.03904367186129094,0.028227977938950065,0.02567702926695347,0.023638351261615766,0.021574372891336676,0.016922551766037942,0.010870292223989964,0.0057649980299174786
0624,RoboArm,2,0,0.6039016246795654,0.04742256071418525,0.03379683032631875,0.027101468835026035,0.02336950652301312,0.020667473040521127,0.01287283664569259,0.008785465545952333,0.0037115109153091908
0624,RoboArm,2,1,0.3212498128414154,0.03452480968087912,0.02698026798665524,0.023925901949405682,0.021801405027508738,0.020052099321037523,0.014101263694465165,0.009076523222029209,0.0040522010531276464
0624,RoboArm,2,2,0.16085997223854065,0.028495516870170833,0.02431926812976599,0.021919445265084506,0.02010869011282922,0.01870225993916391,0.014080681651830674,0.009240579791367054,0.004260961897671223
0624,RoboArm,2,3,0.09393969178199768,0.025564280021935705,0.022358733341097836,0.02046028595417738,0.019034814164042475,0.017785700317472217,0.013514032214879991,0.009269736148416996,0.004495836095884442
0624,RoboArm,3,0,0.5673977136611938,0.03910307724028826,0.028194081187248244,0.023530742507427933,0.020331155061721805,0.018019226752221576,0.011149118654429913,0.007970408722758301,0.0031295657390728593
0624,RoboArm,3,1,0.25026756525039673,0.027416648585349326,0.02300392083823681,0.020740346834063533,0.01881662078201771,0.017497186642140138,0.012313945125788458,0.008438560366630555,0.0033976775594055653
0624,RoboArm,3,2,0.1089114248752594,0.022819492872804405,0.020158761367201808,0.01855681611225009,0.01744672276079655,0.016452388465404512,0.01230402765795589,0.008607738092541695,0.0035614462103694677
0624,RoboArm,3,3,0.06025506928563118,0.020744818449020385,0.018591713942587376,0.017340516708791255,0.01625944547355175,0.01562551711685955,0.011804617848247293,0.008632864616811276,0.003762363689020276
0629,RoboArm,1,0,0.1326550841331482,0.042937934026122095,0.033575234785676006,0.028529111631214625,0.025014820545911788,0.022637928649783125,0.015383283048868187,0.009927943348884583,0.004946783883497119
0629,RoboArm,1,1,0.058778442442417145,0.032417841255664825,0.027202019356191157,0.024084150101989513,0.022089623138308527,0.020640481356531376,0.01558763235807419,0.010024440661072732,0.005250787129625678
0629,RoboArm,1,2,0.04200026020407677,0.027724119368940595,0.024485198073089125,0.022614583987742663,0.020769479870796206,0.019312505051493633,0.014826080948114394,0.010193978063762191,0.005417824489995837
0629,RoboArm,1,3,0.03691025450825691,0.025485681276768448,0.022865333333611498,0.02067587960511446,0.019393526539206504,0.018444667197763918,0.014429965894669295,0.010077676922082902,0.005625825608149171
0629,RoboArm,2,0,0.12944898009300232,0.036204535253345986,0.028228607326745998,0.024016797579824924,0.02141682766377927,0.01913402834907171,0.012498177122324712,0.008827339857816696,0.003873284556902945
0629,RoboArm,2,1,0.05172247067093849,0.025941995009779933,0.022660247609019284,0.02052475040778518,0.018807052299380306,0.01755310371518135,0.013005949556827545,0.009083405509591103,0.004149035783484578
0629,RoboArm,2,2,0.03037506900727749,0.02227516546845436,0.02059949405491352,0.01890472372993827,0.01751685701310635,0.016419807914644424,0.012455192301422358,0.00912746787071228,0.004337614867836237
0629,RoboArm,2,3,0.02614426426589489,0.021199320536106826,0.018631074726581574,0.017278401888906957,0.01643379382789135,0.015643211267888542,0.012104821950197233,0.00902016330510378,0.004537027329206467
0629,RoboArm,3,0,0.11645516008138657,0.03160766243934631,0.024322354942560215,0.021012859921902417,0.01875251241028309,0.017004291061311953,0.010926980897784235,0.007921455800533295,0.0032688784413039684
0629,RoboArm,3,1,0.0442618690431118,0.02282468300312758,0.019774206727743153,0.017963022198528057,0.016710199341177942,0.015490610618144274,0.011346156243234873,0.008368511125445366,0.0035242389421910048
0629,RoboArm,3,2,0.024744875729084015,0.019652312342077496,0.017929125949740415,0.0166294808126986,0.015454125627875329,0.014652920933440316,0.011083733290433885,0.008318777941167355,0.0036950348876416683
0629,RoboArm,3,3,0.021886304020881653,0.01823786845430732,0.016384235508739953,0.015410591317340731,0.014647821709513665,0.014083055686205622,0.01083825957030058,0.008147683180868628,0.0038285476621240377
0634,RoboArm,1,0,0.27044764161109924,0.08980990767478944,0.06357162788510325,0.05211304053664208,0.04526989236474039,0.03965560812503089,0.025340830907225616,0.015822901576757434,0.006595640908926725
0634,RoboArm,1,1,0.10777188837528229,0.06143816936761142,0.052771250158548354,0.04630141086876392,0.041093229800462754,0.03712543696165081,0.02599092070013285,0.01718110069632531,0.0073427059687674046
0634,RoboArm,1,2,0.06574301421642303,0.04892544325441122,0.04384365238249302,0.040153053775429735,0.036709737330675146,0.034259097464382646,0.025558905676007278,0.018296840414404873,0.008111029863357544
0634,RoboArm,1,3,0.04824672266840935,0.04248998373746872,0.03880203500390053,0.035493267141282564,0.03380187213420868,0.031978822499513615,0.025194258987903596,0.018619203567504895,0.008713232353329659
0634,RoboArm,2,0,0.26233530044555664,0.07518013752996927,0.052372134104371075,0.042810778655111834,0.036199078708887104,0.031840877234935734,0.020761504769325256,0.013481697812676434,0.005156900035217404
0634,RoboArm,2,1,0.10015426576137543,0.049903440773487094,0.0433554455637932,0.03698380269110203,0.03285183072090149,0.02963848179206249,0.021530243009328844,0.014304225705564026,0.005741913337260485
0634,RoboArm,2,2,0.05634419992566109,0.03994695045053959,0.03533640027046204,0.03272029582411052,0.030232459828257566,0.027730272989720084,0.020917184092104437,0.015015001408755786,0.006385264219716191
0634,RoboArm,2,3,0.040483757853507996,0.03535521272569895,0.031200017221271997,0.028751077223569156,0.02755958795547486,0.026380011904984714,0.02023665476590395,0.01531873289495707,0.007049638777971268
0634,RoboArm,3,0,0.26008811593055725,0.06235806845128538,0.045598188862204576,0.03741001058369875,0.031650644689798356,0.02772420607507219,0.01819587778300048,0.012490056641399861,0.004454129375517368
0634,RoboArm,3,1,0.0950891375541687,0.0439908816292882,0.0377499545365572,0.03241426933556795,0.028474815189838413,0.025992384366691098,0.018657066859304905,0.012974722683429722,0.004954206757247448
0634,RoboArm,3,2,0.05239604413509369,0.03423903949558735,0.03123573407530785,0.028760431651026024,0.026367372274398806,0.02431658394634723,0.01835304014384747,0.013419005833566191,0.005566737847402692
0634,RoboArm,3,3,0.03617442399263382,0.030092616006731993,0.027239686138927938,0.025711165890097618,0.024529487714171412,0.023337788879871355,0.017567850276827814,0.013490775972604757,0.006185375619679689
0639,RoboArm,1,0,0.15370433032512665,0.0676806242018938,0.05416218869388105,0.04607650380581622,0.040787263512611395,0.03669550642371178,0.02691922206431628,0.01668455563485625,0.0059325783513486385
0639,RoboArm,1,1,0.06419000774621964,0.045845480710268026,0.04062792241573334,0.037122342698276044,0.034123114794492725,0.03232674784958361,0.025700408220291144,0.018052245676517486,0.006624364759773016
0639,RoboArm,1,2,0.05023229122161865,0.037697403952479364,0.03427041813731194,0.03189716015011072,0.030051708668470387,0.028675536345690485,0.02366541493684054,0.017997330427169802,0.0077164380345493555
0639,RoboArm,1,3,0.041635189205408096,0.03397513121366501,0.03139096520841122,0.029507417790591718,0.028272851034998894,0.027074718102812766,0.021977336890995503,0.01740880906581879,0.008429009467363358
0639,RoboArm,2,0,0.1373763531446457,0.05925998512655497,0.04586140759289265,0.03913352344185114,0.03483611509203912,0.032125373184680936,0.022849265299737458,0.013730267062783248,0.004756338894367218
0639,RoboArm,2,1,0.0583079494535923,0.03943828333169222,0.03495016470551491,0.03177950527518988,0.029333736598491676,0.02742151906713841,0.021878609992563733,0.015177470259368421,0.005351173924282193
0639,RoboArm,2,2,0.04506747052073479,0.03272245913743973,0.029669212475419048,0.02782099464908242,0.02600912794470787,0.024578366987407205,0.020111670903861525,0.015131073817610743,0.006220827344805002
0639,RoboArm,2,3,0.03719469904899597,0.02978832585737109,0.02721910685300827,0.025651671160012487,0.024395219162106515,0.023405813053250308,0.018624528497457507,0.01462377980351448,0.0068897882010787725
0639,RoboArm,3,0,0.1373763531446457,0.052625884711742434,0.040579840540885925,0.03557338412851095,0.031816884875297546,0.029013852495700085,0.02043272368609906,0.01225794106721878,0.0041480902582407
0639,RoboArm,3,1,0.05707414448261261,0.036423816345632076,0.03179401077330112,0.028505812752991917,0.02635986536741257,0.02463486632332205,0.01944701857864857,0.01357558369636536,0.004705006722360849
0639,RoboArm,3,2,0.042125798761844635,0.0299338529445231,0.027326843440532687,0.025359504427760842,0.02359341382980347,0.022233395650982854,0.017830358631908894,0.013487330265343192,0.005409738514572382
0639,RoboArm,3,3,0.03439337760210037,0.027615892123430966,0.024872172698378565,0.023392895013093953,0.022228529006242753,0.02118525737896558,0.01654970031231642,0.013069110549986366,0.006015914957970381
0644,RoboArm,1,0,0.17246752977371216,0.056315715610981004,0.04443195171654225,0.03808814838528633,0.033330646604299546,0.029647828172892274,0.02033697683364153,0.013803894631564617,0.005703185219317675
0644,RoboArm,1,1,0.06806696951389313,0.04090566731989384,0.03524213247001172,0.031642775982618346,0.02891573712229729,0.026612830534577355,0.020371839404106144,0.014195151627063755,0.006108939414843917
0644,RoboArm,1,2,0.04128656163811684,0.034168350882828234,0.03073482308536768,0.02825438763946295,0.026430303007364275,0.024839733634144046,0.02007986642420292,0.014076178148388864,0.006555848754942417
0644,RoboArm,1,3,0.0350930355489254,0.0299875021353364,0.02808434173464775,0.026419834159314634,0.025181160718202596,0.024042501207441083,0.019508960098028185,0.013858877122402191,0.006932924734428525
0644,RoboArm,2,0,0.1170211136341095,0.04918371204286815,0.03842881694436074,0.03195786185562611,0.028397753313183786,0.02536286413669586,0.01749864481389523,0.012113901786506176,0.004368261666968465
0644,RoboArm,2,1,0.058836679905653,0.03510632172226906,0.030291395485401156,0.026960873063653707,0.024824104532599464,0.02292802324518556,0.017603758908808234,0.012383670546114448,0.004787695361301303
0644,RoboArm,2,2,0.036208901554346085,0.029657835178077224,0.026742583326995376,0.024442291874438537,0.022675781771540643,0.021274075470864767,0.01736119966953993,0.01219619680196047,0.005179737228900194
0644,RoboArm,2,3,0.03142312541604042,0.026008364707231522,0.024513305127620698,0.022938558291643863,0.021693922355771066,0.020770054403692464,0.01678479462862015,0.011896984465420249,0.0055865696631371975
0644,RoboArm,3,0,0.1170211136341095,0.04542200911790135,0.034794906303286556,0.02925212027505041,0.025619381144642836,0.023069422878324974,0.01630162987858057,0.011064680851995945,0.0037631657905876637
0644,RoboArm,3,1,0.05477139726281166,0.03290988683700562,0.027842435576021674,0.024766064845025543,0.022726441025733953,0.02098435182124374,0.01625613365322352,0.011330426670610905,0.004109930479899049
0644,RoboArm,3,2,0.03414221480488777,0.027412942443042994,0.02453277602791786,0.022617017142474653,0.021079173088073735,0.019697444327175618,0.016001733392477038,0.011100332997739321,0.0044990964233875275
0644,RoboArm,3,3,0.029737617820501328,0.024254001285880806,0.022629517018795012,0.021244121249765158,0.020096919909119607,0.01923953108489513,0.015482876822352415,0.010827595926821235,0.004904669942334294
0649,RoboArm,1,0,0.30120691657066345,0.0930670826137066,0.06411709219217301,0.0532733077183366,0.04558327957987786,0.04072182085365053,0.027006310038268578,0.01651834473013878,0.006451044464483857
0649,RoboArm,1,1,0.15683862566947937,0.07032055765390396,0.05527463793754578,0.04576152674853802,0.03989641070365906,0.036657271347939835,0.026959566771984113,0.01857473812997341,0.007031643996015191
0649,RoboArm,1,2,0.0889250785112381,0.05646473914384842,0.04933092363178731,0.04165984656661749,0.03703213542699814,0.033472989499568936,0.026178680174052716,0.019390399381518368,0.007739567663520575
0649,RoboArm,1,3,0.06373218446969986,0.048115964606404306,0.04326632127165794,0.03926263254135847,0.03549318596720696,0.032631270773708795,0.025591465085744877,0.019351301342248932,0.008227690123021603
0649,RoboArm,2,0,0.29511845111846924,0.07369403406977658,0.05082885421812535,0.041690005622804185,0.036180418729782116,0.032486231252551075,0.022180576808750636,0.014034642837941647,0.004914051154628396
0649,RoboArm,2,1,0.13411904871463776,0.05898002035915852,0.04428956672549248,0.036326535455882554,0.031890691816806795,0.029301209934055775,0.022043308056890965,0.01553357355296612,0.0053911719005554914
0649,RoboArm,2,2,0.0802622064948082,0.046638662144541744,0.0402984331548214,0.034092407226562524,0.030118616521358492,0.02712807953357695,0.021243171207606805,0.016154891252517706,0.006035508122295141
0649,RoboArm,2,3,0.05686436593532562,0.03920497238636017,0.0354136472940445,0.03198968246579171,0.029104392826557163,0.026935967896133648,0.020793126523494732,0.015871349349617963,0.006561100482940674
0649,RoboArm,3,0,0.29511845111846924,0.062051257416605964,0.04447104871273043,0.037553729936480526,0.03221680015325547,0.02898215986788272,0.019532791897654535,0.012977099791169183,0.004172226646915078
0649,RoboArm,3,1,0.11072291433811188,0.05093763995915651,0.03898918703198436,0.03170534562319517,0.028390756174921993,0.02606469886377454,0.019632896780967714,0.01401664782315493,0.004588518058881164
0649,RoboArm,3,2,0.07221696525812149,0.04051248040050269,0.03415634870529175,0.029632832817733292,0.026422544047236443,0.024148302339017387,0.019118544831871986,0.014625465869903565,0.005149851553142071
0649,RoboArm,3,3,0.05186810344457626,0.03434319984167814,0.03035508703440428,0.027650906424969438,0.025291642323136333,0.023536740522831664,0.018769727461040022,0.01442360077053309,0.005642391508445144
0654,RoboArm,1,0,0.7753434777259827,0.054808854907751094,0.041361302584409745,0.034228261373937155,0.02985900193452835,0.026545224618166677,0.018783774226903915,0.012052859552204613,0.005165304988622665
0654,RoboArm,1,1,0.4852589964866638,0.042952127195894724,0.03482745923101902,0.030442631449550395,0.02729208715260029,0.02496825084090229,0.018893154151737698,0.012794353440403939,0.005529714515432715
0654,RoboArm,1,2,0.27075836062431335,0.03698693286627531,0.030943339243531227,0.028006234169006352,0.02613195307552815,0.024283662065863604,0.018848344124853613,0.012982112541794776,0.005754581885412335
0654,RoboArm,1,3,0.17647136747837067,0.03430004198104143,0.029358957521617414,0.02662750776857138,0.024673623442649846,0.023315552808344363,0.01852738279849291,0.013123859278857708,0.006048510782420635
0654,RoboArm,2,0,0.7100562453269958,0.04433475837111474,0.03377818010747433,0.028218786437064422,0.024689797610044487,0.021776465419679866,0.015780686959624302,0.009827137179672731,0.003980372799560428
0654,RoboArm,2,1,0.4543818533420563,0.033402222059667114,0.027662289440631867,0.024452430307865154,0.022380526214838027,0.020821943692862967,0.016223248094320297,0.010555349662899985,0.0042745135724544525
0654,RoboArm,2,2,0.25525909662246704,0.028241637349128726,0.024475479759275914,0.02237638391554356,0.020870521068572997,0.019791392423212525,0.016001809015870096,0.010856145806610587,0.00450392602942884
0654,RoboArm,2,3,0.16736535727977753,0.02710542721673847,0.023360969088971617,0.021166323199868203,0.01954250954091549,0.01867499649524688,0.01571567673236132,0.011075243353843694,0.0047927540726959705
0654,RoboArm,3,0,0.6872004866600037,0.0397047083452344,0.02923114251345396,0.02471973204985261,0.021426315531134606,0.019569652155041695,0.014703683182597165,0.008951214142143726,0.0033540765289217234
0654,RoboArm,3,1,0.4334755539894104,0.028380227182060482,0.023664975911378863,0.021256223302334547,0.019581949412822725,0.01849066726863383,0.01481809802353382,0.009530450031161309,0.0036520635476335883
0654,RoboArm,3,2,0.24338629841804504,0.023893234189599752,0.020991051569581032,0.01932606024667621,0.018440881446003914,0.017706167139112935,0.014386678300797942,0.009764086082577707,0.003875161288306117
0654,RoboArm,3,3,0.15965847671031952,0.022818214371800427,0.019828980974853038,0.01843751695007086,0.017433739677071576,0.016691487748175835,0.014128078892827037,0.009937921725213529,0.004121587844565511
0659,RoboArm,1,0,0.2679026126861572,0.045532536879181865,0.036381406411528594,0.03157094731926919,0.02765687592327596,0.024949423503130667,0.016838738322257997,0.010136110521852973,0.0049847939517349005
0659,RoboArm,1,1,0.0762130543589592,0.03369568768888712,0.029098393209278588,0.026122220605611802,0.024162235483527184,0.022609159816056483,0.017183325625956064,0.010720535553991795,0.0053249981720000505
0659,RoboArm,1,2,0.0369785837829113,0.02878253111615777,0.02645734153687954,0.02445192875340581,0.022636123970150957,0.02113375347107648,0.016732959076762203,0.010982349701225759,0.005532381357625127
0659,RoboArm,1,3,0.030860329046845436,0.026762789729982615,0.02494454402476549,0.022691796869039542,0.02128738045692444,0.020170788280665868,0.016494873352348807,0.011007401533424856,0.0057650471571832895
0659,RoboArm,2,0,0.14907771348953247,0.03749835789203645,0.030551007464528084,0.02632914070039988,0.023105001598596582,0.020541854482144118,0.013935066480189575,0.00865576099604369,0.003925533266738057
0659,RoboArm,2,1,0.04773944988846779,0.027532432563602924,0.023744204156100752,0.02144282810389996,0.020179472863674167,0.019057905208319403,0.01448070202022791,0.009219112806022169,0.0042003055568784475
0659,RoboArm,2,2,0.03299069032073021,0.02331077052280307,0.02126031033694744,0.019800993781536817,0.018648009449243545,0.0176095481030643,0.014012351818382743,0.009317460283637051,0.004403278464451432
0659,RoboArm,2,3,0.027325110509991646,0.021261026449501515,0.019288872443139555,0.01835839530453086,0.017612842991948128,0.01698878817260265,0.013472732249647382,0.009152605012059212,0.004577432060614228
0659,RoboArm,3,0,0.11456888914108276,0.033750329911708836,0.027137113250792034,0.02329333804547787,0.02027605950832367,0.0183475445024669,0.012323758937418463,0.008140220865607268,0.003334463690407574
0659,RoboArm,3,1,0.043582405894994736,0.02423136459663511,0.02104449667036534,0.01936252059414983,0.018158362805843355,0.01696075368672608,0.012909647263586524,0.008467154577374469,0.0036064269952476025
0659,RoboArm,3,2,0.03043273463845253,0.020692421197891237,0.018994576558470727,0.017805872894823552,0.01676832400262356,0.015966473892331114,0.012396313436329366,0.008487225696444512,0.003796433680690825
0659,RoboArm,3,3,0.025255393236875534,0.018857261277735234,0.01743711102753878,0.016490168068557978,0.015799752473831176,0.015350860683247447,0.012025602348148827,0.00832495801150799,0.003958862507715821
0664,RoboArm,1,0,0.4365527331829071,0.0592386205866933,0.04222332693636418,0.03453192103654147,0.029553448781371117,0.026128845755010816,0.018099733628332625,0.012073702923953539,0.00575617584399879
0664,RoboArm,1,1,0.16064174473285675,0.045924402698874475,0.03415132120251656,0.028457444999366997,0.025785355344414715,0.023713333625346413,0.018330521695315842,0.012507387623190883,0.006180768832564354
0664,RoboArm,1,2,0.09046950936317444,0.04119434516876937,0.030300659462809576,0.024907432775944472,0.023090747147798543,0.02189446296542882,0.017517225630581383,0.012575877457857135,0.006439319113269448
0664,RoboArm,1,3,0.06274236738681793,0.03946568280458451,0.029713143222034003,0.023477928563952446,0.021697639673948294,0.020550890546292055,0.017009745910763742,0.012501521036028864,0.0067338047083467245
0664,RoboArm,2,0,0.4365527331829071,0.04726422015577556,0.033453287407755855,0.02791812965646387,0.024387119337916374,0.02200845452025531,0.015053493622690444,0.01042762827128172,0.004525843542069197
0664,RoboArm,2,1,0.158744677901268,0.035078797265887265,0.02639435589313507,0.022809118926525117,0.02099314726889134,0.01953283669427036,0.015124228596687318,0.010794284194707876,0.0048681136686354876
0664,RoboArm,2,2,0.08594533801078796,0.03275044478476048,0.02406313098967076,0.02059780342504382,0.019112561270594602,0.01803503166884184,0.014402182307094337,0.010746574588119985,0.00511490018106997
0664,RoboArm,2,3,0.05584808066487312,0.032096384651958944,0.023931592293083687,0.01948137765750289,0.01824206590652466,0.017086251173168403,0.013768923096358777,0.010532413050532343,0.005443611182272434
0664,RoboArm,3,0,0.4365527331829071,0.040255491249263295,0.02931135918945075,0.024622418172657493,0.021922331303358078,0.01956760883331299,0.013489343691617252,0.009641053155064585,0.0037706014700233936
0664,RoboArm,3,1,0.15295012295246124,0.02984495580196381,0.023001029863953595,0.02040034079924226,0.018679639622569084,0.01726569756865501,0.01348597537726164,0.01008198093622923,0.004103712271898985
0664,RoboArm,3,2,0.07882194966077805,0.028767934832721956,0.021259519644081598,0.01860976418480277,0.017184182927012445,0.016116979625076053,0.012895793747156863,0.00992458313703537,0.0043286774307489395
0664,RoboArm,3,3,0.05052555724978447,0.028013829234987502,0.020556757003068936,0.017463399376720194,0.01626405067741871,0.0154271236155182,0.012358949519693851,0.00965073760598898,0.004646320827305317
0669,RoboArm,1,0,0.14359085261821747,0.04580575548112392,0.03552149757742882,0.030275834985077382,0.02722032576799393,0.024418181087821594,0.01695339810103178,0.010991995036602023,0.005672377999871969
0669,RoboArm,1,1,0.06183921545743942,0.0327040021494031,0.027401294261217124,0.02490639476105571,0.023256696090102197,0.02188136326149106,0.01715022176504135,0.011340734548866754,0.006012931000441313
0669,RoboArm,1,2,0.03871944174170494,0.028687537331134084,0.024691821150481706,0.022715084180235864,0.021318247094750407,0.020164556987583637,0.01651803888380528,0.011646888032555584,0.006171543849632144
0669,RoboArm,1,3,0.03045940399169922,0.025027785524725916,0.022779439128935337,0.021429002620279792,0.020357374250888825,0.019228928536176682,0.01615288890898228,0.011763203702867032,0.006318708183243871
0669,RoboArm,2,0,0.1419483721256256,0.03698131725192072,0.02988472379744053,0.025521797351539137,0.02247661910951138,0.020295830164104682,0.01407743338495493,0.009302790090441708,0.004273127531632781
0669,RoboArm,2,1,0.05594438686966896,0.025770304277539256,0.022909613437950616,0.020938397459685804,0.019444383904337885,0.018299843557178945,0.014227491430938247,0.009630296565592293,0.004536415217444301
0669,RoboArm,2,2,0.03211536258459091,0.022605788093060256,0.020738727226853375,0.019434793759137394,0.018175790905952456,0.017209674883633848,0.013761667162179948,0.009604087658226493,0.00473678600974381
0669,RoboArm,2,3,0.0237100999802351,0.02027262330055237,0.019049446992576123,0.018033898435533047,0.017078157886862757,0.01649600341916084,0.013543859962373972,0.009659716114401818,0.0048752338625490665
0669,RoboArm,3,0,0.1419483721256256,0.0336317939683795,0.026535779051482685,0.022332689855247743,0.019699194431304932,0.01791748758405446,0.012443793751299382,0.008560887910425665,0.003536321106366813
0669,RoboArm,3,1,0.0519055500626564,0.023078822661191233,0.020301286578178406,0.018374109771102667,0.017289223819971087,0.01643396578729152,0.01276249857619405,0.008784617483615875,0.003819847828708589
0669,RoboArm,3,2,0.030895978212356567,0.019886426217854025,0.01820159811526537,0.017204483784735203,0.016264105886220934,0.015557864774018505,0.012279494386166335,0.008758808486163616,0.003994921455159783
0669,RoboArm,3,3,0.022184744477272034,0.017851806916296484,0.01681873995810747,0.016008530519902708,0.015366264432668687,0.014759538602083917,0.011986733041703711,0.00872150007635355,0.004157957620918751
0674,RoboArm,1,0,0.21696169674396515,0.03972517464309931,0.03170311972498895,0.027315906044095756,0.024209962412714957,0.021713800728321065,0.015033203922212125,0.009356633573770524,0.0049340922851115465
0674,RoboArm,1,1,0.0551251582801342,0.02842338802292944,0.02495303463190794,0.0227854528836906,0.021148340329527855,0.019766484387218935,0.015357706975191836,0.00963094532489777,0.005200833547860384
0674,RoboArm,1,2,0.03751201182603836,0.02474638566374779,0.02251545663923025,0.021040798742324122,0.01987921699881554,0.018806713353842496,0.01483244225382805,0.00986059717833996,0.005345149431377649
0674,RoboArm,1,3,0.03142509236931801,0.023373844623565676,0.02105824448168278,0.01954605458304286,0.018660251870751383,0.017926225531846272,0.014486117009073499,0.00978216901421547,0.005501976003870368
0674,RoboArm,2,0,0.10254989564418793,0.035481827519834044,0.0278899958729744,0.02400492684915662,0.02098516814410687,0.01884859995916485,0.01283620344474912,0.008183876052498817,0.0037911550607532263
0674,RoboArm,2,1,0.046790607273578644,0.024047573581337932,0.021384146288037302,0.01981891578063369,0.018559252247214317,0.017547243367880574,0.013456903304904701,0.008621493354439735,0.004111875779926777
0674,RoboArm,2,2,0.03222418576478958,0.020822780039161447,0.019190948344767093,0.017994143646210433,0.017178967744112015,0.016332367900758978,0.012925375718623401,0.008727020770311355,0.004275482380762696
0674,RoboArm,2,3,0.02662479504942894,0.019646351113915442,0.018141727782785895,0.01706164810806513,0.016269266530871396,0.015542625915259121,0.012346914783120156,0.008588876575231554,0.004437157651409507
0674,RoboArm,3,0,0.10254989564418793,0.031087620444595815,0.024746670052409173,0.021163653917610648,0.018847595229744912,0.017228925600647926,0.011500960402190686,0.0075590864755213285,0.0032665368635207415
0674,RoboArm,3,1,0.0437312088906765,0.02169539529830218,0.019271163009107115,0.017711271625012164,0.016593994200229646,0.015575727587565744,0.012020818796008826,0.008023823983967305,0.003515753778629005
0674,RoboArm,3,2,0.029501060023903847,0.018442043997347356,0.017129081375896932,0.016366663761436938,0.015592414475977421,0.014856796944513915,0.011734105274081232,0.007976380735635759,0.003715562983416021
0674,RoboArm,3,3,0.02449077181518078,0.017276574075222016,0.016383859366178512,0.01559293025173247,0.014949797317385674,0.014204216189682482,0.011170227546244863,0.007882902212440968,0.003828012151643634
0679,RoboArm,1,0,0.7385431528091431,0.21725918963551524,0.1242766398191452,0.09312189288437367,0.07341955780982973,0.0621739702299237,0.03667193055152894,0.02107585743069649,0.008270295802503824
0679,RoboArm,1,1,0.6370581984519958,0.19356417179107682,0.09727642625570297,0.07438029654324056,0.0631773239374161,0.055779013223946065,0.03790054358541965,0.023490605875849727,0.009072072803974152
0679,RoboArm,1,2,0.5429773330688477,0.20298362106084833,0.09493375629186634,0.0673726697266102,0.05703789547085763,0.05043947268277396,0.03669980727136135,0.025390585139393813,0.009605483617633581
0679,RoboArm,1,3,0.43891483545303345,0.20845048382878312,0.10505150884389877,0.06874292738735681,0.05706349700689316,0.049272377602756,0.03599334582686426,0.025805337727069857,0.009728771634399891
0679,RoboArm,2,0,0.6568260192871094,0.16170338228344933,0.09021080106496818,0.06804397538304334,0.05417515218257904,0.04608753863722083,0.02949314881116152,0.016579210758209235,0.0060845979023724794
0679,RoboArm,2,1,0.5471519827842712,0.1414106857776642,0.07055290296673779,0.054762809462845334,0.046357668936252594,0.041825382225215396,0.029579301737248907,0.018888432905077936,0.007014097645878792
0679,RoboArm,2,2,0.45669829845428467,0.1539409469068051,0.07219457760453227,0.04910352844744922,0.04169835895299912,0.037788134254515146,0.028565428033471126,0.019868903607130055,0.007852740585803986
0679,RoboArm,2,3,0.3638167679309845,0.16333156883716587,0.08493334040045739,0.05241847708821297,0.042468467652797715,0.03667333442717786,0.028350122086703785,0.01963055245578289,0.00805562362074852
0679,RoboArm,3,0,0.5547862648963928,0.13720138341188431,0.0740403299033642,0.05393177434802057,0.044320829659700405,0.03847183678299187,0.025426275283098227,0.014669956453144554,0.0052634847816079855
0679,RoboArm,3,1,0.48481494188308716,0.11801353551447397,0.05905074685811997,0.045839818045496944,0.03930186435580254,0.03531863559037446,0.02513664346188307,0.016156250610947616,0.005977786844596267
0679,RoboArm,3,2,0.3748822510242462,0.1280520981550217,0.06088718526065356,0.041095639988780026,0.03584879219532013,0.032668648101389405,0.024591824971139434,0.017015390098094944,0.006783297751098871
0679,RoboArm,3,3,0.2953036427497864,0.13198677703738218,0.07095821082592015,0.04353613797575236,0.035124049335718166,0.03161562085151671,0.0244875192642212,0.0166955802589655,0.006999979028478265
0684,RoboArm,1,0,0.266527384519577,0.07495246052742005,0.058738707005977636,0.049999119415879256,0.044126013666391385,0.039283161982893874,0.02670837938785553,0.017516356706619274,0.006630543153733015
0684,RoboArm,1,1,0.09639837592840195,0.0530349250510335,0.046535719856619834,0.04210401974618435,0.0383180421590805,0.035583853721618604,0.026148463599383838,0.018332542851567272,0.007275470299646258
0684,RoboArm,1,2,0.052574869245290756,0.043862558491528036,0.0398663605004549,0.036810761019587517,0.03414994671940804,0.03232357222586868,0.025465151667594912,0.018557532504200936,0.008170561399310827
0684,RoboArm,1,3,0.0474383682012558,0.038874055966734884,0.03634143471717834,0.03417211156338453,0.03202365159988404,0.030108493193984006,0.024598512053489684,0.018303247541189203,0.008577060420066118
0684,RoboArm,2,0,0.2398044317960739,0.06182481870055201,0.048381982445716856,0.04079193200916052,0.035482479333877576,0.031782530248165124,0.022585054673254498,0.014402854442596438,0.005409563891589642
0684,RoboArm,2,1,0.0731586366891861,0.042529308572411544,0.0377358715236187,0.034147952869534495,0.031194153279066092,0.028649068996310204,0.021346436068415645,0.015411715954542162,0.006010797340422869
0684,RoboArm,2,2,0.04620466008782387,0.03610009629279375,0.03264416627585888,0.029816706180572514,0.02765094675123692,0.02595873400568962,0.020574701763689522,0.015554106794297697,0.006609802367165685
0684,RoboArm,2,3,0.040472693741321564,0.03213882733136415,0.029971742741763594,0.027649493850767613,0.02571569971740246,0.024330180976539842,0.019656536914408208,0.015314045175909997,0.007025920553132892
0684,RoboArm,3,0,0.2398044317960739,0.053485918007791046,0.04306890815496445,0.03641865063458683,0.03184717088937761,0.028271830640733225,0.020128492824733276,0.012972291186451917,0.004613688215613365
0684,RoboArm,3,1,0.07260910421609879,0.03748217079788447,0.03329035088419914,0.030297473669052128,0.027594418451189998,0.02531055798754094,0.018896733596920973,0.013788578100502491,0.005329818231984973
0684,RoboArm,3,2,0.04233109951019287,0.032164245657622825,0.028732720576226712,0.0265389296784997,0.024685299918055542,0.022932144440710518,0.017999555356800555,0.013881780952215195,0.005935311084613204
0684,RoboArm,3,3,0.03662499785423279,0.029072374943643807,0.026730797551572323,0.024452924057841302,0.02273478716611862,0.02160833822563289,0.0173326849937439,0.013568161427974703,0.0063112040515989065
0689,RoboArm,1,0,0.215122789144516,0.07976222656667234,0.06181397899985314,0.05102698724716902,0.0453133325278759,0.04070668555796141,0.027763018012046822,0.018167734146118168,0.006264259340241551
0689,RoboArm,1,1,0.08605934679508209,0.05110035631805659,0.045776625350117686,0.04193684231489898,0.038590606749057774,0.035824858769774405,0.027091284468770033,0.019352849945425996,0.00725969672203064
0689,RoboArm,1,2,0.052670881152153015,0.04182137973606587,0.038753898665308956,0.03623509574681521,0.03441696986556053,0.032309297285974,0.02576098181307316,0.019262957572937014,0.008352783508598804
0689,RoboArm,1,3,0.044715411961078644,0.038190967477858065,0.035851190909743307,0.03398588940501214,0.03223071783781052,0.030757579114288086,0.02396485637873413,0.018564278632402422,0.009080346673727036
0689,RoboArm,2,0,0.215122789144516,0.06748441994190221,0.050124029591679574,0.04327654995024205,0.03709086552262309,0.03315974660217761,0.02331257611513139,0.015029324963688858,0.004929083399474621
0689,RoboArm,2,1,0.07186738401651382,0.04396243430674076,0.03868362613022328,0.035417182594537744,0.03210209533572197,0.02955886870622634,0.022424979135394103,0.0164247389882803,0.005659829825162888
0689,RoboArm,2,2,0.04690051078796387,0.036328944340348245,0.033079390078783036,0.030659783910959967,0.028613696247339258,0.027121931873261916,0.020946428924798973,0.016146478056907665,0.006715997355058789
0689,RoboArm,2,3,0.0391465462744236,0.032920959219336514,0.030852466374635696,0.02924775114282966,0.0277085530012846,0.025790620502084492,0.019602937251329423,0.015588333271443846,0.007302992744371295
0689,RoboArm,3,0,0.215122789144516,0.05859918694943191,0.04597384177148343,0.03718095015734434,0.03271132782101632,0.029697236418724057,0.02079075574874878,0.013569646328687677,0.004323117434978485
0689,RoboArm,3,1,0.0674685537815094,0.04058406557887793,0.035047275200486186,0.03156678766012192,0.028460421338677405,0.026146237272769206,0.020106803439557563,0.014607503078877928,0.004904110683128238
0689,RoboArm,3,2,0.0439186654984951,0.03349202901124955,0.03049074564129114,0.02810507778078318,0.025877188965678217,0.02431915933266281,0.018495199084281926,0.014453909918665889,0.005809121066704392
0689,RoboArm,3,3,0.036153413355350494,0.030675398502498865,0.028696898184716702,0.02682640250772238,0.02524452030658723,0.023262558691203562,0.01726514603942633,0.01396484524011612,0.006403964478522539
0694,RoboArm,1,0,0.17391805350780487,0.07106129825115204,0.05360337607562545,0.04403341691941024,0.03767843201756478,0.03314776327461004,0.022685363329946997,0.015506977587938309,0.005842125276103616
0694,RoboArm,1,1,0.07966511696577072,0.0503245247527957,0.043191470429301264,0.03793974105268717,0.03384008273482323,0.030465190298855263,0.02240647971630097,0.016301153600215914,0.006358751328662038
0694,RoboArm,1,2,0.05404983460903168,0.04135605558753014,0.03705395460128784,0.033207655474543574,0.030405275002121927,0.02792395083233711,0.021686002984642985,0.016426252573728563,0.007029176689684391
0694,RoboArm,1,3,0.04867875203490257,0.036491249911487104,0.03346618533134461,0.031455976217985154,0.02938643574714662,0.027325813379138697,0.02043706960976124,0.016284018009901053,0.007460461929440498
0694,RoboArm,2,0,0.1574425995349884,0.06304910778999329,0.04561152718961239,0.03701118789613248,0.03167767211794854,0.027918313443660654,0.01930949781090022,0.01319076493382454,0.004579706583172083
0694,RoboArm,2,1,0.06425965577363968,0.04326150923967362,0.03664022512733937,0.0314076890051365,0.027779704704880715,0.0250556945800781,0.019058745354413997,0.014126717485487461,0.005049397237598896
0694,RoboArm,2,2,0.048019688576459885,0.035918186977505685,0.03161711730062962,0.02822015270590783,0.02544745773077011,0.023380289971828436,0.01838509645313025,0.014215784147381786,0.005624443758279085
0694,RoboArm,2,3,0.043562572449445724,0.03169658061116934,0.02890102293342352,0.027072068862617017,0.025087607577443126,0.022890098672360176,0.017195617221295836,0.013950156234204772,0.00607882090844214
0694,RoboArm,3,0,0.14448869228363037,0.0576250102370978,0.04054893299937249,0.032698571011424066,0.027964330017566694,0.024965486582368593,0.017238862812519073,0.011652274057269102,0.003939358051866293
0694,RoboArm,3,1,0.06099927797913551,0.038946753740310674,0.032039545327425006,0.027706631515175106,0.024649777486920356,0.022639654111117118,0.017126666940748693,0.01271749250590802,0.0043711913749575615
0694,RoboArm,3,2,0.04522702097892761,0.032718088850378996,0.027921109013259414,0.02497354090213776,0.023060287684202197,0.020874341577291414,0.016444117575883866,0.012768745049834255,0.004940996412187815
0694,RoboArm,3,3,0.039945103228092194,0.02885864330455661,0.02638488993048668,0.024411940705031162,0.0225429005920887,0.02029168233275413,0.015540341380983591,0.012551623210310938,0.005362311145290732
0699,RoboArm,1,0,0.13780160248279572,0.059764056093990804,0.048257551565766346,0.04190404333174229,0.037345644831657414,0.03322993777692317,0.022504513151943684,0.01611709259450437,0.006077442318201065
0699,RoboArm,1,1,0.06910834461450577,0.0436020465195179,0.03812723115086556,0.03421426583081485,0.030919759720563895,0.028529304545372718,0.02219846118241549,0.01665525510907173,0.006548787467181683
0699,RoboArm,1,2,0.04491167515516281,0.03604603197425604,0.03255410984158516,0.02949633499607444,0.02763151288032532,0.026205812022089957,0.021533112041652206,0.01677792631089688,0.007002371596172452
0699,RoboArm,1,3,0.03617975488305092,0.03183761019259691,0.029531550742685795,0.02754409343004227,0.02593266122043133,0.024811557959765168,0.021060951426625254,0.016611126065254226,0.007377335336059332
0699,RoboArm,2,0,0.13780160248279572,0.05296413645148278,0.04263851791620255,0.03639393992722035,0.03169543445110322,0.028155354689806695,0.019457942061126235,0.014160267263650895,0.004713535541668534
0699,RoboArm,2,1,0.06322667747735977,0.03807877719402313,0.03260591447353363,0.028820519223809245,0.026209528520703327,0.024515946768224228,0.01917577311396599,0.014749179966747763,0.005114467581734061
0699,RoboArm,2,2,0.04093368723988533,0.032122056037187575,0.028310856483876705,0.025620519313961268,0.023662467375397685,0.02229510275647044,0.01864381432533264,0.014872803539037709,0.0056104278191924095
0699,RoboArm,2,3,0.032758988440036774,0.028303273413330318,0.02623576927930117,0.024453134983778005,0.022810450941324233,0.021505113132297964,0.017802592925727372,0.014652820117771631,0.006023271009325981
0699,RoboArm,3,0,0.13780160248279572,0.04905109338462353,0.03910874709486962,0.033881365992128855,0.028575063049793258,0.025363491848111135,0.017801740393042567,0.012874486856162548,0.003973291954025626
0699,RoboArm,3,1,0.06288810819387436,0.03565232701599598,0.029801446311175823,0.02618466224521399,0.02378481537103653,0.022133911959826936,0.017492591775953772,0.01348170191049576,0.004411951173096895
0699,RoboArm,3,2,0.039504524320364,0.029845501873642207,0.025973930172622204,0.023493266534060243,0.02152479469776154,0.02018361445516347,0.01687413789331913,0.013612792827188974,0.00491415592841804
0699,RoboArm,3,3,0.03068365342915058,0.026236125864088536,0.024092063866555692,0.022426998298615216,0.020933879017829896,0.01965581141412257,0.01607136093080044,0.013341418467462065,0.005315664689987898
0704,RoboArm,1,0,0.22735348343849182,0.08024096451699735,0.0576906978338957,0.04712468434125185,0.040259336680173875,0.03559715375304222,0.0234873840585351,0.016667459160089496,0.006285099778324366
0704,RoboArm,1,1,0.10960612446069717,0.05558407194912434,0.04735798195004464,0.04083358250558376,0.036660849750041975,0.033218208514153955,0.02347356509417296,0.017525995150208477,0.006918377475813031
0704,RoboArm,1,2,0.06423850357532501,0.04511930592358113,0.0396625916659832,0.03568401914089918,0.0326662515103817,0.030400392785668365,0.02338099628686906,0.018072076141834266,0.007528768153861165
0704,RoboArm,1,3,0.04666534438729286,0.03881376806646586,0.034893171191215516,0.0328103592991829,0.030518792495131494,0.02896293932572006,0.02301299273967743,0.01785095073282719,0.008014156948775053
0704,RoboArm,2,0,0.20674635469913483,0.06595088928937913,0.048892350494861604,0.040156044848263274,0.03391110122203827,0.02993786334991454,0.020546499639749527,0.014440809376537805,0.004821976646780968
0704,RoboArm,2,1,0.09793671220541,0.04841616254299879,0.039854909330606474,0.034278291128575805,0.03027409002184868,0.027127887401729816,0.020381014980375766,0.015500279515981676,0.0053344955667853355
0704,RoboArm,2,2,0.057099465280771255,0.038375800997018816,0.03407139807939529,0.03021426394581796,0.02718768373131752,0.02502862773835658,0.01989812180399895,0.015669784694910063,0.00598719553090632
0704,RoboArm,2,3,0.04226373881101608,0.03292878068983555,0.03013944022357464,0.027925599124282604,0.026033237949013716,0.024396342877298586,0.019395211525261403,0.015534028783440592,0.006499990588054061
0704,RoboArm,3,0,0.18824484944343567,0.05953202769160271,0.0442771177738905,0.03523555599153042,0.030280941426754,0.02671937532722945,0.018967822566628465,0.01301715336740017,0.004122124752029777
0704,RoboArm,3,1,0.08702430874109268,0.04217570565640926,0.03532921820878983,0.03014585860073567,0.026421150490641598,0.023754099383950227,0.018619554489850997,0.014224188774824143,0.004555634222924709
0704,RoboArm,3,2,0.05142619088292122,0.034499960280954846,0.030558219738304616,0.026744316928088666,0.023867583572864535,0.022015164699405426,0.018000159598886966,0.014245050959289076,0.005136619322001934
0704,RoboArm,3,3,0.03868631646037102,0.029533112011849882,0.027253048196434974,0.02502389565110207,0.02311682961881162,0.021554775070399046,0.017242361232638358,0.014043733291327954,0.005693722516298294
0709,RoboArm,1,0,0.5135887265205383,0.1154844054579735,0.08292469874024391,0.06655534319579602,0.0546747247874737,0.048079808801412556,0.030082904361188413,0.01868899203836919,0.006978900404646993
0709,RoboArm,1,1,0.4267434775829315,0.08848039723932746,0.06641208529472355,0.05708252802491189,0.05022333607077599,0.045624873600900145,0.030322832614183455,0.02002423889935017,0.007603707956150174
0709,RoboArm,1,2,0.30713844299316406,0.08461515679955484,0.05859956726431847,0.052025202251970784,0.04721238687634469,0.04340934734791514,0.029920406267046933,0.019830993562936793,0.008322435896843672
0709,RoboArm,1,3,0.21976768970489502,0.08685492753982546,0.05790758669376373,0.04944242469966412,0.04535880565643311,0.04216248132288451,0.02827791739255191,0.01953088939189911,0.008764449506998062
0709,RoboArm,2,0,0.48197850584983826,0.08788536325097086,0.0615043489634991,0.04980459809303284,0.041994759291410465,0.0362209627404809,0.02525619175285101,0.015259214863181119,0.005246303044259548
0709,RoboArm,2,1,0.2780105471611023,0.06859182693064214,0.05127191051840782,0.043032221719622614,0.03887527316808701,0.03484267666935919,0.0246084636077285,0.01651924401521683,0.0058006527833640575
0709,RoboArm,2,2,0.17757859826087952,0.0595357358083129,0.045971485599875454,0.04020611181855204,0.035384128391742715,0.03284375611692666,0.024346909858286386,0.01643304340541363,0.006525629665702581
0709,RoboArm,2,3,0.12551894783973694,0.06112271990627051,0.043112979903817183,0.037867339327931404,0.03495145604014397,0.03272722624242306,0.02308688629418612,0.01596137844026089,0.006978335790336132
0709,RoboArm,3,0,0.25708797574043274,0.07246654689311982,0.04980459809303284,0.04119188468903304,0.034737022221088425,0.03017752161249516,0.021461361646652223,0.01336855348199606,0.0044037336483597755
0709,RoboArm,3,1,0.13059580326080322,0.05465449269860985,0.04272317506372929,0.03600920908153058,0.03145178586244585,0.02830476276576518,0.021272956021130086,0.014510841295123108,0.004841655492782593
0709,RoboArm,3,2,0.0911942794919014,0.04467889025807381,0.03765277184545994,0.03326441943645478,0.02937234111130238,0.027280821837484825,0.02072656806558371,0.014456118643283845,0.005507366731762886
0709,RoboArm,3,3,0.07654354721307755,0.04106085363775492,0.03479695037007332,0.03190994691103698,0.02961025193333626,0.027389973308891043,0.019605182483792307,0.014010659232735636,0.005983683979138732
0714,RoboArm,1,0,0.2620622217655182,0.049258375279605394,0.037543077245354654,0.032136879861354835,0.028336616754531863,0.025585532933473574,0.017587168887257577,0.011459562182426455,0.005276210373267531
0714,RoboArm,1,1,0.07653224468231201,0.03734482228755951,0.030738151669502264,0.027398891821503644,0.02489323772490025,0.022986866813153015,0.017448192648589614,0.0116369741037488,0.005708934972062707
0714,RoboArm,1,2,0.05676489323377609,0.03344875454902649,0.02814531888812781,0.025436785705387592,0.023702389597892764,0.022242561820894464,0.016904856450855734,0.011568247713148596,0.005967513425275683
0714,RoboArm,1,3,0.04475627839565277,0.03226273588836193,0.02741101622581482,0.024221184868365532,0.022588730677962306,0.0211680769920349,0.016521151922643185,0.011462252214550973,0.006217718590050936
0714,RoboArm,2,0,0.18996278941631317,0.043440616093575954,0.03285859122872354,0.028122370876371865,0.024969474673271187,0.022142594866454587,0.014805938955396416,0.009979935362935066,0.00402794498950243
0714,RoboArm,2,1,0.06690913438796997,0.031805060580372815,0.02642199311405421,0.023404286149889243,0.021479260101914407,0.020103625766932955,0.015277864411473274,0.010382715798914437,0.004396890290081501
0714,RoboArm,2,2,0.048475030809640884,0.0283925648033619,0.023966797403991224,0.021681635547429322,0.02035977803170681,0.019234141893684862,0.01478608036413789,0.010278343968093396,0.0046110732946544886
0714,RoboArm,2,3,0.03696071356534958,0.027457218524068596,0.023156068846583368,0.02093734811991453,0.019516779258847237,0.01822772184386849,0.014316917583346368,0.010182957164943218,0.004845088813453913
0714,RoboArm,3,0,0.13013987243175507,0.03836747247725727,0.029826383739709854,0.025379425175487996,0.022196308076381684,0.02002340108156196,0.013359901215881114,0.00915553979575634,0.003447945462539792
0714,RoboArm,3,1,0.06463228166103363,0.028757726810872557,0.023648569248616698,0.02091498013585806,0.019243072569370273,0.01790571045130491,0.013821414019912482,0.009613042138516905,0.003757104161195457
0714,RoboArm,3,2,0.046009838581085205,0.025442495476454503,0.021655384674668314,0.01938935622572899,0.018206835091114044,0.01725087724626064,0.013414551038295032,0.009506958164274694,0.003947486402466893
0714,RoboArm,3,3,0.034099873155355453,0.024660249259322885,0.021032010056078437,0.018532168045639993,0.017625158056616786,0.016664985660463552,0.01301693031564355,0.009331863187253476,0.004170162603259087
0719,RoboArm,1,0,0.24837970733642578,0.04818592637777329,0.0378685423731804,0.032425118684768675,0.028810912743210796,0.02606865726411341,0.01845119930803777,0.012108454667031768,0.0062046165112406015
0719,RoboArm,1,1,0.07334346324205399,0.036644918918609624,0.03180162139236928,0.028135059066116814,0.02567151427268983,0.023602083977311845,0.017961564101278787,0.01200560722500086,0.0065815208945423365
0719,RoboArm,1,2,0.04507115110754967,0.032360381223261354,0.028413185663521297,0.02566518805921078,0.023854757845401763,0.022444534022361025,0.01768006309866905,0.011853812448680402,0.006758340168744326
0719,RoboArm,1,3,0.03603297472000122,0.029732850790023805,0.026603026874363424,0.02412111412733793,0.022642098218202594,0.021538658905774343,0.017284509912133216,0.011857257224619389,0.006962640909478068
0719,RoboArm,2,0,0.13885079324245453,0.04028410684317351,0.03238690443336964,0.027641722504049542,0.02465506009757519,0.022141956910490982,0.01563837267458439,0.010050057433545591,0.004626712528988719
0719,RoboArm,2,1,0.05172641947865486,0.02997437281534076,0.026401246376335622,0.02379185825586319,0.02207518853247166,0.020320874731987685,0.015319605078548197,0.01031305827200413,0.00493475329130888
0719,RoboArm,2,2,0.032905347645282745,0.025747719462960963,0.023271469175815587,0.02167130636051297,0.020488017424941062,0.01929544508457182,0.015007146634161474,0.010157042369246484,0.005112269660457969
0719,RoboArm,2,3,0.029601208865642548,0.023789111878722905,0.02155444458127022,0.02029705345630646,0.019201484322547917,0.018213007040321826,0.01465987293049693,0.010058487206697471,0.005313316592946649
0719,RoboArm,3,0,0.12842831015586853,0.035604086592793474,0.028816793188452722,0.024742806982249024,0.021913292184472084,0.01969579486176371,0.013857302628457557,0.009162171930074695,0.0038191399071365595
0719,RoboArm,3,1,0.046016350388526917,0.026675338242202997,0.023347133658826354,0.020859511494636537,0.018991822227835655,0.017941545136272892,0.013813912682235242,0.009504381753504277,0.0040954293217509985
0719,RoboArm,3,2,0.028804540634155273,0.022671260852366686,0.0204914889857173,0.01899276159703732,0.017840337827801707,0.016836625151336188,0.013523637130856515,0.009452947601675992,0.004253109218552709
0719,RoboArm,3,3,0.025671062991023064,0.020764773525297642,0.01863802831619978,0.017709055095911027,0.01693381033837795,0.016098073124885558,0.013112937659025194,0.009407424926757814,0.004434933187440038
0724,RoboArm,1,0,0.18896415829658508,0.075703581944108,0.05798432424664497,0.04802966501563787,0.04146445170044899,0.036872443743050064,0.02451526802033186,0.01609722152352333,0.0071153403259813786
0724,RoboArm,1,1,0.08677918463945389,0.054901067689061195,0.04559261046350002,0.03923210106790066,0.03518096968531609,0.03226607181131837,0.024502307362854484,0.017246736586093908,0.007746762363240123
0724,RoboArm,1,2,0.05867321044206619,0.04603468324989081,0.03820381440222264,0.03392682064324619,0.031498600393533714,0.0292985322885215,0.023715126141905792,0.01752159744501114,0.008490297012031078
0724,RoboArm,1,3,0.05117880180478096,0.040171751789748675,0.035181463286280634,0.03195617612451315,0.03001008398830891,0.02828996917232869,0.022515575960278516,0.017608122155070308,0.008959626778960228
0724,RoboArm,2,0,0.18112236261367798,0.0659189945459366,0.04979457058012487,0.040821600966155544,0.034773566573858265,0.030557156074792126,0.020784343406558048,0.013593851402401932,0.00575928739272058
0724,RoboArm,2,1,0.08497816324234009,0.04736268531531096,0.038923141583800315,0.03304755795747043,0.02918978802859785,0.02661179210990665,0.020409912988543513,0.01460996698588133,0.006269851699471474
0724,RoboArm,2,2,0.0545896552503109,0.040546379052102566,0.032652517035603526,0.028686606809496883,0.02651016719639302,0.02462498201057314,0.019930760189890862,0.014777469076216224,0.006888063391670585
0724,RoboArm,2,3,0.045095380395650864,0.03556899305433035,0.03111874401569367,0.028155600260943176,0.025711397603154183,0.023915248364210124,0.01878005303442479,0.014514407142996793,0.007306339452043176
0724,RoboArm,3,0,0.18112236261367798,0.06095559358596802,0.04409855134785176,0.035498051457107084,0.030456023365259176,0.02660315902903676,0.0187188770622015,0.012292900681495673,0.004896920174360275
0724,RoboArm,3,1,0.08341731131076813,0.04350160881876945,0.035477304011583326,0.029881173577159654,0.02631776906549931,0.024219842068850972,0.018209329620003708,0.013195539824664594,0.005534891504794359
0724,RoboArm,3,2,0.05089585483074188,0.037080382481217394,0.02984810493886471,0.025913980919867755,0.023853485286235813,0.022280104551464303,0.01792927011847496,0.01323158778250218,0.006118809571489692
0724,RoboArm,3,3,0.04154186695814133,0.03262235887348652,0.028327567130327226,0.025747787840664386,0.02314290978014469,0.02149498136714098,0.016956209763884546,0.013038215786218646,0.006508047226816416
0729,RoboArm,1,0,0.3078937232494354,0.040878282375633714,0.02834705945104362,0.022958337478339676,0.019529923051595687,0.018024585116654633,0.013396486267447471,0.008849406614899635,0.0042091545183211565
0729,RoboArm,1,1,0.13096371293067932,0.03167933311313391,0.025629412345588208,0.02173466987907887,0.01914504908025265,0.017877623252570602,0.01343569597229362,0.008536000549793244,0.004671818343922496
0729,RoboArm,1,2,0.07055706530809402,0.027974248807877303,0.022217500023543845,0.020054185371845962,0.01842143125832081,0.01712988717481493,0.013385271281003957,0.008942946419119835,0.004884259542450309
0729,RoboArm,1,3,0.049113526940345764,0.02771714232861996,0.021505906954407693,0.019214510433375836,0.017415732070803644,0.016415352746844285,0.013011901732534178,0.009006129205226898,0.005018745083361864
0729,RoboArm,2,0,0.28976958990097046,0.031544693410396576,0.022179430425167086,0.01812227899208665,0.016685565933585167,0.01619364507496357,0.010856798849999905,0.006741549167782074,0.0032144096912816167
0729,RoboArm,2,1,0.11844803392887115,0.025589850768446932,0.020183291733264924,0.01746203273534775,0.016482117101550103,0.015554946009069679,0.010872908029705287,0.006772181577980519,0.003583617741242051
0729,RoboArm,2,2,0.061895694583654404,0.022345230374485256,0.01782606299966574,0.016427197325974703,0.015613241121172907,0.01466341484338045,0.010849153622984886,0.007142183370888235,0.0037789541529491544
0729,RoboArm,2,3,0.04300448298454285,0.023191942423582076,0.016852675601840023,0.015537873003631833,0.014588832668960097,0.013790416996926066,0.010693706292659047,0.0071300229988992235,0.0038938329089432955
0729,RoboArm,3,0,0.25272539258003235,0.02745533863082528,0.01951600544154644,0.016626812517642975,0.016060108318924904,0.01496815960854292,0.01001379732042551,0.005795472767204047,0.002731004264205694
0729,RoboArm,3,1,0.10413723438978195,0.022330265175551176,0.01750155460089445,0.016329099219292403,0.01536447323858738,0.014063676074147224,0.009962590876966718,0.005829112883657217,0.0030334171606227756
0729,RoboArm,3,2,0.054788462817668915,0.019550718534737832,0.016259870640933514,0.015151381846517325,0.0139836997166276,0.013044140813872212,0.009938913863152269,0.006206745281815529,0.003181927604600787
0729,RoboArm,3,3,0.037607744336128235,0.01948307018727065,0.015449502225965263,0.013872124236077072,0.012969743013381958,0.012291754875332113,0.009762057010084394,0.006184668187052014,0.0033000437542796135
0734,RoboArm,1,0,0.3548479676246643,0.05103604458272458,0.03197088144719603,0.025315753370523452,0.021585630774498002,0.018769220635294907,0.012282542791217568,0.009301379323005676,0.004592500859871507
0734,RoboArm,1,1,0.16730688512325287,0.045681185871362696,0.03133489020168783,0.02372039211913945,0.019599780961871153,0.017597973719239185,0.012249461095780137,0.00910345632582903,0.004949163878336549
0734,RoboArm,1,2,0.08055820316076279,0.03993496857583523,0.029653524421155455,0.02272635353729129,0.01894953578710557,0.016032243520021434,0.012142722308635714,0.00930703952908516,0.005142231239005923
0734,RoboArm,1,3,0.05258357524871826,0.03459608010947705,0.02707684300839901,0.02244068810716272,0.018842872232198715,0.015908896550536147,0.0117981999181211,0.009337993897497655,0.005354291060939431
0734,RoboArm,2,0,0.33984309434890747,0.03702364686876535,0.024759550988674165,0.01958325454965234,0.016862216070294384,0.015204816265031675,0.010283077135682106,0.007456094212830068,0.0035389019176363945
0734,RoboArm,2,1,0.16126565635204315,0.03089360913261773,0.021526400856673726,0.01715631840750575,0.015126562118530279,0.013823619857430457,0.010346585419029001,0.007463183905929327,0.0038523911498486996
0734,RoboArm,2,2,0.07497967779636383,0.027345866747200492,0.02065331093966961,0.01586056070402265,0.013539717793464662,0.012595758633688076,0.010144292842596771,0.007793477829545744,0.004016315098851919
0734,RoboArm,2,3,0.04657979682087898,0.024252953846007584,0.018867489248514176,0.015628233319148435,0.013076754882931712,0.011997365253046151,0.009722650051116943,0.0077440829016268255,0.004186693578958511
0734,RoboArm,3,0,0.33984309434890747,0.031058169901371002,0.02151868540793659,0.017184758428484204,0.015113717578351504,0.013208572426810835,0.009494682773947716,0.006337933987379075,0.002982932375743985
0734,RoboArm,3,1,0.15683652460575104,0.02624350551515818,0.01802652332931758,0.014823843799531465,0.013226784467697147,0.012081235833466025,0.009494212549179794,0.006469964515417817,0.003304333542473614
0734,RoboArm,3,2,0.07063551247119904,0.02330146485939622,0.016665798276662827,0.013313082726672292,0.011933129914104943,0.011067457310855386,0.00931804133579135,0.006822880730032921,0.003447202267125249
0734,RoboArm,3,3,0.043294165283441544,0.02128068977966905,0.015733447559177875,0.012353159571066504,0.01123193308711052,0.010587844625115394,0.00908962469547987,0.006702820863574747,0.0036048651672899723
0739,RoboArm,1,0,0.192340686917305,0.05493362437933684,0.041951145976781845,0.0335475878790021,0.02811683528125286,0.024614953901618705,0.017765848524868493,0.011558743566274652,0.005199716426432133
0739,RoboArm,1,1,0.09037976711988449,0.04269800938665867,0.03471292100846768,0.029211144950240856,0.02603472895920277,0.023625033162534222,0.01765966769307852,0.01141295842826367,0.005699812900274992
0739,RoboArm,1,2,0.05270174890756607,0.036061073057353496,0.03144802756607532,0.027237318847328426,0.02473215937614441,0.022472665365785342,0.01681980919092894,0.011296347714960577,0.005919697694480419
0739,RoboArm,1,3,0.03917810320854187,0.031897309422492984,0.02941808678209782,0.027121365126222378,0.024978769049048423,0.023013773281127147,0.01577411126345397,0.011200040951371193,0.006117025390267372
0739,RoboArm,2,0,0.18143782019615173,0.0507960891351104,0.03678618982434275,0.02856265809386969,0.024424510523676883,0.021633125841617584,0.015898048877716064,0.008915810659527785,0.003977174870669842
0739,RoboArm,2,1,0.07940837740898132,0.03734605096280575,0.03060092713683844,0.025838936585932972,0.02286426879465581,0.02074010847136375,0.015687809325754642,0.009441057778894904,0.004300697008147836
0739,RoboArm,2,2,0.04801460728049278,0.031633020192384724,0.027713776081800465,0.02423305545002222,0.021671127527952194,0.02017017342150211,0.015139549411833287,0.009445711411535742,0.004530222853645682
0739,RoboArm,2,3,0.03580848127603531,0.028303064350038768,0.025943556465208534,0.023983701262623072,0.022241510674357413,0.020253130886703705,0.013865012768656017,0.009293913654983053,0.0047224832233041525
0739,RoboArm,3,0,0.1560155600309372,0.04545072332024575,0.0330950676649809,0.02633815867826343,0.02258140586316587,0.02011694759130478,0.014964661560952663,0.007720862049609424,0.0033738441998139024
0739,RoboArm,3,1,0.07441307604312897,0.03424746956676245,0.027745257578790188,0.02401030501350761,0.021109501421451574,0.019499187916517245,0.014649169612675907,0.00841248165816069,0.003649104735814035
0739,RoboArm,3,2,0.04594498872756958,0.028852942567318678,0.025538947880268097,0.02243556842207909,0.020206777229905132,0.018839248456060876,0.01389375198632479,0.0084865277633071,0.0038832247955724597
0739,RoboArm,3,3,0.034383080899715424,0.025961166694760323,0.023790157176554205,0.022128136958926917,0.020642540231347085,0.01875220211222762,0.012757604848593474,0.008346918411552908,0.004059048602357507
0744,RoboArm,1,0,0.2205229103565216,0.03141639575362208,0.024511557519435897,0.020805464647710326,0.01819177202880383,0.016651971079409106,0.011746288090944293,0.008417531661689282,0.00478578545153141
0744,RoboArm,1,1,0.07786211371421814,0.02413980392739177,0.019185097850859166,0.017053496651351453,0.015887193605303766,0.014706569211557505,0.011112973839044573,0.00811073109507561,0.00515457009896636
0744,RoboArm,1,2,0.04581593722105026,0.021467185076326136,0.016505993828177454,0.015117633109912277,0.014147773943841457,0.01342805391177535,0.010732774809002877,0.008102240227162837,0.005323898512870073
0744,RoboArm,1,3,0.03528409078717232,0.021092598475515843,0.01508438475430012,0.013882703771814706,0.013137187138199807,0.012554355710744857,0.01027893042191863,0.008031456731259825,0.005445875460281968
0744,RoboArm,2,0,0.13840626180171967,0.02609493959695101,0.019712297655642034,0.01691972417756915,0.014728022255003454,0.013248125417157995,0.009195929393172264,0.007179108355194333,0.0036053830990567803
0744,RoboArm,2,1,0.047310858964920044,0.018384055811911822,0.015628501921892166,0.014096140880137685,0.012930074855685234,0.011979798041284084,0.008870658464729788,0.007021762803196909,0.003921056864783168
0744,RoboArm,2,2,0.03263233229517937,0.015499904602766039,0.01311206152662635,0.012211922062560917,0.011478112377226353,0.01086242659948766,0.008756858576089148,0.007024206779897215,0.004058924270793796
0744,RoboArm,2,3,0.025258604437112808,0.014291838994249703,0.01197103725746274,0.011197682656347753,0.01065003238618374,0.010129245789721601,0.008490353170782337,0.006904903333634139,0.004183249780908227
0744,RoboArm,3,0,0.13840626180171967,0.0224087455868721,0.017801682092249395,0.01487224042415619,0.012875839546322826,0.011428222106769659,0.008239834569394588,0.0063185001723468324,0.003027249942533672
0744,RoboArm,3,1,0.040577229112386703,0.01595165943726897,0.01364802073687315,0.012389445798471574,0.011311488784849643,0.010446672001853584,0.008047330658882858,0.006202325038611889,0.003311314038001001
0744,RoboArm,3,2,0.02524310164153576,0.01310861011967063,0.011645749229937791,0.010755630005151035,0.010132493153214456,0.009605368087068196,0.007876453455537558,0.00623112376779318,0.003439381835050881
0744,RoboArm,3,3,0.019804874435067177,0.01169122106395662,0.010669222697615624,0.00999291930347681,0.009407701417803765,0.008938045566901559,0.007680690335109833,0.006124072149395943,0.0035455477191135287
0749,RoboArm,1,0,0.17191863059997559,0.033264533355832106,0.024892939664423467,0.02093098683282734,0.01826261855661869,0.0158211875706911,0.011086019221693277,0.007807131577283145,0.004271549638360739
0749,RoboArm,1,1,0.05389031767845154,0.02482135130092502,0.020149084590375427,0.017645043320953853,0.01594623014330864,0.01457869438454508,0.010854443162679675,0.007537667173892264,0.004627828253433108
0749,RoboArm,1,2,0.030734403058886528,0.021867811568081378,0.01767202828079462,0.01575751610100269,0.014380136802792551,0.013431443274021125,0.01044189976528287,0.007683746609836817,0.004823719616979361
0749,RoboArm,1,3,0.024692174047231674,0.01948966367170215,0.016072490140795707,0.014555580615997316,0.013623567409813405,0.01289807944558559,0.01007048198953271,0.007669149991124871,0.004971479531377554
0749,RoboArm,2,0,0.1427193284034729,0.027999198753386752,0.0213625404983759,0.01817835010588169,0.015050334855914116,0.013220917992293833,0.009162321873009206,0.00655429344624281,0.003328040475025773
0749,RoboArm,2,1,0.0473351925611496,0.020504681877791885,0.017099337093532088,0.015191037487238646,0.01367008894681931,0.012414320837706319,0.009286582190543418,0.00650680921971798,0.003637757385149598
0749,RoboArm,2,2,0.024970881640911102,0.017193857785314324,0.014672973081469537,0.013375640148296956,0.012273294031620027,0.011501422710716724,0.009056907892227175,0.006721209362149241,0.0038110270397737622
0749,RoboArm,2,3,0.019635748118162155,0.015081734806299209,0.013178290668874982,0.01219902372919023,0.011522790230810643,0.010978631675243369,0.008811119571328165,0.0066467606462538254,0.003912829793989658
0749,RoboArm,3,0,0.1316165328025818,0.025179647449404003,0.019165527634322645,0.015677871629595757,0.013284408971667301,0.011783190490677936,0.008438422344624996,0.00575763499364257,0.0028370043728500605
0749,RoboArm,3,1,0.04408908635377884,0.017938681729137897,0.015082635805010796,0.01327581347897649,0.012078186422586444,0.011230701394379138,0.008473652228713036,0.005737331975251437,0.0031083828071132302
0749,RoboArm,3,2,0.02211986482143402,0.014927413193508982,0.013064614422619344,0.011808633524924518,0.011018707416951658,0.010504081239923834,0.008357640821486713,0.005908065754920244,0.00326952978502959
0749,RoboArm,3,3,0.016438758000731468,0.013198177265003323,0.0117940610088408,0.010985801508650184,0.010466925166547299,0.010081413248553871,0.00806256588548422,0.00582802789285779,0.0033658472821116447
0754,RoboArm,1,0,0.27645143866539,0.08105646118521691,0.05982000887393953,0.043899713754653936,0.034821747243404415,0.030208096932619798,0.018268650583922873,0.011588000506162651,0.005358156515285373
0754,RoboArm,1,1,0.10589616745710373,0.05680307433009148,0.046327465921640394,0.03996377393603325,0.03507254317402841,0.030895124748349097,0.02042151652276516,0.012659013643860817,0.005617857212200761
0754,RoboArm,1,2,0.06572186946868896,0.04234443653374911,0.037991294637322426,0.03489673469215632,0.03252622097730637,0.030404824204742897,0.020986789278686056,0.013457265682518487,0.005903843557462096
0754,RoboArm,1,3,0.050588902086019516,0.03556864626705647,0.032990680038928986,0.030865106750279668,0.029443785920739176,0.028332263045012948,0.02218904402107001,0.013830198906362064,0.006141493562608957
0754,RoboArm,2,0,0.25036394596099854,0.06628785908222198,0.04344401232898237,0.03343311868607999,0.027958925738930725,0.02385866986587643,0.01490750377997756,0.009242601133883003,0.004092358518391848
0754,RoboArm,2,1,0.08868798613548279,0.044248178638517856,0.03628068342804909,0.030690346285700804,0.026734530180692676,0.023879995103925467,0.016398301720619204,0.01033688616007567,0.004398249089717865
0754,RoboArm,2,2,0.04724394157528877,0.03294559054076671,0.029897116497159006,0.027719233520328998,0.025641646385192878,0.02357542933896182,0.016505665890872483,0.010856869071722031,0.004615753656253219
0754,RoboArm,2,3,0.0366593599319458,0.02788036946207285,0.025808489248156548,0.02470611318945885,0.023616662472486498,0.022618835326284153,0.016446217522025113,0.011112108081579211,0.0048264130018651485
0754,RoboArm,3,0,0.2049870789051056,0.05654350124299527,0.03679190829396249,0.02944359160959721,0.023876583203673363,0.020530929975211602,0.013155870139598846,0.008153315447270874,0.003450550022535026
0754,RoboArm,3,1,0.07701428979635239,0.03881479986011982,0.031625508144497876,0.02703167473897338,0.0232488738745451,0.020700693503022175,0.014219007827341557,0.008978016115725043,0.003712090547196567
0754,RoboArm,3,2,0.04092266038060188,0.029127780534327036,0.02646038543432951,0.024379516933113337,0.02249371483922005,0.020617758389562348,0.014271311275660994,0.009474930167198184,0.003909427206963301
0754,RoboArm,3,3,0.03225494921207428,0.02465547263622284,0.022973946146667003,0.02182013472542167,0.020862394720315935,0.019767530448734756,0.013721403479576117,0.00968760643154383,0.004086703062057495
